Time, pos_a, pos_ref, vel_a, vel_ref, accel_a, accel_ref
1,0.019531,0.007143,0.009998,-0.007433,-0.045898,-0.020918
2,0.019531,0.014286,0.009998,-0.003147,0.024414,-0.015775
3,0.019531,0.021428,0.009998,0.001138,-0.083984,-0.010632
4,0.019531,0.028571,0.009998,0.005424,0.080078,-0.005489
5,0.019531,0.035713,0.009998,0.009709,-0.030273,-0.000347
6,0.019531,0.042856,0.009998,0.013995,-0.048828,0.004796
7,0.019531,0.049998,0.009998,0.018280,-0.124023,0.009938
8,0.019531,0.057139,0.009998,0.022565,-0.013672,0.015080
9,0.019531,0.064281,0.009998,0.026850,0.030273,0.020222
10,0.019531,0.071422,0.009998,0.031134,-0.006836,0.025363
11,0.019531,0.078562,0.009998,0.035419,-0.056641,0.030504
12,0.019531,0.085703,0.009998,0.039703,-0.016602,0.035645
13,0.019531,0.092842,0.009998,0.043987,-0.025391,0.040786
14,0.019531,0.099981,0.009998,0.048270,0.008789,0.045926
15,0.019531,0.107120,0.009998,0.052553,0.040039,0.051066
16,0.019531,0.114258,0.009998,0.056836,-0.042969,0.056205
17,0.019531,0.121395,0.009998,0.061119,-0.075195,0.061344
18,0.019531,0.128532,0.009998,0.065401,0.051758,0.066483
19,0.019531,0.135668,0.009998,0.069682,0.068359,0.071620
20,0.019531,0.142803,0.009998,0.073963,-0.027344,0.076758
21,0.019531,0.149938,0.009998,0.078244,0.059570,0.081895
22,0.019531,0.157071,0.009998,0.082524,0.040039,0.087031
23,0.019531,0.164204,0.009998,0.086803,0.067383,0.092166
24,0.019531,0.171335,0.009998,0.091082,0.083008,0.097301
25,0.019531,0.178466,0.009998,0.095361,0.019531,0.102435
26,0.019531,0.185596,0.009998,0.099639,0.028320,0.107568
27,0.019531,0.192724,0.009998,0.103916,0.109375,0.112701
28,0.019531,0.199852,0.009998,0.108192,0.084961,0.117833
29,0.019531,0.206978,0.009998,0.112468,0.019531,0.122964
30,0.019531,0.214104,0.009998,0.116743,0.042969,0.128094
31,0.019531,0.221228,0.009998,0.121018,0.010742,0.133223
32,0.019531,0.228350,0.009998,0.125291,0.159180,0.138352
33,0.019531,0.235472,0.009998,0.129564,0.003906,0.143479
34,0.019531,0.242592,0.009998,0.133836,0.076172,0.148606
35,0.019531,0.249711,0.009998,0.138108,0.040039,0.153731
36,0.019531,0.256828,0.009998,0.142378,0.151367,0.158856
37,0.019531,0.263944,0.009998,0.146648,0.200195,0.163979
38,0.019531,0.271058,0.009998,0.150916,0.094727,0.169102
39,0.019531,0.278171,0.009998,0.155184,0.044922,0.174223
40,0.019531,0.285283,0.009998,0.159451,0.121094,0.179343
41,0.019531,0.292392,0.009998,0.163717,0.008789,0.184462
42,0.019531,0.299500,0.009998,0.167981,0.082031,0.189580
43,0.019531,0.306607,0.009998,0.172245,0.131836,0.194696
44,0.019531,0.313711,0.009998,0.176508,-0.029297,0.199812
45,0.019531,0.320814,0.009998,0.180770,0.096680,0.204926
46,0.019531,0.327915,0.009998,0.185030,0.035156,0.210038
47,0.019531,0.335014,0.009998,0.189290,0.083984,0.215150
48,0.019531,0.342111,0.009998,0.193548,0.114258,0.220260
49,0.019531,0.349207,0.009998,0.197805,0.110352,0.225368
50,0.027344,0.356300,0.019999,0.197374,0.243164,0.212850
51,0.027344,0.363391,0.019999,0.201628,0.080078,0.217956
52,0.027344,0.370480,0.019999,0.205882,0.224609,0.223060
53,0.027344,0.377567,0.019999,0.210134,0.097656,0.228163
54,0.027344,0.384652,0.019999,0.214385,0.130859,0.233264
55,0.027344,0.391735,0.019999,0.218635,0.125977,0.238364
56,0.027344,0.398816,0.019999,0.222883,0.124023,0.243462
57,0.027344,0.405894,0.019999,0.227130,0.150391,0.248558
58,0.027344,0.412970,0.019999,0.231376,0.292969,0.253653
59,0.027344,0.420044,0.019999,0.235620,0.193359,0.258746
60,0.027344,0.427115,0.019999,0.239863,0.141602,0.263837
61,0.027344,0.434184,0.019999,0.244104,0.213867,0.268927
62,0.027344,0.441251,0.019999,0.248344,0.202148,0.274015
63,0.027344,0.448314,0.019999,0.252582,0.173828,0.279101
64,0.027344,0.455376,0.019999,0.256819,0.167969,0.284185
65,0.027344,0.462435,0.019999,0.261054,0.258789,0.289267
66,0.027344,0.469491,0.019999,0.265288,0.155273,0.294348
67,0.027344,0.476544,0.019999,0.269520,0.233398,0.299426
68,0.027344,0.483595,0.019999,0.273751,0.179688,0.304503
69,0.027344,0.490643,0.019999,0.277980,0.189453,0.309577
70,0.027344,0.497688,0.019999,0.282207,0.219727,0.314650
71,0.027344,0.504731,0.019999,0.286432,0.177734,0.319721
72,0.027344,0.511770,0.019999,0.290656,0.160156,0.324789
73,0.027344,0.518807,0.019999,0.294878,0.291992,0.329855
74,0.027344,0.525841,0.019999,0.299098,0.318359,0.334920
75,0.027344,0.532872,0.029999,0.303317,0.256836,0.327982
76,0.027344,0.539899,0.029999,0.307533,0.195312,0.333042
77,0.027344,0.546924,0.029999,0.311748,0.173828,0.338099
78,0.027344,0.553946,0.029999,0.315961,0.194336,0.343155
79,0.027344,0.560964,0.029999,0.320172,0.241211,0.348208
80,0.027344,0.567979,0.029999,0.324381,0.155273,0.353259
81,0.027344,0.574992,0.029999,0.328589,0.200195,0.358308
82,0.027344,0.582000,0.029999,0.332794,0.233398,0.363354
83,0.027344,0.589006,0.029999,0.336997,0.247070,0.368398
84,0.027344,0.596008,0.029999,0.341199,0.273438,0.373440
85,0.027344,0.603007,0.029999,0.345398,0.318359,0.378479
86,0.027344,0.610002,0.029999,0.349595,0.192383,0.383516
87,0.027344,0.616994,0.029999,0.353790,0.147461,0.388550
88,0.027344,0.623982,0.029999,0.357983,0.071289,0.393581
89,0.027344,0.630967,0.029999,0.362174,0.141602,0.398610
90,0.027344,0.637949,0.029999,0.366363,0.255859,0.403637
91,0.027344,0.644926,0.029999,0.370550,0.255859,0.408661
92,0.027344,0.651900,0.029999,0.374734,0.319336,0.413682
93,0.027344,0.658871,0.029999,0.378916,0.210938,0.418701
94,0.027344,0.665837,0.029999,0.383096,0.320312,0.423717
95,0.027344,0.672800,0.029999,0.387274,0.263672,0.428730
96,0.027344,0.679759,0.029999,0.391449,0.291992,0.433740
97,0.027344,0.686714,0.029999,0.395622,0.296875,0.438748
98,0.027344,0.693665,0.029999,0.399793,0.226562,0.443753
99,0.027344,0.700613,0.029999,0.403961,0.245117,0.448755
100,0.027344,0.707556,0.029999,0.408127,0.314453,0.453754
101,0.027344,0.714495,0.059999,0.412291,0.266602,0.422750
102,0.027344,0.721431,0.059999,0.416452,0.322266,0.427743
103,0.027344,0.728362,0.059999,0.420611,0.337891,0.432734
104,0.027344,0.735289,0.059999,0.424767,0.284180,0.437721
105,0.027344,0.742212,0.059999,0.428921,0.225586,0.442706
106,0.027344,0.749131,0.059999,0.433072,0.376953,0.447687
107,0.027344,0.756045,0.059999,0.437221,0.241211,0.452666
108,0.027344,0.762955,0.059999,0.441367,0.332031,0.457641
109,0.027344,0.769861,0.059999,0.445510,0.376953,0.462613
110,0.027344,0.776763,0.059999,0.449651,0.417969,0.467582
111,0.027344,0.783660,0.059999,0.453790,0.253906,0.472548
112,0.027344,0.790552,0.059999,0.457925,0.345703,0.477511
113,0.027344,0.797440,0.059999,0.462058,0.353516,0.482470
114,0.027344,0.804324,0.059999,0.466188,0.279297,0.487426
115,0.027344,0.811203,0.059999,0.470316,0.274414,0.492379
116,0.027344,0.818078,0.059999,0.474440,0.306641,0.497329
117,0.027344,0.824947,0.059999,0.478562,0.275391,0.502275
118,0.027344,0.831813,0.059999,0.482681,0.412109,0.507218
119,0.027344,0.838673,0.059999,0.486797,0.341797,0.512158
120,0.027344,0.845529,0.059999,0.490911,0.395508,0.517094
121,0.027344,0.852379,0.059999,0.495021,0.382812,0.522026
122,0.027344,0.859226,0.059999,0.499129,0.293945,0.526956
123,0.027344,0.866067,0.059999,0.503234,0.367188,0.531881
124,0.027344,0.872903,0.059999,0.507336,0.373047,0.536803
125,0.027344,0.879734,0.059999,0.511434,0.277344,0.541722
126,0.027344,0.886561,0.059999,0.515530,0.382812,0.546637
127,0.039062,0.893382,0.089998,0.512592,0.319336,0.507112
128,0.039062,0.900198,0.089998,0.516681,0.394531,0.512020
129,0.039062,0.907009,0.089998,0.520768,0.302734,0.516924
130,0.039062,0.913815,0.089998,0.524852,0.309570,0.521824
131,0.039062,0.920616,0.089998,0.528932,0.414062,0.526721
132,0.039062,0.927412,0.089998,0.533010,0.441406,0.531614
133,0.039062,0.934202,0.089998,0.537084,0.366211,0.536503
134,0.039062,0.940987,0.089998,0.541155,0.414062,0.541388
135,0.039062,0.947767,0.089998,0.545223,0.374023,0.546269
136,0.039062,0.954541,0.089998,0.549287,0.333008,0.551147
137,0.039062,0.961310,0.089998,0.553349,0.381836,0.556020
138,0.039062,0.968074,0.089998,0.557407,0.369141,0.560890
139,0.039062,0.974832,0.089998,0.561461,0.365234,0.565756
140,0.039062,0.981584,0.089998,0.565513,0.384766,0.570618
141,0.039062,0.988331,0.089998,0.569561,0.375000,0.575475
142,0.039062,0.995072,0.089998,0.573606,0.325195,0.580329
143,0.039062,1.001808,0.089998,0.577647,0.309570,0.585179
144,0.039062,1.008538,0.089998,0.581685,0.382812,0.590024
145,0.039062,1.015262,0.089998,0.585720,0.378906,0.594866
146,0.039062,1.021981,0.089998,0.589751,0.320312,0.599703
147,0.039062,1.028693,0.089998,0.593779,0.291992,0.604536
148,0.039062,1.035400,0.089998,0.597803,0.366211,0.609365
149,0.039062,1.042101,0.089998,0.601823,0.383789,0.614190
150,0.039062,1.048796,0.089998,0.605840,0.432617,0.619011
151,0.039062,1.055485,0.089998,0.609854,0.380859,0.623827
152,0.058594,1.062169,0.129999,0.602145,0.468750,0.566575
153,0.058594,1.068846,0.129999,0.606151,0.405273,0.571383
154,0.058594,1.075517,0.129999,0.610154,0.493164,0.576186
155,0.058594,1.082182,0.129999,0.614153,0.475586,0.580985
156,0.058594,1.088841,0.129999,0.618148,0.545898,0.585779
157,0.058594,1.095494,0.129999,0.622140,0.414062,0.590569
158,0.058594,1.102140,0.129999,0.626128,0.454102,0.595354
159,0.058594,1.108780,0.129999,0.630112,0.390625,0.600135
160,0.058594,1.115414,0.129999,0.634092,0.475586,0.604912
161,0.058594,1.122042,0.129999,0.638069,0.375977,0.609684
162,0.058594,1.128663,0.129999,0.642042,0.406250,0.614451
163,0.058594,1.135278,0.129999,0.646011,0.460938,0.619214
164,0.058594,1.141886,0.129999,0.649976,0.400391,0.623972
165,0.058594,1.148488,0.129999,0.653937,0.439453,0.628725
166,0.058594,1.155084,0.129999,0.657894,0.631836,0.633474
167,0.058594,1.161673,0.129999,0.661847,0.559570,0.638218
168,0.058594,1.168255,0.129999,0.665797,0.435547,0.642957
169,0.058594,1.174831,0.129999,0.669742,0.478516,0.647692
170,0.058594,1.181400,0.129999,0.673684,0.516602,0.652421
171,0.058594,1.187962,0.129999,0.677621,0.440430,0.657146
172,0.058594,1.194518,0.129999,0.681554,0.458008,0.661866
173,0.058594,1.201066,0.129999,0.685484,0.466797,0.666581
174,0.058594,1.207609,0.129999,0.689409,0.505859,0.671292
175,0.058594,1.214144,0.129999,0.693330,0.439453,0.675997
176,0.058594,1.220672,0.129999,0.697247,0.526367,0.680697
177,0.058594,1.227193,0.129999,0.701160,0.421875,0.685393
178,0.066406,1.233708,0.179998,0.700381,0.514648,0.624459
179,0.066406,1.240215,0.179998,0.704285,0.376953,0.629144
180,0.066406,1.246716,0.179998,0.708186,0.476562,0.633825
181,0.066406,1.253209,0.179998,0.712082,0.458984,0.638500
182,0.066406,1.259695,0.179998,0.715973,0.458008,0.643170
183,0.066406,1.266174,0.179998,0.719861,0.413086,0.647835
184,0.066406,1.272646,0.179998,0.723744,0.448242,0.652495
185,0.066406,1.279111,0.179998,0.727623,0.506836,0.657149
186,0.066406,1.285568,0.179998,0.731497,0.451172,0.661799
187,0.066406,1.292018,0.179998,0.735367,0.558594,0.666443
188,0.066406,1.298461,0.179998,0.739233,0.453125,0.671082
189,0.066406,1.304897,0.179998,0.743094,0.430664,0.675715
190,0.066406,1.311325,0.179998,0.746951,0.531250,0.680343
191,0.066406,1.317745,0.179998,0.750803,0.504883,0.684966
192,0.066406,1.324158,0.179998,0.754651,0.463867,0.689584
193,0.066406,1.330564,0.179998,0.758495,0.463867,0.694196
194,0.066406,1.336962,0.179998,0.762334,0.488281,0.698802
195,0.066406,1.343353,0.179998,0.766168,0.446289,0.703403
196,0.066406,1.349736,0.179998,0.769998,0.579102,0.707999
197,0.066406,1.356111,0.179998,0.773823,0.498047,0.712589
198,0.066406,1.362478,0.179998,0.777643,0.611328,0.717174
199,0.066406,1.368838,0.179998,0.781459,0.358398,0.721753
200,0.066406,1.375190,0.179998,0.785271,0.528320,0.726327
201,0.066406,1.381535,0.179998,0.789077,0.553711,0.730894
202,0.066406,1.387871,0.179998,0.792879,0.520508,0.735457
203,0.097656,1.394200,0.240000,0.777926,0.438477,0.645512
204,0.097656,1.400520,0.240000,0.781719,0.490234,0.650063
205,0.097656,1.406833,0.240000,0.785506,0.541992,0.654608
206,0.097656,1.413138,0.240000,0.789289,0.501953,0.659147
207,0.097656,1.419435,0.240000,0.793067,0.469727,0.663681
208,0.097656,1.425723,0.240000,0.796840,0.536133,0.668209
209,0.097656,1.432004,0.240000,0.800609,0.538086,0.672731
210,0.097656,1.438277,0.240000,0.804372,0.511719,0.677247
211,0.097656,1.444541,0.240000,0.808131,0.508789,0.681757
212,0.097656,1.450797,0.240000,0.811885,0.531250,0.686262
213,0.097656,1.457045,0.240000,0.815633,0.516602,0.690760
214,0.097656,1.463285,0.240000,0.819377,0.534180,0.695253
215,0.097656,1.469516,0.240000,0.823116,0.575195,0.699740
216,0.097656,1.475739,0.240000,0.826850,0.520508,0.704220
217,0.097656,1.481954,0.240000,0.830579,0.507812,0.708695
218,0.097656,1.488160,0.240000,0.834302,0.533203,0.713163
219,0.097656,1.494358,0.240000,0.838021,0.561523,0.717626
220,0.097656,1.500548,0.240000,0.841735,0.568359,0.722082
221,0.097656,1.506728,0.240000,0.845443,0.451172,0.726532
222,0.097656,1.512901,0.240000,0.849147,0.486328,0.730976
223,0.097656,1.519065,0.240000,0.852845,0.450195,0.735414
224,0.097656,1.525220,0.240000,0.856538,0.577148,0.739846
225,0.097656,1.531366,0.240000,0.860226,0.532227,0.744271
226,0.097656,1.537504,0.240000,0.863909,0.432617,0.748691
227,0.097656,1.543633,0.240000,0.867586,0.474609,0.753104
228,0.097656,1.549754,0.240000,0.871258,0.471680,0.757510
229,0.117188,1.555865,0.299999,0.863207,0.488281,0.675849
230,0.117188,1.561968,0.299999,0.866868,0.432617,0.680243
231,0.117188,1.568062,0.299999,0.870525,0.433594,0.684631
232,0.117188,1.574147,0.299999,0.874176,0.468750,0.689012
233,0.117188,1.580223,0.299999,0.877821,0.566406,0.693386
234,0.117188,1.586290,0.299999,0.881461,0.548828,0.697755
235,0.117188,1.592348,0.299999,0.885096,0.485352,0.702117
236,0.117188,1.598397,0.299999,0.888726,0.492188,0.706472
237,0.117188,1.604437,0.299999,0.892350,0.545898,0.710821
238,0.117188,1.610468,0.299999,0.895968,0.571289,0.715163
239,0.117188,1.616490,0.299999,0.899581,0.451172,0.719499
240,0.117188,1.622503,0.299999,0.903189,0.545898,0.723828
241,0.117188,1.628506,0.299999,0.906791,0.592773,0.728150
242,0.117188,1.634500,0.299999,0.910388,0.588867,0.732466
243,0.117188,1.640485,0.299999,0.913979,0.517578,0.736775
244,0.117188,1.646461,0.299999,0.917564,0.500000,0.741078
245,0.117188,1.652427,0.299999,0.921144,0.526367,0.745374
246,0.117188,1.658384,0.299999,0.924718,0.494141,0.749663
247,0.117188,1.664332,0.299999,0.928287,0.522461,0.753945
248,0.117188,1.670270,0.299999,0.931850,0.558594,0.758220
249,0.117188,1.676199,0.299999,0.935407,0.501953,0.762489
250,0.117188,1.682118,0.299999,0.938958,0.442383,0.766751
251,0.117188,1.688027,0.299999,0.942504,0.504883,0.771006
252,0.117188,1.693928,0.299999,0.946044,0.559570,0.775254
253,0.117188,1.699818,0.299999,0.949578,0.477539,0.779495
254,0.117188,1.705699,0.299999,0.953107,0.523438,0.783729
255,0.156250,1.711570,0.349998,0.933192,0.617188,0.699832
256,0.156250,1.717431,0.349998,0.936709,0.457031,0.704052
257,0.156250,1.723283,0.349998,0.940220,0.533203,0.708266
258,0.156250,1.729125,0.349998,0.943725,0.466797,0.712472
259,0.156250,1.734957,0.349998,0.947224,0.644531,0.716671
260,0.156250,1.740779,0.349998,0.950718,0.619141,0.720863
261,0.156250,1.746592,0.349998,0.954205,0.520508,0.725048
262,0.156250,1.752394,0.349998,0.957687,0.646484,0.729226
263,0.156250,1.758187,0.349998,0.961162,0.506836,0.733397
264,0.156250,1.763970,0.349998,0.964632,0.616211,0.737560
265,0.156250,1.769742,0.349998,0.968095,0.524414,0.741716
266,0.156250,1.775505,0.349998,0.971553,0.546875,0.745865
267,0.156250,1.781257,0.349998,0.975004,0.563477,0.750007
268,0.156250,1.787000,0.349998,0.978450,0.606445,0.754142
269,0.156250,1.792732,0.349998,0.981889,0.493164,0.758269
270,0.156250,1.798454,0.349998,0.985322,0.537109,0.762389
271,0.156250,1.804166,0.349998,0.988750,0.549805,0.766501
272,0.156250,1.809868,0.349998,0.992171,0.582031,0.770607
273,0.156250,1.815559,0.349998,0.995586,0.636719,0.774704
274,0.156250,1.821240,0.349998,0.998994,0.621094,0.778795
275,0.156250,1.826911,0.349998,1.002397,0.537109,0.782878
276,0.156250,1.832572,0.349998,1.005793,0.550781,0.786954
277,0.156250,1.838222,0.349998,1.009183,0.486328,0.791022
278,0.156250,1.843862,0.349998,1.012567,0.473633,0.795082
279,0.156250,1.849491,0.349998,1.015944,0.513672,0.799135
280,0.187500,1.855109,0.419998,1.000566,0.535156,0.696681
281,0.187500,1.860718,0.419998,1.003931,0.446289,0.700719
282,0.187500,1.866315,0.419998,1.007289,0.507812,0.704749
283,0.187500,1.871902,0.419998,1.010642,0.607422,0.708772
284,0.187500,1.877479,0.419998,1.013987,0.478516,0.712787
285,0.187500,1.883045,0.419998,1.017327,0.586914,0.716794
286,0.187500,1.888600,0.419998,1.020660,0.505859,0.720794
287,0.187500,1.894144,0.419998,1.023987,0.547852,0.724786
288,0.187500,1.899678,0.419998,1.027307,0.438477,0.728770
289,0.187500,1.905201,0.419998,1.030621,0.583008,0.732747
290,0.187500,1.910713,0.419998,1.033928,0.513672,0.736716
291,0.187500,1.916214,0.419998,1.037229,0.450195,0.740677
292,0.187500,1.921705,0.419998,1.040523,0.508789,0.744630
293,0.187500,1.927184,0.419998,1.043811,0.502930,0.748575
294,0.187500,1.932653,0.419998,1.047092,0.569336,0.752512
295,0.187500,1.938111,0.419998,1.050367,0.579102,0.756442
296,0.187500,1.943558,0.419998,1.053635,0.535156,0.760364
297,0.187500,1.948993,0.419998,1.056896,0.581055,0.764277
298,0.187500,1.954418,0.419998,1.060151,0.564453,0.768183
299,0.187500,1.959831,0.419998,1.063399,0.599609,0.772081
300,0.187500,1.965234,0.419998,1.066640,0.571289,0.775971
301,0.187500,1.970625,0.419998,1.069875,0.553711,0.779852
302,0.187500,1.976005,0.419998,1.073103,0.646484,0.783726
303,0.187500,1.981374,0.419998,1.076324,0.550781,0.787592
304,0.187500,1.986732,0.419998,1.079539,0.615234,0.791449
305,0.187500,1.992078,0.419998,1.082747,0.510742,0.795298
306,0.238281,1.997413,0.480000,1.055479,0.578125,0.690576
307,0.238281,2.002737,0.480000,1.058674,0.670898,0.694409
308,0.238281,2.008049,0.480000,1.061861,0.598633,0.698234
309,0.238281,2.013350,0.480000,1.065042,0.570312,0.702050
310,0.238281,2.018640,0.480000,1.068215,0.643555,0.705859
311,0.238281,2.023918,0.480000,1.071382,0.552734,0.709659
312,0.238281,2.029185,0.480000,1.074543,0.582031,0.713452
313,0.238281,2.034440,0.480000,1.077695,0.595703,0.717235
314,0.238281,2.039684,0.480000,1.080842,0.536133,0.721011
315,0.238281,2.044916,0.480000,1.083981,0.554688,0.724778
316,0.238281,2.050137,0.480000,1.087113,0.515625,0.728537
317,0.238281,2.055346,0.480000,1.090239,0.558594,0.732287
318,0.238281,2.060543,0.480000,1.093357,0.444336,0.736029
319,0.238281,2.065729,0.480000,1.096468,0.584961,0.739763
320,0.238281,2.070902,0.480000,1.099573,0.573242,0.743488
321,0.238281,2.076065,0.480000,1.102670,0.526367,0.747205
322,0.238281,2.081215,0.480000,1.105760,0.537109,0.750913
323,0.238281,2.086354,0.480000,1.108843,0.570312,0.754613
324,0.238281,2.091480,0.480000,1.111919,0.490234,0.758304
325,0.238281,2.096595,0.480000,1.114988,0.499023,0.761987
326,0.238281,2.101698,0.480000,1.118050,0.490234,0.765661
327,0.238281,2.106789,0.480000,1.121105,0.504883,0.769327
328,0.238281,2.111869,0.480000,1.124152,0.465820,0.772983
329,0.238281,2.116936,0.480000,1.127193,0.520508,0.776632
330,0.238281,2.121991,0.480000,1.130226,0.532227,0.780272
331,0.289062,2.127034,0.539999,1.102783,0.581055,0.675341
332,0.289062,2.132065,0.539999,1.105802,0.452148,0.678963
333,0.289062,2.137084,0.539999,1.108813,0.514648,0.682577
334,0.289062,2.142091,0.539999,1.111817,0.532227,0.686182
335,0.289062,2.147086,0.539999,1.114814,0.516602,0.689778
336,0.289062,2.152068,0.539999,1.117803,0.570312,0.693365
337,0.289062,2.157039,0.539999,1.120786,0.510742,0.696944
338,0.289062,2.161997,0.539999,1.123761,0.455078,0.700514
339,0.289062,2.166943,0.539999,1.126728,0.459961,0.704075
340,0.289062,2.171876,0.539999,1.129688,0.494141,0.707627
341,0.289062,2.176798,0.539999,1.132641,0.563477,0.711170
342,0.289062,2.181706,0.539999,1.135586,0.525391,0.714705
343,0.289062,2.186603,0.539999,1.138524,0.495117,0.718230
344,0.289062,2.191487,0.539999,1.141455,0.444336,0.721747
345,0.289062,2.196359,0.539999,1.144378,0.519531,0.725255
346,0.289062,2.201218,0.539999,1.147294,0.576172,0.728754
347,0.289062,2.206065,0.539999,1.150202,0.502930,0.732243
348,0.289062,2.210899,0.539999,1.153102,0.556641,0.735724
349,0.289062,2.215721,0.539999,1.155995,0.496094,0.739196
350,0.289062,2.220531,0.539999,1.158881,0.480469,0.742658
351,0.289062,2.225327,0.539999,1.161759,0.442383,0.746112
352,0.289062,2.230111,0.539999,1.164629,0.527344,0.749556
353,0.289062,2.234883,0.539999,1.167492,0.560547,0.752992
354,0.289062,2.239641,0.539999,1.170347,0.565430,0.756418
355,0.289062,2.244387,0.539999,1.173195,0.609375,0.759835
356,0.289062,2.249121,0.539999,1.176035,0.515625,0.763243
357,0.347656,2.253841,0.599998,1.143711,0.584961,0.652455
358,0.347656,2.258549,0.599998,1.146536,0.555664,0.655845
359,0.347656,2.263244,0.599998,1.149353,0.660156,0.659225
360,0.347656,2.267926,0.599998,1.152162,0.494141,0.662596
361,0.347656,2.272595,0.599998,1.154963,0.456055,0.665958
362,0.347656,2.277252,0.599998,1.157757,0.500000,0.669311
363,0.347656,2.281895,0.599998,1.160543,0.589844,0.672654
364,0.347656,2.286526,0.599998,1.163322,0.548828,0.675988
365,0.347656,2.291143,0.599998,1.166092,0.552734,0.679313
366,0.347656,2.295748,0.599998,1.168855,0.542969,0.682628
367,0.347656,2.300339,0.599998,1.171610,0.637695,0.685934
368,0.347656,2.304918,0.599998,1.174357,0.448242,0.689231
369,0.347656,2.309484,0.599998,1.177097,0.441406,0.692518
370,0.347656,2.314036,0.599998,1.179828,0.503906,0.695795
371,0.347656,2.318575,0.599998,1.182552,0.409180,0.699064
372,0.347656,2.323102,0.599998,1.185267,0.450195,0.702322
373,0.347656,2.327614,0.599998,1.187975,0.543945,0.705572
374,0.347656,2.332114,0.599998,1.190675,0.528320,0.708811
375,0.347656,2.336601,0.599998,1.193367,0.510742,0.712042
376,0.347656,2.341074,0.599998,1.196051,0.462891,0.715263
377,0.347656,2.345534,0.599998,1.198727,0.410156,0.718474
378,0.347656,2.349981,0.599998,1.201395,0.496094,0.721676
379,0.347656,2.354414,0.599998,1.204055,0.541992,0.724868
380,0.347656,2.358834,0.599998,1.206707,0.458008,0.728050
381,0.347656,2.363241,0.599998,1.209351,0.504883,0.731223
382,0.347656,2.367634,0.599998,1.211987,0.557617,0.734386
383,0.406250,2.372014,0.659998,1.179458,0.397461,0.623353
384,0.406250,2.376380,0.659998,1.182078,0.526367,0.626497
385,0.406250,2.380733,0.659998,1.184690,0.522461,0.629631
386,0.406250,2.385073,0.659998,1.187294,0.536133,0.632755
387,0.406250,2.389399,0.659998,1.189889,0.460938,0.635870
388,0.406250,2.393711,0.659998,1.192477,0.536133,0.638975
389,0.406250,2.398010,0.659998,1.195056,0.497070,0.642070
390,0.406250,2.402295,0.659998,1.197627,0.527344,0.645155
391,0.406250,2.406567,0.659998,1.200190,0.431641,0.648231
392,0.406250,2.410825,0.659998,1.202745,0.484375,0.651296
393,0.406250,2.415069,0.659998,1.205292,0.490234,0.654352
394,0.406250,2.419300,0.659998,1.207830,0.487305,0.657398
395,0.406250,2.423517,0.659998,1.210360,0.435547,0.660434
396,0.406250,2.427720,0.659998,1.212882,0.513672,0.663461
397,0.406250,2.431909,0.659998,1.215395,0.455078,0.666477
398,0.406250,2.436085,0.659998,1.217901,0.538086,0.669484
399,0.406250,2.440247,0.659998,1.220398,0.416992,0.672480
400,0.406250,2.444395,0.659998,1.222887,0.589844,0.675467
401,0.406250,2.448529,0.659998,1.225367,0.512695,0.678443
402,0.406250,2.452649,0.659998,1.227839,0.549805,0.681410
403,0.406250,2.456755,0.659998,1.230303,0.503906,0.684366
404,0.406250,2.460848,0.659998,1.232759,0.424805,0.687313
405,0.406250,2.464926,0.659998,1.235206,0.430664,0.690249
406,0.406250,2.468990,0.659998,1.237644,0.417969,0.693176
407,0.406250,2.473041,0.659998,1.240075,0.484375,0.696092
408,0.476562,2.477077,0.719999,1.200309,0.423828,0.576372
409,0.476562,2.481100,0.719999,1.202722,0.450195,0.579268
410,0.476562,2.485108,0.719999,1.205127,0.490234,0.582154
411,0.476562,2.489102,0.719999,1.207524,0.506836,0.585030
412,0.476562,2.493083,0.719999,1.209912,0.534180,0.587895
413,0.476562,2.497048,0.719999,1.212292,0.484375,0.590751
414,0.476562,2.501000,0.719999,1.214663,0.459961,0.593596
415,0.476562,2.504938,0.719999,1.217025,0.583008,0.596431
416,0.476562,2.508862,0.719999,1.219379,0.542969,0.599256
417,0.476562,2.512771,0.719999,1.221725,0.503906,0.602071
418,0.476562,2.516666,0.719999,1.224062,0.448242,0.604875
419,0.476562,2.520546,0.719999,1.226390,0.511719,0.607669
420,0.476562,2.524413,0.719999,1.228710,0.479492,0.610453
421,0.476562,2.528265,0.719999,1.231022,0.550781,0.613227
422,0.476562,2.532103,0.719999,1.233324,0.413086,0.615990
423,0.476562,2.535927,0.719999,1.235618,0.445312,0.618743
424,0.476562,2.539736,0.719999,1.237904,0.490234,0.621485
425,0.476562,2.543530,0.719999,1.240180,0.419922,0.624217
426,0.476562,2.547310,0.719999,1.242449,0.502930,0.626939
427,0.476562,2.551076,0.719999,1.244708,0.454102,0.629651
428,0.476562,2.554827,0.719999,1.246959,0.446289,0.632352
429,0.476562,2.558565,0.719999,1.249201,0.426758,0.635042
430,0.476562,2.562287,0.719999,1.251435,0.395508,0.637722
431,0.476562,2.565995,0.719999,1.253659,0.485352,0.640392
432,0.476562,2.569688,0.719999,1.255875,0.462891,0.643051
433,0.476562,2.573367,0.719999,1.258083,0.469727,0.645700
434,0.558594,2.577031,0.779999,1.211062,0.396484,0.517276
435,0.558594,2.580680,0.779999,1.213252,0.407227,0.519904
436,0.558594,2.584315,0.779999,1.215433,0.436523,0.522521
437,0.558594,2.587936,0.779999,1.217605,0.426758,0.525128
438,0.558594,2.591541,0.779999,1.219769,0.473633,0.527724
439,0.558594,2.595132,0.779999,1.221923,0.404297,0.530309
440,0.558594,2.598708,0.779999,1.224069,0.423828,0.532884
441,0.558594,2.602270,0.779999,1.226206,0.478516,0.535448
442,0.558594,2.605816,0.779999,1.228334,0.369141,0.538002
443,0.558594,2.609348,0.779999,1.230453,0.523438,0.540545
444,0.558594,2.612865,0.779999,1.232563,0.501953,0.543077
445,0.558594,2.616368,0.779999,1.234664,0.475586,0.545599
446,0.558594,2.619855,0.779999,1.236757,0.421875,0.548110
447,0.558594,2.623328,0.779999,1.238841,0.416992,0.550610
448,0.558594,2.626786,0.779999,1.240915,0.481445,0.553100
449,0.558594,2.630229,0.779999,1.242981,0.441406,0.555579
450,0.558594,2.633657,0.779999,1.245038,0.376953,0.558047
451,0.558594,2.637070,0.779999,1.247086,0.441406,0.560504
452,0.558594,2.640468,0.779999,1.249124,0.390625,0.562951
453,0.558594,2.643851,0.779999,1.251154,0.415039,0.565387
454,0.558594,2.647219,0.779999,1.253175,0.350586,0.567812
455,0.558594,2.650572,0.779999,1.255187,0.360352,0.570226
456,0.558594,2.653910,0.779999,1.257190,0.364258,0.572629
457,0.558594,2.657233,0.779999,1.259184,0.410156,0.575022
458,0.558594,2.660541,0.779999,1.261168,0.404297,0.577404
459,0.636719,2.663834,0.829998,1.216269,0.391602,0.463526
460,0.636719,2.667112,0.829998,1.218236,0.466797,0.465886
461,0.636719,2.670375,0.829998,1.220194,0.361328,0.468235
462,0.636719,2.673622,0.829998,1.222142,0.364258,0.470573
463,0.636719,2.676855,0.829998,1.224082,0.360352,0.472900
464,0.636719,2.680072,0.829998,1.226012,0.297852,0.475217
465,0.636719,2.683274,0.829998,1.227933,0.297852,0.477522
466,0.636719,2.686460,0.829998,1.229845,0.405273,0.479816
467,0.636719,2.689632,0.829998,1.231748,0.324219,0.482100
468,0.636719,2.692788,0.829998,1.233642,0.371094,0.484373
469,0.636719,2.695930,0.829998,1.235527,0.379883,0.486634
470,0.636719,2.699055,0.829998,1.237402,0.375000,0.488885
471,0.636719,2.702166,0.829998,1.239268,0.325195,0.491124
472,0.636719,2.705261,0.829998,1.241125,0.342773,0.493353
473,0.636719,2.708341,0.829998,1.242973,0.465820,0.495570
474,0.636719,2.711405,0.829998,1.244812,0.377930,0.497777
475,0.636719,2.714454,0.829998,1.246641,0.334961,0.499972
476,0.636719,2.717488,0.829998,1.248462,0.329102,0.502156
477,0.636719,2.720506,0.829998,1.250273,0.342773,0.504330
478,0.636719,2.723509,0.829998,1.252074,0.290039,0.506492
479,0.636719,2.726497,0.829998,1.253867,0.352539,0.508643
480,0.636719,2.729469,0.829998,1.255650,0.372070,0.510782
481,0.636719,2.732425,0.829998,1.257424,0.382812,0.512911
482,0.636719,2.735366,0.829998,1.259189,0.296875,0.515029
483,0.636719,2.738292,0.829998,1.260944,0.339844,0.517135
484,0.636719,2.741202,0.829998,1.262690,0.339844,0.519230
485,0.718750,2.744096,0.869999,1.215208,0.346680,0.414251
486,0.718750,2.746975,0.869999,1.216935,0.340820,0.416323
487,0.718750,2.749839,0.869999,1.218653,0.399414,0.418385
488,0.718750,2.752687,0.869999,1.220362,0.340820,0.420436
489,0.718750,2.755518,0.869999,1.222061,0.296875,0.422475
490,0.718750,2.758335,0.869999,1.223751,0.470703,0.424502
491,0.718750,2.761136,0.869999,1.225432,0.390625,0.426519
492,0.718750,2.763921,0.869999,1.227103,0.272461,0.428524
493,0.718750,2.766690,0.869999,1.228764,0.279297,0.430518
494,0.718750,2.769444,0.869999,1.230417,0.421875,0.432501
495,0.718750,2.772183,0.869999,1.232060,0.242188,0.434473
496,0.718750,2.774905,0.869999,1.233693,0.287109,0.436433
497,0.718750,2.777612,0.869999,1.235317,0.314453,0.438382
498,0.718750,2.780303,0.869999,1.236932,0.315430,0.440319
499,0.718750,2.782978,0.869999,1.238537,0.354492,0.442246
500,0.718750,2.785637,0.869999,1.240132,0.253906,0.444160
501,0.718750,2.788281,0.869999,1.241719,0.404297,0.446064
502,0.718750,2.790909,0.869999,1.243295,0.306641,0.447956
503,0.718750,2.793521,0.869999,1.244863,0.317383,0.449836
504,0.718750,2.796117,0.869999,1.246420,0.294922,0.451706
505,0.718750,2.798697,0.869999,1.247969,0.325195,0.453564
506,0.718750,2.801262,0.869999,1.249507,0.345703,0.455410
507,0.718750,2.803811,0.869999,1.251036,0.203125,0.457245
508,0.718750,2.806344,0.869999,1.252556,0.341797,0.459069
509,0.718750,2.808860,0.869999,1.254066,0.199219,0.460881
510,0.718750,2.811361,0.869999,1.255567,0.333008,0.462681
511,0.808594,2.813846,0.919998,1.203151,0.298828,0.339784
512,0.808594,2.816315,0.919998,1.204633,0.351562,0.341562
513,0.808594,2.818768,0.919998,1.206105,0.331055,0.343328
514,0.808594,2.821205,0.919998,1.207567,0.316406,0.345082
515,0.808594,2.823626,0.919998,1.209019,0.241211,0.346826
516,0.808594,2.826031,0.919998,1.210462,0.328125,0.348557
517,0.808594,2.828420,0.919998,1.211896,0.348633,0.350277
518,0.808594,2.830793,0.919998,1.213320,0.267578,0.351986
519,0.808594,2.833150,0.919998,1.214734,0.265625,0.353683
520,0.808594,2.835491,0.919998,1.216138,0.397461,0.355368
521,0.808594,2.837816,0.919998,1.217533,0.214844,0.357042
522,0.808594,2.840124,0.919998,1.218918,0.309570,0.358704
523,0.808594,2.842417,0.919998,1.220294,0.317383,0.360355
524,0.808594,2.844693,0.919998,1.221660,0.251953,0.361994
525,0.808594,2.846954,0.919998,1.223016,0.272461,0.363622
526,0.808594,2.849198,0.919998,1.224363,0.258789,0.365237
527,0.808594,2.851426,0.919998,1.225699,0.338867,0.366842
528,0.808594,2.853638,0.919998,1.227027,0.288086,0.368434
529,0.808594,2.855834,0.919998,1.228344,0.234375,0.370015
530,0.808594,2.858013,0.919998,1.229652,0.284180,0.371584
531,0.808594,2.860177,0.919998,1.230950,0.260742,0.373142
532,0.808594,2.862324,0.919998,1.232238,0.245117,0.374688
533,0.808594,2.864455,0.919998,1.233517,0.206055,0.376222
534,0.808594,2.866570,0.919998,1.234786,0.314453,0.377745
535,0.808594,2.868668,0.919998,1.236045,0.273438,0.379256
536,0.906250,2.870750,0.959999,1.178700,0.204102,0.262441
537,0.906250,2.872816,0.959999,1.179940,0.236328,0.263929
538,0.906250,2.874866,0.959999,1.181169,0.248047,0.265404
539,0.906250,2.876899,0.959999,1.182389,0.310547,0.266868
540,0.906250,2.878916,0.959999,1.183599,0.284180,0.268320
541,0.906250,2.880916,0.959999,1.184800,0.272461,0.269761
542,0.906250,2.882901,0.959999,1.185990,0.264648,0.271190
543,0.906250,2.884869,0.959999,1.187171,0.164062,0.272607
544,0.906250,2.886820,0.959999,1.188342,0.239258,0.274012
545,0.906250,2.888756,0.959999,1.189504,0.261719,0.275405
546,0.906250,2.890675,0.959999,1.190655,0.206055,0.276787
547,0.906250,2.892577,0.959999,1.191796,0.281250,0.278157
548,0.906250,2.894463,0.959999,1.192928,0.261719,0.279515
549,0.906250,2.896333,0.959999,1.194050,0.282227,0.280861
550,0.906250,2.898186,0.959999,1.195162,0.245117,0.282195
551,0.906250,2.900023,0.959999,1.196264,0.141602,0.283518
552,0.906250,2.901844,0.959999,1.197356,0.172852,0.284829
553,0.906250,2.903647,0.959999,1.198439,0.181641,0.286127
554,0.906250,2.905435,0.959999,1.199511,0.157227,0.287414
555,0.906250,2.907206,0.959999,1.200574,0.215820,0.288690
556,0.906250,2.908960,0.959999,1.201626,0.155273,0.289953
557,0.906250,2.910698,0.959999,1.202669,0.246094,0.291204
558,0.906250,2.912420,0.959999,1.203702,0.249023,0.292444
559,0.906250,2.914125,0.959999,1.204725,0.100586,0.293671
560,0.906250,2.915814,0.959999,1.205738,0.194336,0.294887
561,0.906250,2.917486,0.959999,1.206741,0.191406,0.296091
562,1.007812,2.919141,0.999998,1.146797,0.237305,0.176159
563,1.007812,2.920780,0.999998,1.147781,0.161133,0.177339
564,1.007812,2.922402,0.999998,1.148754,0.186523,0.178507
565,1.007812,2.924008,0.999998,1.149717,0.163086,0.179663
566,1.007812,2.925597,0.999998,1.150671,0.182617,0.180808
567,1.007812,2.927170,0.999998,1.151615,0.156250,0.181940
568,1.007812,2.928726,0.999998,1.152548,0.232422,0.183060
569,1.007812,2.930266,0.999998,1.153472,0.128906,0.184169
570,1.007812,2.931788,0.999998,1.154386,0.207031,0.185265
571,1.007812,2.933295,0.999998,1.155289,0.172852,0.186349
572,1.007812,2.934784,0.999998,1.156183,0.141602,0.187422
573,1.007812,2.936257,0.999998,1.157067,0.153320,0.188482
574,1.007812,2.937713,0.999998,1.157941,0.147461,0.189531
575,1.007812,2.939153,0.999998,1.158804,0.222656,0.190567
576,1.007812,2.940576,0.999998,1.159658,0.227539,0.191592
577,1.007812,2.941982,0.999998,1.160502,0.202148,0.192605
578,1.007812,2.943372,0.999998,1.161336,0.077148,0.193605
579,1.007812,2.944745,0.999998,1.162159,0.169922,0.194594
580,1.007812,2.946101,0.999998,1.162973,0.074219,0.195570
581,1.007812,2.947441,0.999998,1.163777,0.043945,0.196535
582,1.007812,2.948764,0.999998,1.164571,0.114258,0.197487
583,1.007812,2.950070,0.999998,1.165354,0.055664,0.198428
584,1.007812,2.951359,0.999998,1.166128,0.164062,0.199356
585,1.007812,2.952632,0.999998,1.166892,0.157227,0.200272
586,1.007812,2.953887,0.999998,1.167645,0.088867,0.201176
587,1.117188,2.955127,1.029999,1.102764,0.155273,0.087318
588,1.117188,2.956349,1.029999,1.103497,0.131836,0.088198
589,1.117188,2.957555,1.029999,1.104220,0.094727,0.089066
590,1.117188,2.958744,1.029999,1.104934,0.191406,0.089922
591,1.117188,2.959916,1.029999,1.105637,0.182617,0.090766
592,1.117188,2.961071,1.029999,1.106330,0.152344,0.091598
593,1.117188,2.962210,1.029999,1.107013,0.128906,0.092417
594,1.117188,2.963331,1.029999,1.107686,0.098633,0.093225
595,1.117188,2.964437,1.029999,1.108349,0.094727,0.094021
596,1.117188,2.965525,1.029999,1.109002,0.160156,0.094804
597,1.117188,2.966596,1.029999,1.109645,0.114258,0.095576
598,1.117188,2.967651,1.029999,1.110278,0.143555,0.096335
599,1.117188,2.968688,1.029999,1.110901,0.130859,0.097082
600,1.117188,2.969709,1.029999,1.111513,0.127930,0.097817
601,1.117188,2.970713,1.029999,1.112116,0.080078,0.098540
602,1.117188,2.971701,1.029999,1.112708,0.063477,0.099251
603,1.117188,2.972671,1.029999,1.113290,0.114258,0.099950
604,1.117188,2.973624,1.029999,1.113862,0.062500,0.100636
605,1.117188,2.974561,1.029999,1.114424,0.131836,0.101310
606,1.117188,2.975481,1.029999,1.114976,0.115234,0.101973
607,1.117188,2.976384,1.029999,1.115518,0.123047,0.102623
608,1.117188,2.977270,1.029999,1.116050,0.108398,0.103261
609,1.117188,2.978139,1.029999,1.116571,0.100586,0.103887
610,1.117188,2.978991,1.029999,1.117082,0.017578,0.104500
611,1.117188,2.979826,1.029999,1.117583,0.131836,0.105102
612,1.117188,2.980645,1.029999,1.118075,0.073242,0.105691
613,1.226562,2.981447,1.059998,1.052931,0.047852,-0.008480
614,1.226562,2.982231,1.059998,1.053401,-0.033203,-0.007915
615,1.226562,2.982999,1.059998,1.053862,0.058594,-0.007363
616,1.226562,2.983750,1.059998,1.054313,0.079102,-0.006822
617,1.226562,2.984484,1.059998,1.054753,0.039062,-0.006293
618,1.226562,2.985201,1.059998,1.055183,0.080078,-0.005777
619,1.226562,2.985901,1.059998,1.055603,-0.001953,-0.005273
620,1.226562,2.986585,1.059998,1.056013,-0.011719,-0.004781
621,1.226562,2.987251,1.059998,1.056413,0.065430,-0.004301
622,1.226562,2.987900,1.059998,1.056803,-0.013672,-0.003834
623,1.226562,2.988533,1.059998,1.057182,0.054688,-0.003379
624,1.226562,2.989148,1.059998,1.057551,0.053711,-0.002935
625,1.226562,2.989747,1.059998,1.057910,0.069336,-0.002505
626,1.226562,2.990328,1.059998,1.058259,0.022461,-0.002086
627,1.226562,2.990893,1.059998,1.058598,0.019531,-0.001679
628,1.226562,2.991441,1.059998,1.058927,0.019531,-0.001285
629,1.226562,2.991971,1.059998,1.059245,-0.027344,-0.000903
630,1.226562,2.992485,1.059998,1.059554,0.075195,-0.000533
631,1.226562,2.992982,1.059998,1.059852,-0.043945,-0.000175
632,1.226562,2.993462,1.059998,1.060140,0.017578,0.000170
633,1.226562,2.993924,1.059998,1.060417,-0.086914,0.000504
634,1.226562,2.994370,1.059998,1.060685,-0.082031,0.000825
635,1.226562,2.994799,1.059998,1.060942,-0.041016,0.001133
636,1.226562,2.995211,1.059998,1.061189,0.014648,0.001430
637,1.226562,2.995606,1.059998,1.061426,-0.030273,0.001714
638,1.226562,2.995984,1.059998,1.061653,-0.017578,0.001987
639,1.328125,2.996345,1.069998,1.000932,-0.027344,-0.082879
640,1.328125,2.996689,1.069998,1.001138,0.046875,-0.082631
641,1.328125,2.997016,1.069998,1.001335,0.023438,-0.082396
642,1.328125,2.997326,1.069998,1.001521,-0.175781,-0.082173
643,1.328125,2.997619,1.069998,1.001696,-0.093750,-0.081962
644,1.328125,2.997895,1.069998,1.001862,-0.105469,-0.081763
645,1.328125,2.998154,1.069998,1.002017,0.004883,-0.081576
646,1.328125,2.998396,1.069998,1.002163,0.023438,-0.081402
647,1.328125,2.998621,1.069998,1.002298,-0.032227,-0.081240
648,1.328125,2.998829,1.069998,1.002423,0.000000,-0.081090
649,1.328125,2.999020,1.069998,1.002537,-0.068359,-0.080953
650,1.328125,2.999194,1.069998,1.002642,-0.047852,-0.080827
651,1.328125,2.999351,1.069998,1.002736,-0.042969,-0.080714
652,1.328125,2.999491,1.069998,1.002820,-0.044922,-0.080614
653,1.328125,2.999614,1.069998,1.002894,0.056641,-0.080525
654,1.328125,2.999720,1.069998,1.002957,-0.055664,-0.080449
655,1.328125,2.999809,1.069998,1.003011,0.076172,-0.080385
656,1.328125,2.999882,1.069998,1.003054,0.011719,-0.080333
657,1.328125,2.999936,1.069998,1.003087,-0.129883,-0.080293
658,1.328125,2.999974,1.069998,1.003110,-0.014648,-0.080266
659,1.328125,2.999995,1.069998,1.003122,0.039062,-0.080251
660,1.328125,3.000000,1.069998,1.003125,-0.034180,-0.080248
661,1.328125,2.999986,1.069998,1.003117,-0.041016,-0.080257
662,1.328125,2.999956,1.069998,1.003099,-0.042969,-0.080279
663,1.328125,2.999909,1.069998,1.003071,-0.143555,-0.080312
664,1.437500,2.999845,1.079998,0.937407,-0.096680,-0.171109
665,1.437500,2.999764,1.079998,0.937359,-0.041016,-0.171167
666,1.437500,2.999666,1.079998,0.937300,-0.093750,-0.171238
667,1.437500,2.999551,1.079998,0.937231,0.014648,-0.171321
668,1.437500,2.999419,1.079998,0.937151,-0.120117,-0.171416
669,1.437500,2.999270,1.079998,0.937062,-0.169922,-0.171523
670,1.437500,2.999104,1.079998,0.936962,-0.001953,-0.171643
671,1.437500,2.998921,1.079998,0.936853,-0.172852,-0.171775
672,1.437500,2.998721,1.079998,0.936732,-0.094727,-0.171919
673,1.437500,2.998504,1.079998,0.936602,-0.140625,-0.172075
674,1.437500,2.998270,1.079998,0.936462,-0.137695,-0.172244
675,1.437500,2.998019,1.079998,0.936311,-0.096680,-0.172424
676,1.437500,2.997751,1.079998,0.936150,-0.170898,-0.172617
677,1.437500,2.997466,1.079998,0.935979,-0.138672,-0.172822
678,1.437500,2.997164,1.079998,0.935798,-0.178711,-0.173040
679,1.437500,2.996845,1.079998,0.935607,-0.162109,-0.173269
680,1.437500,2.996509,1.079998,0.935405,-0.087891,-0.173511
681,1.437500,2.996155,1.079998,0.935193,-0.071289,-0.173766
682,1.437500,2.995785,1.079998,0.934971,-0.196289,-0.174032
683,1.437500,2.995399,1.079998,0.934739,-0.118164,-0.174311
684,1.437500,2.994994,1.079998,0.934497,-0.088867,-0.174602
685,1.437500,2.994574,1.079998,0.934244,-0.067383,-0.174905
686,1.437500,2.994136,1.079998,0.933981,-0.090820,-0.175220
687,1.437500,2.993681,1.079998,0.933708,-0.119141,-0.175547
688,1.437500,2.993209,1.079998,0.933425,-0.160156,-0.175887
689,1.437500,2.992720,1.079998,0.933132,-0.202148,-0.176239
690,1.546875,2.992214,1.089998,0.867204,-0.159180,-0.267354
691,1.546875,2.991691,1.089998,0.866890,-0.116211,-0.267730
692,1.546875,2.991152,1.089998,0.866566,-0.184570,-0.268119
693,1.546875,2.990595,1.089998,0.866232,-0.133789,-0.268519
694,1.546875,2.990021,1.089998,0.865888,-0.131836,-0.268932
695,1.546875,2.989431,1.089998,0.865534,-0.038086,-0.269358
696,1.546875,2.988823,1.089998,0.865169,-0.174805,-0.269795
697,1.546875,2.988199,1.089998,0.864794,-0.142578,-0.270245
698,1.546875,2.987557,1.089998,0.864410,-0.135742,-0.270707
699,1.546875,2.986899,1.089998,0.864015,-0.104492,-0.271181
700,1.546875,2.986224,1.089998,0.863609,-0.134766,-0.271667
701,1.546875,2.985532,1.089998,0.863194,-0.172852,-0.272165
702,1.546875,2.984823,1.089998,0.862769,-0.093750,-0.272675
703,1.546875,2.984097,1.089998,0.862333,-0.115234,-0.273198
704,1.546875,2.983354,1.089998,0.861887,-0.223633,-0.273733
705,1.546875,2.982594,1.089998,0.861431,-0.255859,-0.274280
706,1.546875,2.981817,1.089998,0.860965,-0.128906,-0.274840
707,1.546875,2.981023,1.089998,0.860489,-0.236328,-0.275411
708,1.546875,2.980213,1.089998,0.860003,-0.241211,-0.275995
709,1.546875,2.979385,1.089998,0.859506,-0.160156,-0.276591
710,1.546875,2.978541,1.089998,0.858999,-0.212891,-0.277199
711,1.546875,2.977679,1.089998,0.858483,-0.153320,-0.277819
712,1.546875,2.976801,1.089998,0.857956,-0.230469,-0.278451
713,1.546875,2.975906,1.089998,0.857419,-0.227539,-0.279095
714,1.546875,2.974994,1.089998,0.856872,-0.122070,-0.279752
715,1.656250,2.974066,1.089998,0.790690,-0.155273,-0.359170
716,1.656250,2.973120,1.089998,0.790122,-0.292969,-0.359851
717,1.656250,2.972157,1.089998,0.789545,-0.244141,-0.360544
718,1.656250,2.971178,1.089998,0.788957,-0.259766,-0.361250
719,1.656250,2.970182,1.089998,0.788359,-0.179688,-0.361967
720,1.656250,2.969169,1.089998,0.787751,-0.224609,-0.362696
721,1.656250,2.968139,1.089998,0.787134,-0.248047,-0.363438
722,1.656250,2.967093,1.089998,0.786506,-0.183594,-0.364191
723,1.656250,2.966029,1.089998,0.785868,-0.250000,-0.364957
724,1.656250,2.964949,1.089998,0.785219,-0.165039,-0.365735
725,1.656250,2.963852,1.089998,0.784561,-0.242188,-0.366524
726,1.656250,2.962738,1.089998,0.783893,-0.238281,-0.367327
727,1.656250,2.961607,1.089998,0.783214,-0.204102,-0.368141
728,1.656250,2.960460,1.089998,0.782526,-0.183594,-0.368967
729,1.656250,2.959296,1.089998,0.781827,-0.228516,-0.369805
730,1.656250,2.958114,1.089998,0.781119,-0.287109,-0.370655
731,1.656250,2.956917,1.089998,0.780400,-0.288086,-0.371518
732,1.656250,2.955702,1.089998,0.779671,-0.306641,-0.372392
733,1.656250,2.954471,1.089998,0.778932,-0.239258,-0.373279
734,1.656250,2.953223,1.089998,0.778184,-0.200195,-0.374177
735,1.656250,2.951958,1.089998,0.777425,-0.296875,-0.375088
736,1.656250,2.950676,1.089998,0.776656,-0.278320,-0.376011
737,1.656250,2.949378,1.089998,0.775877,-0.236328,-0.376946
738,1.656250,2.948063,1.089998,0.775088,-0.167969,-0.377893
739,1.656250,2.946731,1.089998,0.774289,-0.179688,-0.378851
740,1.656250,2.945383,1.089998,0.773480,-0.283203,-0.379822
741,1.769531,2.944018,1.079998,0.704692,-0.292969,-0.450367
742,1.769531,2.942636,1.079998,0.703863,-0.291992,-0.451362
743,1.769531,2.941237,1.079998,0.703024,-0.264648,-0.452369
744,1.769531,2.939822,1.079998,0.702175,-0.312500,-0.453388
745,1.769531,2.938390,1.079998,0.701316,-0.307617,-0.454419
746,1.769531,2.936942,1.079998,0.700447,-0.296875,-0.455462
747,1.769531,2.935477,1.079998,0.699567,-0.281250,-0.456517
748,1.769531,2.933995,1.079998,0.698678,-0.247070,-0.457584
749,1.769531,2.932497,1.079998,0.697779,-0.220703,-0.458663
750,1.769531,2.930982,1.079998,0.696870,-0.305664,-0.459753
751,1.769531,2.929450,1.079998,0.695951,-0.382812,-0.460856
752,1.769531,2.927902,1.079998,0.695022,-0.360352,-0.461971
753,1.769531,2.926337,1.079998,0.694083,-0.272461,-0.463098
754,1.769531,2.924756,1.079998,0.693135,-0.277344,-0.464236
755,1.769531,2.923157,1.079998,0.692176,-0.318359,-0.465387
756,1.769531,2.921543,1.079998,0.691207,-0.335938,-0.466549
757,1.769531,2.919912,1.079998,0.690228,-0.330078,-0.467724
758,1.769531,2.918264,1.079998,0.689240,-0.345703,-0.468910
759,1.769531,2.916600,1.079998,0.688241,-0.252930,-0.470108
760,1.769531,2.914919,1.079998,0.687233,-0.336914,-0.471318
761,1.769531,2.913222,1.079998,0.686214,-0.354492,-0.472541
762,1.769531,2.911508,1.079998,0.685186,-0.398438,-0.473774
763,1.769531,2.909777,1.079998,0.684148,-0.371094,-0.475020
764,1.769531,2.908031,1.079998,0.683100,-0.398438,-0.476278
765,1.769531,2.906268,1.079998,0.682042,-0.223633,-0.477547
766,1.769531,2.904488,1.079998,0.680974,-0.277344,-0.478829
767,1.878906,2.902691,1.059998,0.614271,-0.311523,-0.534872
768,1.878906,2.900879,1.059998,0.613183,-0.380859,-0.536177
769,1.878906,2.899050,1.059998,0.612086,-0.409180,-0.537494
770,1.878906,2.897204,1.059998,0.610979,-0.369141,-0.538823
771,1.878906,2.895342,1.059998,0.609861,-0.377930,-0.540163
772,1.878906,2.893464,1.059998,0.608734,-0.454102,-0.541516
773,1.878906,2.891569,1.059998,0.607597,-0.309570,-0.542880
774,1.878906,2.889657,1.059998,0.606451,-0.391602,-0.544256
775,1.878906,2.887730,1.059998,0.605294,-0.372070,-0.545644
776,1.878906,2.885786,1.059998,0.604128,-0.375977,-0.547044
777,1.878906,2.883826,1.059998,0.602952,-0.344727,-0.548455
778,1.878906,2.881849,1.059998,0.601766,-0.361328,-0.549878
779,1.878906,2.879856,1.059998,0.600570,-0.327148,-0.551313
780,1.878906,2.877847,1.059998,0.599364,-0.350586,-0.552760
781,1.878906,2.875821,1.059998,0.598149,-0.393555,-0.554218
782,1.878906,2.873779,1.059998,0.596924,-0.334961,-0.555689
783,1.878906,2.871721,1.059998,0.595689,-0.398438,-0.557171
784,1.878906,2.869646,1.059998,0.594444,-0.336914,-0.558664
785,1.878906,2.867555,1.059998,0.593189,-0.424805,-0.560170
786,1.878906,2.865448,1.059998,0.591925,-0.371094,-0.561687
787,1.878906,2.863325,1.059998,0.590651,-0.354492,-0.563215
788,1.878906,2.861186,1.059998,0.589368,-0.424805,-0.564756
789,1.878906,2.859030,1.059998,0.588074,-0.442383,-0.566308
790,1.878906,2.856858,1.059998,0.586771,-0.367188,-0.567872
791,1.878906,2.854670,1.059998,0.585458,-0.435547,-0.569447
792,1.976562,2.852465,1.029999,0.525542,-0.389648,-0.605348
793,1.976562,2.850245,1.029999,0.524209,-0.374023,-0.606947
794,1.976562,2.848008,1.029999,0.522867,-0.354492,-0.608558
795,1.976562,2.845756,1.029999,0.521516,-0.361328,-0.610180
796,1.976562,2.843487,1.029999,0.520154,-0.458984,-0.611813
797,1.976562,2.841201,1.029999,0.518783,-0.448242,-0.613459
798,1.976562,2.838900,1.029999,0.517403,-0.435547,-0.615115
799,1.976562,2.836583,1.029999,0.516012,-0.436523,-0.616784
800,1.976562,2.834250,1.029999,0.514612,-0.415039,-0.618464
801,1.976562,2.831900,1.029999,0.513203,-0.588867,-0.620155
802,1.976562,2.829535,1.029999,0.511783,-0.392578,-0.621859
803,1.976562,2.827153,1.029999,0.510354,-0.416016,-0.623573
804,1.976562,2.824756,1.029999,0.508916,-0.534180,-0.625299
805,1.976562,2.822342,1.029999,0.507468,-0.458984,-0.627037
806,1.976562,2.819913,1.029999,0.506010,-0.554688,-0.628786
807,1.976562,2.817467,1.029999,0.504543,-0.445312,-0.630547
808,1.976562,2.815006,1.029999,0.503066,-0.411133,-0.632319
809,1.976562,2.812528,1.029999,0.501579,-0.466797,-0.634103
810,1.976562,2.810035,1.029999,0.500083,-0.344727,-0.635898
811,1.976562,2.807525,1.029999,0.498578,-0.514648,-0.637705
812,1.976562,2.805000,1.029999,0.497063,-0.465820,-0.639523
813,1.976562,2.802459,1.029999,0.495538,-0.474609,-0.641353
814,1.976562,2.799902,1.029999,0.494004,-0.548828,-0.643194
815,1.976562,2.797329,1.029999,0.492460,-0.472656,-0.645047
816,1.976562,2.794740,1.029999,0.490907,-0.485352,-0.646910
817,1.976562,2.792136,1.029999,0.489344,-0.404297,-0.648786
818,2.078125,2.789515,0.999998,0.426834,-0.361328,-0.687797
819,2.078125,2.786879,0.999998,0.425252,-0.477539,-0.689695
820,2.078125,2.784227,0.999998,0.423661,-0.415039,-0.691604
821,2.078125,2.781559,0.999998,0.422061,-0.406250,-0.693525
822,2.078125,2.778876,0.999998,0.420450,-0.526367,-0.695457
823,2.078125,2.776176,0.999998,0.418831,-0.588867,-0.697401
824,2.078125,2.773461,0.999998,0.417202,-0.473633,-0.699356
825,2.078125,2.770730,0.999998,0.415563,-0.414062,-0.701322
826,2.078125,2.767984,0.999998,0.413915,-0.441406,-0.703299
827,2.078125,2.765222,0.999998,0.412258,-0.443359,-0.705288
828,2.078125,2.762444,0.999998,0.410591,-0.523438,-0.707288
829,2.078125,2.759650,0.999998,0.408915,-0.526367,-0.709300
830,2.078125,2.756841,0.999998,0.407230,-0.462891,-0.711322
831,2.078125,2.754016,0.999998,0.405535,-0.430664,-0.713356
832,2.078125,2.751176,0.999998,0.403831,-0.521484,-0.715401
833,2.078125,2.748320,0.999998,0.402117,-0.395508,-0.717458
834,2.078125,2.745448,0.999998,0.400394,-0.433594,-0.719525
835,2.078125,2.742561,0.999998,0.398662,-0.556641,-0.721604
836,2.078125,2.739658,0.999998,0.396920,-0.513672,-0.723694
837,2.078125,2.736740,0.999998,0.395169,-0.493164,-0.725795
838,2.078125,2.733806,0.999998,0.393409,-0.536133,-0.727907
839,2.078125,2.730857,0.999998,0.391639,-0.500000,-0.730031
840,2.078125,2.727892,0.999998,0.389860,-0.588867,-0.732165
841,2.078125,2.724912,0.999998,0.388072,-0.546875,-0.734311
842,2.078125,2.721916,0.999998,0.386275,-0.517578,-0.736468
843,2.179688,2.718905,0.969997,0.323531,-0.455078,-0.775760
844,2.179688,2.715879,0.969997,0.321715,-0.445312,-0.777939
845,2.179688,2.712837,0.969997,0.319890,-0.542969,-0.780129
846,2.179688,2.709780,0.969997,0.318055,-0.607422,-0.782330
847,2.179688,2.706707,0.969997,0.316212,-0.458984,-0.784543
848,2.179688,2.703619,0.969997,0.314359,-0.432617,-0.786766
849,2.179688,2.700516,0.969997,0.312497,-0.503906,-0.789001
850,2.179688,2.697397,0.969997,0.310626,-0.555664,-0.791246
851,2.179688,2.694263,0.969997,0.308745,-0.470703,-0.793502
852,2.179688,2.691114,0.969997,0.306856,-0.626953,-0.795770
853,2.179688,2.687949,0.969997,0.304957,-0.518555,-0.798048
854,2.179688,2.684770,0.969997,0.303050,-0.568359,-0.800337
855,2.179688,2.681575,0.969997,0.301132,-0.618164,-0.802638
856,2.179688,2.678365,0.969997,0.299206,-0.684570,-0.804949
857,2.179688,2.675140,0.969997,0.297271,-0.608398,-0.807271
858,2.179688,2.671899,0.969997,0.295327,-0.476562,-0.809605
859,2.179688,2.668644,0.969997,0.293374,-0.638672,-0.811948
860,2.179688,2.665373,0.969997,0.291411,-0.573242,-0.814303
861,2.179688,2.662087,0.969997,0.289440,-0.507812,-0.816669
862,2.179688,2.658786,0.969997,0.287459,-0.568359,-0.819046
863,2.179688,2.655470,0.969997,0.285470,-0.597656,-0.821433
864,2.179688,2.652139,0.969997,0.283471,-0.575195,-0.823832
865,2.179688,2.648793,0.969997,0.281463,-0.650391,-0.826241
866,2.179688,2.645432,0.969997,0.279447,-0.726562,-0.828661
867,2.179688,2.642056,0.969997,0.277421,-0.570312,-0.831092
868,2.179688,2.638665,0.969997,0.275386,-0.517578,-0.833533
869,2.277344,2.635259,0.929998,0.214749,-0.604492,-0.858299
870,2.277344,2.631838,0.929998,0.212696,-0.529297,-0.860762
871,2.277344,2.628402,0.929998,0.210635,-0.605469,-0.863236
872,2.277344,2.624951,0.929998,0.208564,-0.687500,-0.865721
873,2.277344,2.621486,0.929998,0.206485,-0.572266,-0.868216
874,2.277344,2.618005,0.929998,0.204397,-0.629883,-0.870722
875,2.277344,2.614510,0.929998,0.202300,-0.620117,-0.873239
876,2.277344,2.610999,0.929998,0.200193,-0.676758,-0.875766
877,2.277344,2.607474,0.929998,0.198078,-0.628906,-0.878304
878,2.277344,2.603935,0.929998,0.195954,-0.647461,-0.880853
879,2.277344,2.600380,0.929998,0.193822,-0.603516,-0.883412
880,2.277344,2.596811,0.929998,0.191680,-0.557617,-0.885982
881,2.277344,2.593227,0.929998,0.189530,-0.567383,-0.888562
882,2.277344,2.589628,0.929998,0.187371,-0.496094,-0.891153
883,2.277344,2.586015,0.929998,0.185203,-0.555664,-0.893755
884,2.277344,2.582387,0.929998,0.183026,-0.570312,-0.896367
885,2.277344,2.578744,0.929998,0.180840,-0.621094,-0.898990
886,2.277344,2.575087,0.929998,0.178646,-0.551758,-0.901623
887,2.277344,2.571415,0.929998,0.176443,-0.585938,-0.904267
888,2.277344,2.567729,0.929998,0.174231,-0.607422,-0.906921
889,2.277344,2.564028,0.929998,0.172010,-0.614258,-0.909586
890,2.277344,2.560312,0.929998,0.169781,-0.623047,-0.912261
891,2.277344,2.556582,0.929998,0.167543,-0.672852,-0.914947
892,2.277344,2.552837,0.929998,0.165296,-0.627930,-0.917643
893,2.277344,2.549078,0.929998,0.163041,-0.703125,-0.920349
894,2.277344,2.545304,0.929998,0.160776,-0.629883,-0.923067
895,2.378906,2.541517,0.879999,0.097566,-0.709961,-0.938920
896,2.378906,2.537714,0.879999,0.095285,-0.702148,-0.941657
897,2.378906,2.533897,0.879999,0.092995,-0.657227,-0.944405
898,2.378906,2.530066,0.879999,0.090696,-0.634766,-0.947164
899,2.378906,2.526221,0.879999,0.088389,-0.682617,-0.949932
900,2.378906,2.522362,0.879999,0.086073,-0.637695,-0.952711
901,2.378906,2.518487,0.879999,0.083749,-0.724609,-0.955501
902,2.378906,2.514599,0.879999,0.081416,-0.705078,-0.958300
903,2.378906,2.510696,0.879999,0.079074,-0.717773,-0.961110
904,2.378906,2.506779,0.879999,0.076724,-0.765625,-0.963930
905,2.378906,2.502849,0.879999,0.074366,-0.758789,-0.966760
906,2.378906,2.498903,0.879999,0.071998,-0.720703,-0.969601
907,2.378906,2.494944,0.879999,0.069623,-0.599609,-0.972452
908,2.378906,2.490970,0.879999,0.067238,-0.702148,-0.975313
909,2.378906,2.486983,0.879999,0.064846,-0.638672,-0.978184
910,2.378906,2.482981,0.879999,0.062445,-0.691406,-0.981065
911,2.378906,2.478965,0.879999,0.060035,-0.695312,-0.983957
912,2.378906,2.474935,0.879999,0.057617,-0.691406,-0.986858
913,2.378906,2.470891,0.879999,0.055191,-0.786133,-0.989770
914,2.378906,2.466834,0.879999,0.052756,-0.778320,-0.992691
915,2.378906,2.462762,0.879999,0.050313,-0.578125,-0.995623
916,2.378906,2.458676,0.879999,0.047862,-0.681641,-0.998565
917,2.378906,2.454576,0.879999,0.045402,-0.750000,-1.001517
918,2.378906,2.450462,0.879999,0.042934,-0.747070,-1.004479
919,2.378906,2.446335,0.879999,0.040457,-0.733398,-1.007451
920,2.457031,2.442193,0.819998,-0.008903,-0.719727,-0.994681
921,2.457031,2.438038,0.819998,-0.011396,-0.639648,-0.997672
922,2.457031,2.433869,0.819998,-0.013897,-0.696289,-1.000674
923,2.457031,2.429686,0.819998,-0.016407,-0.755859,-1.003686
924,2.457031,2.425489,0.819998,-0.018925,-0.685547,-1.006708
925,2.457031,2.421279,0.819998,-0.021451,-0.645508,-1.009739
926,2.457031,2.417054,0.819998,-0.023986,-0.732422,-1.012781
927,2.457031,2.412817,0.819998,-0.026529,-0.658203,-1.015832
928,2.457031,2.408565,0.819998,-0.029080,-0.687500,-1.018893
929,2.457031,2.404300,0.819998,-0.031639,-0.708984,-1.021964
930,2.457031,2.400021,0.819998,-0.034206,-0.645508,-1.025045
931,2.457031,2.395729,0.819998,-0.036782,-0.733398,-1.028135
932,2.457031,2.391423,0.819998,-0.039365,-0.760742,-1.031236
933,2.457031,2.387103,0.819998,-0.041957,-0.680664,-1.034346
934,2.457031,2.382770,0.819998,-0.044557,-0.768555,-1.037465
935,2.457031,2.378423,0.819998,-0.047165,-0.736328,-1.040595
936,2.457031,2.374063,0.819998,-0.049781,-0.720703,-1.043734
937,2.457031,2.369690,0.819998,-0.052405,-0.752930,-1.046883
938,2.457031,2.365303,0.819998,-0.055037,-0.770508,-1.050042
939,2.457031,2.360902,0.819998,-0.057677,-0.746094,-1.053210
940,2.457031,2.356488,0.819998,-0.060326,-0.757812,-1.056388
941,2.457031,2.352062,0.819998,-0.062982,-0.740234,-1.059576
942,2.457031,2.347620,0.819998,-0.065646,-0.807617,-1.062773
943,2.457031,2.343167,0.819998,-0.068319,-0.761719,-1.065980
944,2.457031,2.338700,0.819998,-0.070999,-0.784180,-1.069196
945,2.457031,2.334219,0.819998,-0.073687,-0.792969,-1.072422
946,2.539062,2.329726,0.759998,-0.125602,-0.877930,-1.062720
947,2.539062,2.325219,0.759998,-0.128306,-0.745117,-1.065965
948,2.539062,2.320699,0.759998,-0.131018,-0.758789,-1.069219
949,2.539062,2.316166,0.759998,-0.133738,-0.765625,-1.072484
950,2.539062,2.311620,0.759998,-0.136466,-0.753906,-1.075757
951,2.539062,2.307060,0.759998,-0.139201,-0.752930,-1.079039
952,2.539062,2.302488,0.759998,-0.141945,-0.704102,-1.082332
953,2.539062,2.297903,0.759998,-0.144696,-0.724609,-1.085633
954,2.539062,2.293304,0.759998,-0.147455,-0.735352,-1.088944
955,2.539062,2.288693,0.759998,-0.150222,-0.774414,-1.092264
956,2.539062,2.284068,0.759998,-0.152997,-0.773438,-1.095594
957,2.539062,2.279431,0.759998,-0.155779,-0.793945,-1.098933
958,2.539062,2.274780,0.759998,-0.158569,-0.746094,-1.102281
959,2.539062,2.270117,0.759998,-0.161367,-0.742188,-1.105639
960,2.539062,2.265441,0.759998,-0.164173,-0.738281,-1.109006
961,2.539062,2.260752,0.759998,-0.166986,-0.738281,-1.112381
962,2.539062,2.256051,0.759998,-0.169807,-0.769531,-1.115767
963,2.539062,2.251336,0.759998,-0.172636,-0.777344,-1.119161
964,2.539062,2.246609,0.759998,-0.175472,-0.865234,-1.122565
965,2.539062,2.241868,0.759998,-0.178317,-0.743164,-1.125978
966,2.539062,2.237116,0.759998,-0.181168,-0.783203,-1.129400
967,2.539062,2.232350,0.759998,-0.184028,-0.780273,-1.132831
968,2.539062,2.227572,0.759998,-0.186894,-0.769531,-1.136271
969,2.539062,2.222781,0.759998,-0.189769,-0.821289,-1.139721
970,2.539062,2.217978,0.759998,-0.192651,-0.734375,-1.143179
971,2.609375,2.213162,0.689999,-0.237728,-0.768555,-1.113271
972,2.609375,2.208333,0.689999,-0.240625,-0.755859,-1.116748
973,2.609375,2.203493,0.689999,-0.243529,-0.761719,-1.120234
974,2.609375,2.198639,0.689999,-0.246442,-0.791992,-1.123728
975,2.609375,2.193773,0.689999,-0.249361,-0.804688,-1.127232
976,2.609375,2.188895,0.689999,-0.252288,-0.827148,-1.130744
977,2.609375,2.184004,0.689999,-0.255223,-0.759766,-1.134265
978,2.609375,2.179101,0.689999,-0.258164,-0.808594,-1.137796
979,2.609375,2.174185,0.689999,-0.261114,-0.750000,-1.141335
980,2.609375,2.169258,0.689999,-0.264070,-0.933594,-1.144883
981,2.609375,2.164317,0.689999,-0.267035,-0.893555,-1.148440
982,2.609375,2.159365,0.689999,-0.270006,-0.831055,-1.152006
983,2.609375,2.154400,0.689999,-0.272985,-0.888672,-1.155580
984,2.609375,2.149424,0.689999,-0.275971,-0.864258,-1.159163
985,2.609375,2.144434,0.689999,-0.278964,-0.862305,-1.162756
986,2.609375,2.139433,0.689999,-0.281965,-0.885742,-1.166356
987,2.609375,2.134420,0.689999,-0.284973,-0.833984,-1.169966
988,2.609375,2.129395,0.689999,-0.287988,-0.814453,-1.173584
989,2.609375,2.124357,0.689999,-0.291011,-0.838867,-1.177211
990,2.609375,2.119308,0.689999,-0.294041,-0.817383,-1.180847
991,2.609375,2.114246,0.689999,-0.297077,-0.834961,-1.184491
992,2.609375,2.109172,0.689999,-0.300122,-0.899414,-1.188144
993,2.609375,2.104087,0.689999,-0.303173,-0.937500,-1.191806
994,2.609375,2.098990,0.689999,-0.306231,-0.783203,-1.195476
995,2.609375,2.093880,0.689999,-0.309297,-0.827148,-1.199155
996,2.609375,2.088759,0.689999,-0.312369,-0.866211,-1.202842
997,2.679688,2.083626,0.619999,-0.357637,-0.764648,-1.173163
998,2.679688,2.078481,0.619999,-0.360724,-0.967773,-1.176867
999,2.679688,2.073324,0.619999,-0.363818,-0.841797,-1.180580
1000,2.679688,2.068156,0.619999,-0.366919,-0.852539,-1.184301
1001,2.679688,2.062976,0.619999,-0.370027,-0.916992,-1.188031
1002,2.679688,2.057784,0.619999,-0.373142,-0.853516,-1.191769
1003,2.679688,2.052581,0.619999,-0.376264,-0.848633,-1.195515
1004,2.679688,2.047366,0.619999,-0.379393,-0.864258,-1.199270
1005,2.679688,2.042139,0.619999,-0.382529,-0.806641,-1.203034
1006,2.679688,2.036901,0.619999,-0.385672,-0.734375,-1.206805
1007,2.679688,2.031651,0.619999,-0.388822,-0.891602,-1.210585
1008,2.679688,2.026389,0.619999,-0.391979,-0.890625,-1.214373
1009,2.679688,2.021117,0.619999,-0.395142,-0.841797,-1.218170
1010,2.679688,2.015833,0.619999,-0.398313,-0.769531,-1.221974
1011,2.679688,2.010537,0.619999,-0.401491,-0.952148,-1.225787
1012,2.679688,2.005230,0.619999,-0.404675,-0.861328,-1.229608
1013,2.679688,1.999911,0.619999,-0.407866,-0.974609,-1.233438
1014,2.679688,1.994581,0.619999,-0.411064,-0.822266,-1.237275
1015,2.679688,1.989240,0.619999,-0.414269,-0.852539,-1.241121
1016,2.679688,1.983888,0.619999,-0.417480,-0.771484,-1.244974
1017,2.679688,1.978524,0.619999,-0.420698,-0.875977,-1.248837
1018,2.679688,1.973149,0.619999,-0.423923,-0.930664,-1.252706
1019,2.679688,1.967763,0.619999,-0.427155,-0.920898,-1.256584
1020,2.679688,1.962366,0.619999,-0.430393,-0.896484,-1.260470
1021,2.679688,1.956958,0.619999,-0.433638,-0.939453,-1.264364
1022,2.679688,1.951538,0.619999,-0.436890,-0.883789,-1.268266
1023,2.738281,1.946108,0.539999,-0.475304,-0.873047,-1.218364
1024,2.738281,1.940666,0.539999,-0.478569,-0.875000,-1.222282
1025,2.738281,1.935214,0.539999,-0.481841,-0.857422,-1.226208
1026,2.738281,1.929750,0.539999,-0.485119,-0.875977,-1.230141
1027,2.738281,1.924276,0.539999,-0.488403,-0.909180,-1.234083
1028,2.738281,1.918790,0.539999,-0.491694,-0.856445,-1.238032
1029,2.738281,1.913294,0.539999,-0.494992,-0.867188,-1.241990
1030,2.738281,1.907787,0.539999,-0.498297,-0.852539,-1.245955
1031,2.738281,1.902269,0.539999,-0.501607,-0.833984,-1.249928
1032,2.738281,1.896741,0.539999,-0.504924,-0.915039,-1.253908
1033,2.738281,1.891201,0.539999,-0.508248,-0.831055,-1.257897
1034,2.738281,1.885651,0.539999,-0.511578,-0.862305,-1.261893
1035,2.738281,1.880090,0.539999,-0.514915,-0.946289,-1.265896
1036,2.738281,1.874518,0.539999,-0.518258,-0.962891,-1.269908
1037,2.738281,1.868937,0.539999,-0.521607,-0.920898,-1.273927
1038,2.738281,1.863344,0.539999,-0.524963,-0.915039,-1.277954
1039,2.738281,1.857741,0.539999,-0.528324,-0.929688,-1.281988
1040,2.738281,1.852126,0.539999,-0.531693,-0.892578,-1.286030
1041,2.738281,1.846502,0.539999,-0.535067,-0.847656,-1.290080
1042,2.738281,1.840868,0.539999,-0.538448,-0.961914,-1.294137
1043,2.738281,1.835222,0.539999,-0.541835,-0.795898,-1.298201
1044,2.738281,1.829567,0.539999,-0.545229,-1.003906,-1.302273
1045,2.738281,1.823901,0.539999,-0.548628,-0.951172,-1.306353
1046,2.738281,1.818225,0.539999,-0.552034,-0.940430,-1.310440
1047,2.738281,1.812538,0.539999,-0.555446,-0.881836,-1.314534
1048,2.789062,1.806841,0.459999,-0.589333,-0.882812,-1.259199
1049,2.789062,1.801134,0.459999,-0.592757,-0.877930,-1.263308
1050,2.789062,1.795416,0.459999,-0.596188,-0.903320,-1.267424
1051,2.789062,1.789689,0.459999,-0.599624,-0.924805,-1.271548
1052,2.789062,1.783951,0.459999,-0.603067,-1.027344,-1.275679
1053,2.789062,1.778203,0.459999,-0.606515,-1.002930,-1.279817
1054,2.789062,1.772445,0.459999,-0.609970,-0.958008,-1.283963
1055,2.789062,1.766678,0.459999,-0.613431,-0.884766,-1.288116
1056,2.789062,1.760899,0.459999,-0.616898,-0.957031,-1.292277
1057,2.789062,1.755112,0.459999,-0.620370,-0.894531,-1.296443
1058,2.789062,1.749314,0.459999,-0.623849,-0.957031,-1.300618
1059,2.789062,1.743506,0.459999,-0.627334,-0.904297,-1.304800
1060,2.789062,1.737689,0.459999,-0.630824,-0.932617,-1.308988
1061,2.789062,1.731861,0.459999,-0.634321,-0.949219,-1.313184
1062,2.789062,1.726024,0.459999,-0.637823,-0.902344,-1.317387
1063,2.789062,1.720176,0.459999,-0.641332,-1.041992,-1.321597
1064,2.789062,1.714320,0.459999,-0.644846,-0.999023,-1.325814
1065,2.789062,1.708453,0.459999,-0.648366,-0.951172,-1.330038
1066,2.789062,1.702577,0.459999,-0.651892,-0.912109,-1.334269
1067,2.789062,1.696691,0.459999,-0.655423,-0.906250,-1.338506
1068,2.789062,1.690795,0.459999,-0.658960,-0.968750,-1.342751
1069,2.789062,1.684890,0.459999,-0.662503,-0.956055,-1.347003
1070,2.789062,1.678975,0.459999,-0.666052,-0.965820,-1.351262
1071,2.789062,1.673051,0.459999,-0.669607,-0.959961,-1.355527
1072,2.789062,1.667117,0.459999,-0.673167,-0.936523,-1.359800
1073,2.789062,1.661174,0.459999,-0.676733,-0.894531,-1.364079
1074,2.828125,1.655221,0.369999,-0.703742,-0.950195,-1.288489
1075,2.828125,1.649260,0.369999,-0.707319,-0.959961,-1.292782
1076,2.828125,1.643289,0.369999,-0.710902,-0.982422,-1.297081
1077,2.828125,1.637308,0.369999,-0.714490,-0.949219,-1.301387
1078,2.828125,1.631318,0.369999,-0.718084,-0.909180,-1.305700
1079,2.828125,1.625319,0.369999,-0.721684,-1.038086,-1.310019
1080,2.828125,1.619311,0.369999,-0.725289,-0.943359,-1.314345
1081,2.828125,1.613293,0.369999,-0.728899,-0.926758,-1.318678
1082,2.828125,1.607266,0.369999,-0.732515,-0.959961,-1.323017
1083,2.828125,1.601231,0.369999,-0.736136,-0.917969,-1.327363
1084,2.828125,1.595186,0.369999,-0.739764,-0.980469,-1.331715
1085,2.828125,1.589132,0.369999,-0.743396,-0.958984,-1.336074
1086,2.828125,1.583069,0.369999,-0.747034,-0.932617,-1.340439
1087,2.828125,1.576997,0.369999,-0.750677,-0.942383,-1.344811
1088,2.828125,1.570916,0.369999,-0.754325,-0.954102,-1.349189
1089,2.828125,1.564826,0.369999,-0.757979,-0.905273,-1.353574
1090,2.828125,1.558728,0.369999,-0.761639,-1.013672,-1.357965
1091,2.828125,1.552620,0.369999,-0.765303,-0.957031,-1.362362
1092,2.828125,1.546504,0.369999,-0.768972,-0.925781,-1.366766
1093,2.828125,1.540379,0.369999,-0.772648,-0.993164,-1.371176
1094,2.828125,1.534245,0.369999,-0.776328,-0.991211,-1.375592
1095,2.828125,1.528103,0.369999,-0.780013,-0.971680,-1.380015
1096,2.828125,1.521952,0.369999,-0.783704,-0.935547,-1.384443
1097,2.828125,1.515792,0.369999,-0.787400,-1.017578,-1.388879
1098,2.828125,1.509624,0.369999,-0.791101,-1.032227,-1.393320
1099,2.859375,1.503447,0.279999,-0.813557,-1.097656,-1.312267
1100,2.859375,1.497261,0.279999,-0.817268,-0.940430,-1.316720
1101,2.859375,1.491068,0.279999,-0.820984,-1.003906,-1.321180
1102,2.859375,1.484865,0.279999,-0.824706,-0.979492,-1.325646
1103,2.859375,1.478655,0.279999,-0.828432,-0.969727,-1.330117
1104,2.859375,1.472435,0.279999,-0.832164,-1.018555,-1.334595
1105,2.859375,1.466208,0.279999,-0.835900,-0.923828,-1.339079
1106,2.859375,1.459972,0.279999,-0.839642,-1.058594,-1.343569
1107,2.859375,1.453728,0.279999,-0.843388,-1.020508,-1.348065
1108,2.859375,1.447476,0.279999,-0.847140,-0.988281,-1.352566
1109,2.859375,1.441215,0.279999,-0.850896,-0.958008,-1.357074
1110,2.859375,1.434947,0.279999,-0.854657,-1.043945,-1.361587
1111,2.859375,1.428669,0.279999,-0.858423,-1.005859,-1.366107
1112,2.859375,1.422385,0.279999,-0.862194,-0.955078,-1.370632
1113,2.859375,1.416091,0.279999,-0.865970,-0.881836,-1.375163
1114,2.859375,1.409791,0.279999,-0.869751,-0.924805,-1.379699
1115,2.859375,1.403482,0.279999,-0.873536,-0.893555,-1.384242
1116,2.859375,1.397165,0.279999,-0.877326,-0.947266,-1.388790
1117,2.859375,1.390840,0.279999,-0.881121,-1.041016,-1.393344
1118,2.859375,1.384507,0.279999,-0.884921,-0.926758,-1.397904
1119,2.859375,1.378166,0.279999,-0.888725,-1.061523,-1.402469
1120,2.859375,1.371818,0.279999,-0.892534,-1.008789,-1.407040
1121,2.859375,1.365462,0.279999,-0.896348,-0.946289,-1.411616
1122,2.859375,1.359097,0.279999,-0.900167,-0.970703,-1.416198
1123,2.859375,1.352726,0.279999,-0.903989,-0.992188,-1.420786
1124,2.859375,1.346347,0.279999,-0.907817,-1.052734,-1.425379
1125,2.886719,1.339960,0.189999,-0.928056,-1.115234,-1.341665
1126,2.886719,1.333565,0.189999,-0.931892,-1.004883,-1.346269
1127,2.886719,1.327163,0.189999,-0.935733,-0.873047,-1.350879
1128,2.886719,1.320754,0.189999,-0.939579,-1.002930,-1.355493
1129,2.886719,1.314336,0.189999,-0.943430,-0.965820,-1.360114
1130,2.886719,1.307912,0.189999,-0.947284,-0.966797,-1.364739
1131,2.886719,1.301480,0.189999,-0.951143,-0.944336,-1.369370
1132,2.886719,1.295040,0.189999,-0.955007,-1.027344,-1.374007
1133,2.886719,1.288594,0.189999,-0.958875,-0.938477,-1.378648
1134,2.886719,1.282140,0.189999,-0.962748,-1.069336,-1.383296
1135,2.886719,1.275679,0.189999,-0.966624,-0.959961,-1.387948
1136,2.886719,1.269210,0.189999,-0.970506,-1.030273,-1.392605
1137,2.886719,1.262734,0.189999,-0.974391,-1.010742,-1.397267
1138,2.886719,1.256251,0.189999,-0.978281,-0.928711,-1.401935
1139,2.886719,1.249761,0.189999,-0.982175,-0.980469,-1.406608
1140,2.886719,1.243264,0.189999,-0.986073,-0.938477,-1.411285
1141,2.886719,1.236760,0.189999,-0.989975,-0.997070,-1.415969
1142,2.886719,1.230249,0.189999,-0.993882,-1.033203,-1.420657
1143,2.886719,1.223731,0.189999,-0.997793,-0.989258,-1.425350
1144,2.886719,1.217206,0.189999,-1.001708,-1.023438,-1.430048
1145,2.886719,1.210674,0.189999,-1.005627,-1.010742,-1.434751
1146,2.886719,1.204135,0.189999,-1.009550,-0.985352,-1.439459
1147,2.886719,1.197590,0.189999,-1.013478,-1.041992,-1.444171
1148,2.886719,1.191037,0.189999,-1.017409,-1.083984,-1.448889
1149,2.886719,1.184478,0.189999,-1.021344,-0.945312,-1.453612
1150,2.886719,1.177912,0.189999,-1.025284,-1.170898,-1.458340
1151,2.898438,1.171340,0.089998,-1.036259,-1.073242,-1.351508
1152,2.898438,1.164760,0.089998,-1.040207,-1.094727,-1.356246
1153,2.898438,1.158174,0.089998,-1.044158,-0.978516,-1.360987
1154,2.898438,1.151582,0.089998,-1.048114,-1.061523,-1.365734
1155,2.898438,1.144983,0.089998,-1.052073,-1.060547,-1.370485
1156,2.898438,1.138378,0.089998,-1.056036,-0.976562,-1.375241
1157,2.898438,1.131766,0.089998,-1.060003,-1.006836,-1.380002
1158,2.898438,1.125148,0.089998,-1.063974,-1.037109,-1.384767
1159,2.898438,1.118523,0.089998,-1.067949,-0.906250,-1.389537
1160,2.898438,1.111892,0.089998,-1.071927,-1.006836,-1.394311
1161,2.898438,1.105254,0.089998,-1.075910,-1.026367,-1.399090
1162,2.898438,1.098611,0.089998,-1.079896,-1.008789,-1.403873
1163,2.898438,1.091961,0.089998,-1.083886,-1.018555,-1.408661
1164,2.898438,1.085305,0.089998,-1.087879,-0.977539,-1.413453
1165,2.898438,1.078643,0.089998,-1.091877,-1.054688,-1.418250
1166,2.898438,1.071975,0.089998,-1.095878,-0.994141,-1.423051
1167,2.898438,1.065301,0.089998,-1.099882,-1.096680,-1.427856
1168,2.898438,1.058620,0.089998,-1.103891,-0.983398,-1.432667
1169,2.898438,1.051934,0.089998,-1.107902,-1.006836,-1.437481
1170,2.898438,1.045241,0.089998,-1.111918,-1.085938,-1.442299
1171,2.898438,1.038543,0.089998,-1.115937,-1.024414,-1.447122
1172,2.898438,1.031839,0.089998,-1.119959,-0.955078,-1.451949
1173,2.898438,1.025129,0.089998,-1.123985,-1.000000,-1.456780
1174,2.898438,1.018414,0.089998,-1.128014,-1.043945,-1.461615
1175,2.898438,1.011692,0.089998,-1.132048,-1.024414,-1.466455
1176,2.906250,1.004965,0.000000,-1.140771,-1.080078,-1.368926
1177,2.906250,0.998231,0.000000,-1.144811,-1.089844,-1.373774
1178,2.906250,0.991493,0.000000,-1.148854,-1.014648,-1.378625
1179,2.906250,0.984748,0.000000,-1.152901,-0.994141,-1.383482
1180,2.906250,0.977999,0.000000,-1.156951,-0.990234,-1.388341
1181,2.906250,0.971244,0.000000,-1.161004,-1.054688,-1.393205
1182,2.906250,0.964482,0.000000,-1.165061,-1.007812,-1.398073
1183,2.906250,0.957716,0.000000,-1.169120,-1.073242,-1.402944
1184,2.906250,0.950944,0.000000,-1.173184,-1.017578,-1.407820
1185,2.906250,0.944167,0.000000,-1.177250,-1.000977,-1.412700
1186,2.906250,0.937384,0.000000,-1.181320,-1.041992,-1.417584
1187,2.906250,0.930597,0.000000,-1.185392,-0.962891,-1.422471
1188,2.906250,0.923804,0.000000,-1.189468,-1.059570,-1.427361
1189,2.906250,0.917005,0.000000,-1.193547,-1.008789,-1.432257
1190,2.906250,0.910202,0.000000,-1.197629,-1.038086,-1.437155
1191,2.906250,0.903392,0.000000,-1.201715,-0.949219,-1.442057
1192,2.906250,0.896579,0.000000,-1.205803,-1.167969,-1.446963
1193,2.906250,0.889760,0.000000,-1.209894,-1.051758,-1.451873
1194,2.906250,0.882936,0.000000,-1.213988,-1.001953,-1.456786
1195,2.906250,0.876107,0.000000,-1.218086,-0.977539,-1.461703
1196,2.906250,0.869273,0.000000,-1.222186,-0.982422,-1.466624
1197,2.906250,0.862434,0.000000,-1.226289,-1.044922,-1.471547
1198,2.906250,0.855590,0.000000,-1.230396,-1.120117,-1.476475
1199,2.906250,0.848742,0.000000,-1.234505,-0.999023,-1.481406
1200,2.906250,0.841888,0.000000,-1.238617,-1.042969,-1.486341
1201,2.906250,0.835030,0.000000,-1.242732,-1.035156,-1.491279
1202,2.898438,0.828167,-0.099998,-1.242162,-1.055664,-1.370597
1203,2.898438,0.821299,-0.099998,-1.246283,-1.015625,-1.375541
1204,2.898438,0.814427,-0.099998,-1.250406,-1.105469,-1.380489
1205,2.898438,0.807550,-0.099998,-1.254533,-1.028320,-1.385441
1206,2.898438,0.800669,-0.099998,-1.258661,-0.985352,-1.390395
1207,2.898438,0.793782,-0.099998,-1.262793,-0.930664,-1.395354
1208,2.898438,0.786892,-0.099998,-1.266927,-1.067383,-1.400314
1209,2.898438,0.779997,-0.099998,-1.271064,-0.965820,-1.405279
1210,2.898438,0.773098,-0.099998,-1.275204,-1.056641,-1.410246
1211,2.898438,0.766194,-0.099998,-1.279346,-1.020508,-1.415218
1212,2.898438,0.759286,-0.099998,-1.283491,-1.045898,-1.420191
1213,2.898438,0.752374,-0.099998,-1.287638,-0.937500,-1.425168
1214,2.898438,0.745457,-0.099998,-1.291789,-1.081055,-1.430148
1215,2.898438,0.738536,-0.099998,-1.295941,-1.077148,-1.435131
1216,2.898438,0.731610,-0.099998,-1.300096,-0.999023,-1.440118
1217,2.898438,0.724681,-0.099998,-1.304254,-0.910156,-1.445106
1218,2.898438,0.717748,-0.099998,-1.308414,-0.987305,-1.450099
1219,2.898438,0.710811,-0.099998,-1.312576,-0.988281,-1.455093
1220,2.898438,0.703869,-0.099998,-1.316741,-0.986328,-1.460091
1221,2.898438,0.696924,-0.099998,-1.320908,-1.079102,-1.465092
1222,2.898438,0.689974,-0.099998,-1.325078,-1.044922,-1.470096
1223,2.898438,0.683021,-0.099998,-1.329250,-1.003906,-1.475102
1224,2.898438,0.676064,-0.099998,-1.333424,-1.049805,-1.480111
1225,2.898438,0.669102,-0.099998,-1.337601,-0.978516,-1.485123
1226,2.898438,0.662138,-0.099998,-1.341780,-1.056641,-1.490138
1227,2.886719,0.655169,-0.199999,-1.338930,-1.065430,-1.366717
1228,2.886719,0.648197,-0.199999,-1.343113,-0.916016,-1.371737
1229,2.886719,0.641221,-0.199999,-1.347299,-1.091797,-1.376760
1230,2.886719,0.634241,-0.199999,-1.351486,-1.017578,-1.381785
1231,2.886719,0.627258,-0.199999,-1.355676,-1.003906,-1.386813
1232,2.886719,0.620271,-0.199999,-1.359869,-1.071289,-1.391844
1233,2.886719,0.613281,-0.199999,-1.364063,-1.026367,-1.396876
1234,2.886719,0.606287,-0.199999,-1.368259,-0.977539,-1.401912
1235,2.886719,0.599290,-0.199999,-1.372457,-0.983398,-1.406950
1236,2.886719,0.592290,-0.199999,-1.376657,-0.977539,-1.411990
1237,2.886719,0.585286,-0.199999,-1.380860,-1.059570,-1.417033
1238,2.886719,0.578279,-0.199999,-1.385064,-1.110352,-1.422078
1239,2.886719,0.571268,-0.199999,-1.389271,-1.084961,-1.427126
1240,2.886719,0.564254,-0.199999,-1.393479,-1.078125,-1.432176
1241,2.886719,0.557237,-0.199999,-1.397689,-0.998047,-1.437228
1242,2.886719,0.550217,-0.199999,-1.401901,-1.048828,-1.442283
1243,2.886719,0.543194,-0.199999,-1.406115,-0.978516,-1.447340
1244,2.886719,0.536168,-0.199999,-1.410331,-1.053711,-1.452398
1245,2.886719,0.529138,-0.199999,-1.414548,-1.074219,-1.457459
1246,2.886719,0.522106,-0.199999,-1.418768,-1.111328,-1.462523
1247,2.886719,0.515071,-0.199999,-1.422989,-1.115234,-1.467588
1248,2.886719,0.508032,-0.199999,-1.427212,-0.988281,-1.472656
1249,2.886719,0.500991,-0.199999,-1.431437,-1.073242,-1.477725
1250,2.886719,0.493947,-0.199999,-1.435663,-1.057617,-1.482797
1251,2.886719,0.486900,-0.199999,-1.439891,-1.067383,-1.487871
1252,2.886719,0.479851,-0.199999,-1.444121,-1.033203,-1.492946
1253,2.859375,0.472799,-0.299999,-1.431946,-1.060547,-1.358336
1254,2.859375,0.465744,-0.299999,-1.436179,-1.079102,-1.363415
1255,2.859375,0.458686,-0.299999,-1.440413,-1.066406,-1.368497
1256,2.859375,0.451626,-0.299999,-1.444649,-1.012695,-1.373580
1257,2.859375,0.444563,-0.299999,-1.448887,-1.114258,-1.378666
1258,2.859375,0.437498,-0.299999,-1.453126,-1.105469,-1.383752
1259,2.859375,0.430430,-0.299999,-1.457367,-1.070312,-1.388841
1260,2.859375,0.423360,-0.299999,-1.461609,-1.038086,-1.393932
1261,2.859375,0.416288,-0.299999,-1.465852,-1.140625,-1.399024
1262,2.859375,0.409212,-0.299999,-1.470098,-1.012695,-1.404118
1263,2.859375,0.402135,-0.299999,-1.474344,-1.000000,-1.409214
1264,2.859375,0.395056,-0.299999,-1.478592,-1.008789,-1.414311
1265,2.859375,0.387974,-0.299999,-1.482841,-1.017578,-1.419410
1266,2.859375,0.380890,-0.299999,-1.487091,-1.139648,-1.424510
1267,2.859375,0.373804,-0.299999,-1.491343,-0.941406,-1.429612
1268,2.859375,0.366715,-0.299999,-1.495596,-0.967773,-1.434716
1269,2.859375,0.359625,-0.299999,-1.499850,-1.004883,-1.439821
1270,2.859375,0.352533,-0.299999,-1.504105,-1.040039,-1.444927
1271,2.859375,0.345438,-0.299999,-1.508362,-0.963867,-1.450035
1272,2.859375,0.338342,-0.299999,-1.512620,-1.110352,-1.455145
1273,2.859375,0.331244,-0.299999,-1.516879,-1.012695,-1.460256
1274,2.859375,0.324144,-0.299999,-1.521139,-0.947266,-1.465368
1275,2.859375,0.317042,-0.299999,-1.525400,-1.014648,-1.470481
1276,2.859375,0.309938,-0.299999,-1.529662,-1.082031,-1.475595
1277,2.859375,0.302833,-0.299999,-1.533925,-0.998047,-1.480711
1278,2.859375,0.295725,-0.299999,-1.538190,-0.992188,-1.485829
1279,2.828125,0.288617,-0.409998,-1.523705,-1.020508,-1.336448
1280,2.828125,0.281506,-0.409998,-1.527972,-1.034180,-1.341568
1281,2.828125,0.274394,-0.409998,-1.532239,-1.027344,-1.346689
1282,2.828125,0.267280,-0.409998,-1.536507,-1.048828,-1.351811
1283,2.828125,0.260165,-0.409998,-1.540776,-0.966797,-1.356934
1284,2.828125,0.253048,-0.409998,-1.545046,-1.020508,-1.362058
1285,2.828125,0.245930,-0.409998,-1.549317,-1.001953,-1.367183
1286,2.828125,0.238811,-0.409998,-1.553589,-1.030273,-1.372309
1287,2.828125,0.231690,-0.409998,-1.557861,-1.038086,-1.377436
1288,2.828125,0.224568,-0.409998,-1.562134,-0.940430,-1.382564
1289,2.828125,0.217444,-0.409998,-1.566409,-0.999023,-1.387693
1290,2.828125,0.210320,-0.409998,-1.570683,-1.022461,-1.392822
1291,2.828125,0.203193,-0.409998,-1.574959,-0.925781,-1.397953
1292,2.828125,0.196067,-0.409998,-1.579235,-1.031250,-1.403085
1293,2.828125,0.188939,-0.409998,-1.583512,-0.989258,-1.408217
1294,2.828125,0.181809,-0.409998,-1.587790,-1.087891,-1.413350
1295,2.828125,0.174679,-0.409998,-1.592067,-0.991211,-1.418483
1296,2.828125,0.167548,-0.409998,-1.596346,-1.031250,-1.423618
1297,2.828125,0.160416,-0.409998,-1.600626,-1.085938,-1.428753
1298,2.828125,0.153282,-0.409998,-1.604906,-0.887695,-1.433889
1299,2.828125,0.146149,-0.409998,-1.609186,-1.031250,-1.439026
1300,2.828125,0.139014,-0.409998,-1.613467,-1.058594,-1.444163
1301,2.828125,0.131878,-0.409998,-1.617748,-0.986328,-1.449300
1302,2.828125,0.124742,-0.409998,-1.622030,-1.002930,-1.454438
1303,2.828125,0.117605,-0.409998,-1.626312,-0.978516,-1.459577
1304,2.777344,0.110467,-0.509998,-1.600126,-1.017578,-1.308153
1305,2.777344,0.103329,-0.509998,-1.604409,-1.002930,-1.313293
1306,2.777344,0.096190,-0.509998,-1.608692,-0.992188,-1.318433
1307,2.777344,0.089050,-0.509998,-1.612976,-1.079102,-1.323573
1308,2.777344,0.081911,-0.509998,-1.617260,-1.041016,-1.328714
1309,2.777344,0.074771,-0.509998,-1.621544,-0.988281,-1.333855
1310,2.777344,0.067629,-0.509998,-1.625829,-0.994141,-1.338997
1311,2.777344,0.060488,-0.509998,-1.630113,-1.049805,-1.344138
1312,2.777344,0.053346,-0.509998,-1.634398,-1.026367,-1.349280
1313,2.777344,0.046205,-0.509998,-1.638683,-0.989258,-1.354422
1314,2.777344,0.039062,-0.509998,-1.642969,-0.974609,-1.359565
1315,2.777344,0.031920,-0.509998,-1.647254,-1.012695,-1.364707
1316,2.777344,0.024777,-0.509998,-1.651540,-1.155273,-1.369850
1317,2.777344,0.017635,-0.509998,-1.655825,-0.995117,-1.374992
1318,2.777344,0.010493,-0.509998,-1.660111,-1.028320,-1.380135
1319,2.777344,0.003349,-0.509998,-1.664397,-0.925781,-1.385278
1320,2.777344,-0.003793,-0.509998,-1.668682,-0.935547,-1.390421
1321,2.777344,-0.010936,-0.509998,-1.672968,-1.036133,-1.395564
1322,2.777344,-0.018079,-0.509998,-1.677254,-1.000977,-1.400707
1323,2.777344,-0.025222,-0.509998,-1.681540,-0.984375,-1.405849
1324,2.777344,-0.032364,-0.509998,-1.685825,-0.956055,-1.410992
1325,2.777344,-0.039506,-0.509998,-1.690110,-0.941406,-1.416134
1326,2.777344,-0.046649,-0.509998,-1.694396,-0.932617,-1.421277
1327,2.777344,-0.053790,-0.509998,-1.698681,-0.958984,-1.426419
1328,2.777344,-0.060932,-0.509998,-1.702966,-0.993164,-1.431561
1329,2.777344,-0.068073,-0.509998,-1.707250,-0.937500,-1.436702
1330,2.718750,-0.075214,-0.609999,-1.676379,-0.966797,-1.279656
1331,2.718750,-0.082354,-0.609999,-1.680663,-0.987305,-1.284797
1332,2.718750,-0.089495,-0.609999,-1.684947,-1.030273,-1.289938
1333,2.718750,-0.096634,-0.609999,-1.689230,-0.991211,-1.295078
1334,2.718750,-0.103772,-0.609999,-1.693514,-0.965820,-1.300218
1335,2.718750,-0.110911,-0.609999,-1.697797,-0.992188,-1.305358
1336,2.718750,-0.118048,-0.609999,-1.702079,-0.992188,-1.310497
1337,2.718750,-0.125186,-0.609999,-1.706362,-0.973633,-1.315636
1338,2.718750,-0.132322,-0.609999,-1.710643,-0.958008,-1.320773
1339,2.718750,-0.139458,-0.609999,-1.714925,-1.054688,-1.325911
1340,2.718750,-0.146592,-0.609999,-1.719205,-1.055664,-1.331048
1341,2.718750,-0.153726,-0.609999,-1.723486,-0.979492,-1.336184
1342,2.718750,-0.160859,-0.609999,-1.727766,-1.055664,-1.341320
1343,2.718750,-0.167991,-0.609999,-1.732045,-1.050781,-1.346455
1344,2.718750,-0.175123,-0.609999,-1.736324,-0.889648,-1.351590
1345,2.718750,-0.182252,-0.609999,-1.740602,-0.989258,-1.356723
1346,2.718750,-0.189382,-0.609999,-1.744879,-0.981445,-1.361857
1347,2.718750,-0.196510,-0.609999,-1.749156,-0.998047,-1.366989
1348,2.718750,-0.203637,-0.609999,-1.753432,-0.993164,-1.372120
1349,2.718750,-0.210763,-0.609999,-1.757708,-0.969727,-1.377251
1350,2.718750,-0.217887,-0.609999,-1.761982,-0.983398,-1.382380
1351,2.718750,-0.225011,-0.609999,-1.766256,-1.012695,-1.387509
1352,2.718750,-0.232132,-0.609999,-1.770530,-1.028320,-1.392637
1353,2.718750,-0.239254,-0.609999,-1.774802,-0.974609,-1.397764
1354,2.718750,-0.246373,-0.609999,-1.779074,-0.910156,-1.402890
1355,2.656250,-0.253491,-0.719999,-1.745845,-0.936523,-1.231014
1356,2.656250,-0.260607,-0.719999,-1.750115,-1.012695,-1.236138
1357,2.656250,-0.267722,-0.719999,-1.754383,-0.889648,-1.241261
1358,2.656250,-0.274836,-0.719999,-1.758652,-0.948242,-1.246383
1359,2.656250,-0.281948,-0.719999,-1.762919,-0.914062,-1.251503
1360,2.656250,-0.289059,-0.719999,-1.767185,-0.960938,-1.256623
1361,2.656250,-0.296167,-0.719999,-1.771451,-0.987305,-1.261742
1362,2.656250,-0.303275,-0.719999,-1.775715,-1.005859,-1.266859
1363,2.656250,-0.310380,-0.719999,-1.779978,-0.958008,-1.271974
1364,2.656250,-0.317484,-0.719999,-1.784240,-0.942383,-1.277089
1365,2.656250,-0.324585,-0.719999,-1.788501,-0.918945,-1.282202
1366,2.656250,-0.331685,-0.719999,-1.792761,-0.979492,-1.287314
1367,2.656250,-0.338784,-0.719999,-1.797020,-0.950195,-1.292425
1368,2.656250,-0.345879,-0.719999,-1.801278,-0.874023,-1.297534
1369,2.656250,-0.352974,-0.719999,-1.805535,-0.889648,-1.302642
1370,2.656250,-0.360066,-0.719999,-1.809790,-0.966797,-1.307748
1371,2.656250,-0.367157,-0.719999,-1.814044,-0.952148,-1.312854
1372,2.656250,-0.374244,-0.719999,-1.818297,-0.830078,-1.317957
1373,2.656250,-0.381331,-0.719999,-1.822549,-0.843750,-1.323059
1374,2.656250,-0.388414,-0.719999,-1.826799,-0.898438,-1.328159
1375,2.656250,-0.395496,-0.719999,-1.831047,-0.826172,-1.333258
1376,2.656250,-0.402575,-0.719999,-1.835295,-0.959961,-1.338355
1377,2.656250,-0.409652,-0.719999,-1.839541,-0.959961,-1.343451
1378,2.656250,-0.416727,-0.719999,-1.843787,-0.938477,-1.348545
1379,2.656250,-0.423800,-0.719999,-1.848030,-0.903320,-1.353637
1380,2.656250,-0.430870,-0.719999,-1.852272,-0.915039,-1.358727
1381,2.578125,-0.437937,-0.819998,-1.809637,-0.946289,-1.187568
1382,2.578125,-0.445002,-0.819998,-1.813876,-0.934570,-1.192654
1383,2.578125,-0.452065,-0.819998,-1.818114,-0.914062,-1.197740
1384,2.578125,-0.459125,-0.819998,-1.822350,-0.958984,-1.202822
1385,2.578125,-0.466183,-0.819998,-1.826585,-0.909180,-1.207904
1386,2.578125,-0.473237,-0.819998,-1.830817,-0.856445,-1.212983
1387,2.578125,-0.480289,-0.819998,-1.835049,-1.011719,-1.218061
1388,2.578125,-0.487338,-0.819998,-1.839278,-0.922852,-1.223137
1389,2.578125,-0.494385,-0.819998,-1.843506,-0.899414,-1.228210
1390,2.578125,-0.501429,-0.819998,-1.847732,-0.895508,-1.233282
1391,2.578125,-0.508470,-0.819998,-1.851957,-0.950195,-1.238351
1392,2.578125,-0.515508,-0.819998,-1.856180,-1.038086,-1.243419
1393,2.578125,-0.522543,-0.819998,-1.860401,-0.898438,-1.248484
1394,2.578125,-0.529575,-0.819998,-1.864620,-1.009766,-1.253547
1395,2.578125,-0.536604,-0.819998,-1.868838,-0.870117,-1.258608
1396,2.578125,-0.543631,-0.819998,-1.873054,-0.912109,-1.263667
1397,2.578125,-0.550654,-0.819998,-1.877267,-0.993164,-1.268723
1398,2.578125,-0.557673,-0.819998,-1.881479,-0.981445,-1.273777
1399,2.578125,-0.564690,-0.819998,-1.885689,-0.945312,-1.278830
1400,2.578125,-0.571704,-0.819998,-1.889897,-0.963867,-1.283879
1401,2.578125,-0.578714,-0.819998,-1.894104,-0.917969,-1.288927
1402,2.578125,-0.585721,-0.819998,-1.898308,-0.919922,-1.293972
1403,2.578125,-0.592725,-0.819998,-1.902510,-0.930664,-1.299015
1404,2.578125,-0.599725,-0.819998,-1.906710,-0.894531,-1.304055
1405,2.578125,-0.606723,-0.819998,-1.910909,-0.921875,-1.309093
1406,2.578125,-0.613716,-0.819998,-1.915105,-0.960938,-1.314128
1407,2.488281,-0.620706,-0.929998,-1.865392,-0.943359,-1.122473
1408,2.488281,-0.627693,-0.929998,-1.869584,-0.820312,-1.127503
1409,2.488281,-0.634675,-0.929998,-1.873774,-0.911133,-1.132531
1410,2.488281,-0.641655,-0.929998,-1.877962,-0.794922,-1.137556
1411,2.488281,-0.648630,-0.929998,-1.882147,-0.810547,-1.142578
1412,2.488281,-0.655603,-0.929998,-1.886331,-0.922852,-1.147599
1413,2.488281,-0.662571,-0.929998,-1.890511,-0.889648,-1.152616
1414,2.488281,-0.669535,-0.929998,-1.894690,-0.821289,-1.157630
1415,2.488281,-0.676496,-0.929998,-1.898867,-0.845703,-1.162642
1416,2.488281,-0.683453,-0.929998,-1.903041,-0.892578,-1.167651
1417,2.488281,-0.690407,-0.929998,-1.907213,-0.893555,-1.172657
1418,2.488281,-0.697355,-0.929998,-1.911382,-0.838867,-1.177660
1419,2.488281,-0.704301,-0.929998,-1.915549,-0.907227,-1.182661
1420,2.488281,-0.711242,-0.929998,-1.919714,-0.807617,-1.187659
1421,2.488281,-0.718179,-0.929998,-1.923877,-0.767578,-1.192654
1422,2.488281,-0.725112,-0.929998,-1.928036,-0.811523,-1.197646
1423,2.488281,-0.732041,-0.929998,-1.932193,-0.878906,-1.202634
1424,2.488281,-0.738966,-0.929998,-1.936349,-0.920898,-1.207620
1425,2.488281,-0.745887,-0.929998,-1.940501,-0.906250,-1.212603
1426,2.488281,-0.752803,-0.929998,-1.944651,-0.791992,-1.217583
1427,2.488281,-0.759715,-0.929998,-1.948798,-0.808594,-1.222560
1428,2.488281,-0.766624,-0.929998,-1.952943,-0.884766,-1.227534
1429,2.488281,-0.773527,-0.929998,-1.957085,-0.841797,-1.232504
1430,2.488281,-0.780426,-0.929998,-1.961224,-0.926758,-1.237471
1431,2.488281,-0.787321,-0.929998,-1.965361,-0.881836,-1.242435
1432,2.398438,-0.794211,-1.019999,-1.915589,-0.884766,-1.074709
1433,2.398438,-0.801097,-1.019999,-1.919721,-0.871094,-1.079667
1434,2.398438,-0.807978,-1.019999,-1.923849,-0.887695,-1.084621
1435,2.398438,-0.814855,-1.019999,-1.927975,-0.882812,-1.089572
1436,2.398438,-0.821726,-1.019999,-1.932098,-0.847656,-1.094520
1437,2.398438,-0.828594,-1.019999,-1.936219,-0.824219,-1.099465
1438,2.398438,-0.835456,-1.019999,-1.940336,-0.940430,-1.104405
1439,2.398438,-0.842314,-1.019999,-1.944451,-0.790039,-1.109343
1440,2.398438,-0.849168,-1.019999,-1.948563,-0.787109,-1.114278
1441,2.398438,-0.856016,-1.019999,-1.952672,-0.960938,-1.119208
1442,2.398438,-0.862860,-1.019999,-1.956778,-0.870117,-1.124136
1443,2.398438,-0.869698,-1.019999,-1.960881,-0.834961,-1.129059
1444,2.398438,-0.876532,-1.019999,-1.964982,-0.787109,-1.133980
1445,2.398438,-0.883360,-1.019999,-1.969079,-0.817383,-1.138896
1446,2.398438,-0.890184,-1.019999,-1.973173,-0.886719,-1.143809
1447,2.398438,-0.897003,-1.019999,-1.977264,-0.847656,-1.148719
1448,2.398438,-0.903816,-1.019999,-1.981352,-0.830078,-1.153624
1449,2.398438,-0.910625,-1.019999,-1.985437,-0.888672,-1.158527
1450,2.398438,-0.917428,-1.019999,-1.989519,-0.848633,-1.163425
1451,2.398438,-0.924226,-1.019999,-1.993598,-0.841797,-1.168320
1452,2.398438,-0.931019,-1.019999,-1.997674,-0.842773,-1.173210
1453,2.398438,-0.937806,-1.019999,-2.001747,-0.775391,-1.178098
1454,2.398438,-0.944588,-1.019999,-2.005816,-0.781250,-1.182981
1455,2.398438,-0.951365,-1.019999,-2.009881,-0.783203,-1.187860
1456,2.398438,-0.958137,-1.019999,-2.013945,-0.804688,-1.192735
1457,2.398438,-0.964903,-1.019999,-2.018004,-0.811523,-1.197607
1458,2.289062,-0.971664,-1.109999,-1.956436,-0.859375,-1.015724
1459,2.289062,-0.978418,-1.109999,-1.960489,-0.741211,-1.020588
1460,2.289062,-0.985168,-1.109999,-1.964538,-0.791016,-1.025448
1461,2.289062,-0.991912,-1.109999,-1.968585,-0.733398,-1.030303
1462,2.289062,-0.998650,-1.109999,-1.972628,-0.761719,-1.035155
1463,2.289062,-1.005383,-1.109999,-1.976667,-0.786133,-1.040002
1464,2.289062,-1.012110,-1.109999,-1.980703,-0.847656,-1.044845
1465,2.289062,-1.018831,-1.109999,-1.984736,-0.913086,-1.049685
1466,2.289062,-1.025546,-1.109999,-1.988765,-0.731445,-1.054520
1467,2.289062,-1.032256,-1.109999,-1.992791,-0.820312,-1.059351
1468,2.289062,-1.038960,-1.109999,-1.996813,-0.751953,-1.064178
1469,2.289062,-1.045658,-1.109999,-2.000833,-0.806641,-1.069001
1470,2.289062,-1.052350,-1.109999,-2.004847,-0.784180,-1.073818
1471,2.289062,-1.059035,-1.109999,-2.008859,-0.741211,-1.078632
1472,2.289062,-1.065716,-1.109999,-2.012867,-0.768555,-1.083442
1473,2.289062,-1.072389,-1.109999,-2.016871,-0.808594,-1.088247
1474,2.289062,-1.079058,-1.109999,-2.020872,-0.840820,-1.093048
1475,2.289062,-1.085719,-1.109999,-2.024869,-0.827148,-1.097844
1476,2.289062,-1.092375,-1.109999,-2.028863,-0.850586,-1.102637
1477,2.289062,-1.099024,-1.109999,-2.032852,-0.666016,-1.107424
1478,2.289062,-1.105668,-1.109999,-2.036838,-0.785156,-1.112207
1479,2.289062,-1.112304,-1.109999,-2.040820,-0.734375,-1.116986
1480,2.289062,-1.118935,-1.109999,-2.044798,-0.840820,-1.121760
1481,2.289062,-1.125559,-1.109999,-2.048773,-0.843750,-1.126530
1482,2.289062,-1.132177,-1.109999,-2.052744,-0.738281,-1.131294
1483,2.167969,-1.138789,-1.199999,-1.984055,-0.695312,-0.940867
1484,2.167969,-1.145393,-1.199999,-1.988017,-0.863281,-0.945622
1485,2.167969,-1.151992,-1.199999,-1.991977,-0.736328,-0.950373
1486,2.167969,-1.158584,-1.199999,-1.995932,-0.862305,-0.955119
1487,2.167969,-1.165169,-1.199999,-1.999883,-0.753906,-0.959861
1488,2.167969,-1.171748,-1.199999,-2.003830,-0.723633,-0.964598
1489,2.167969,-1.178320,-1.199999,-2.007773,-0.742188,-0.969329
1490,2.167969,-1.184886,-1.199999,-2.011713,-0.750977,-0.974057
1491,2.167969,-1.191444,-1.199999,-2.015648,-0.806641,-0.978779
1492,2.167969,-1.197997,-1.199999,-2.019579,-0.780273,-0.983497
1493,2.167969,-1.204542,-1.199999,-2.023506,-0.726562,-0.988209
1494,2.167969,-1.211080,-1.199999,-2.027430,-0.712891,-0.992917
1495,2.167969,-1.217612,-1.199999,-2.031348,-0.748047,-0.997620
1496,2.167969,-1.224136,-1.199999,-2.035263,-0.749023,-1.002317
1497,2.167969,-1.230654,-1.199999,-2.039174,-0.723633,-1.007010
1498,2.167969,-1.237164,-1.199999,-2.043080,-0.705078,-1.011698
1499,2.167969,-1.243669,-1.199999,-2.046983,-0.792969,-1.016380
1500,2.167969,-1.250165,-1.199999,-2.050880,-0.708008,-1.021058
1501,2.167969,-1.256655,-1.199999,-2.054774,-0.723633,-1.025731
1502,2.167969,-1.263137,-1.199999,-2.058663,-0.773438,-1.030397
1503,2.167969,-1.269612,-1.199999,-2.062548,-0.791016,-1.035059
1504,2.167969,-1.276080,-1.199999,-2.066430,-0.700195,-1.039717
1505,2.167969,-1.282541,-1.199999,-2.070306,-0.702148,-1.044368
1506,2.167969,-1.288995,-1.199999,-2.074178,-0.670898,-1.049015
1507,2.167969,-1.295441,-1.199999,-2.078046,-0.685547,-1.053656
1508,2.167969,-1.301880,-1.199999,-2.081909,-0.821289,-1.058293
1509,2.046875,-1.308311,-1.279999,-2.013112,-0.680664,-0.879736
1510,2.046875,-1.314736,-1.279999,-2.016967,-0.623047,-0.884361
1511,2.046875,-1.321152,-1.279999,-2.020816,-0.728516,-0.888981
1512,2.046875,-1.327561,-1.279999,-2.024662,-0.625000,-0.893595
1513,2.046875,-1.333963,-1.279999,-2.028503,-0.762695,-0.898205
1514,2.046875,-1.340357,-1.279999,-2.032339,-0.664062,-0.902808
1515,2.046875,-1.346744,-1.279999,-2.036171,-0.721680,-0.907407
1516,2.046875,-1.353122,-1.279999,-2.039999,-0.744141,-0.912000
1517,2.046875,-1.359494,-1.279999,-2.043821,-0.564453,-0.916587
1518,2.046875,-1.365857,-1.279999,-2.047639,-0.613281,-0.921169
1519,2.046875,-1.372213,-1.279999,-2.051453,-0.689453,-0.925745
1520,2.046875,-1.378561,-1.279999,-2.055262,-0.712891,-0.930315
1521,2.046875,-1.384901,-1.279999,-2.059065,-0.644531,-0.934880
1522,2.046875,-1.391233,-1.279999,-2.062865,-0.778320,-0.939440
1523,2.046875,-1.397557,-1.279999,-2.066659,-0.670898,-0.943993
1524,2.046875,-1.403874,-1.279999,-2.070450,-0.708008,-0.948541
1525,2.046875,-1.410182,-1.279999,-2.074234,-0.686523,-0.953083
1526,2.046875,-1.416483,-1.279999,-2.078015,-0.586914,-0.957620
1527,2.046875,-1.422776,-1.279999,-2.081790,-0.638672,-0.962150
1528,2.046875,-1.429060,-1.279999,-2.085561,-0.713867,-0.966675
1529,2.046875,-1.435336,-1.279999,-2.089327,-0.714844,-0.971194
1530,2.046875,-1.441604,-1.279999,-2.093088,-0.720703,-0.975707
1531,2.046875,-1.447865,-1.279999,-2.096844,-0.677734,-0.980214
1532,2.046875,-1.454116,-1.279999,-2.100595,-0.565430,-0.984716
1533,2.046875,-1.460360,-1.279999,-2.104341,-0.624023,-0.989211
1534,2.046875,-1.466595,-1.279999,-2.108082,-0.505859,-0.993700
1535,1.917969,-1.472822,-1.359999,-2.034475,-0.677734,-0.809371
1536,1.917969,-1.479041,-1.359999,-2.038206,-0.638672,-0.813849
1537,1.917969,-1.485251,-1.359999,-2.041932,-0.703125,-0.818320
1538,1.917969,-1.491453,-1.359999,-2.045653,-0.720703,-0.822786
1539,1.917969,-1.497646,-1.359999,-2.049369,-0.614258,-0.827245
1540,1.917969,-1.503831,-1.359999,-2.053080,-0.635742,-0.831698
1541,1.917969,-1.510008,-1.359999,-2.056786,-0.646484,-0.836145
1542,1.917969,-1.516176,-1.359999,-2.060487,-0.609375,-0.840585
1543,1.917969,-1.522335,-1.359999,-2.064182,-0.661133,-0.845020
1544,1.917969,-1.528485,-1.359999,-2.067872,-0.720703,-0.849448
1545,1.917969,-1.534627,-1.359999,-2.071558,-0.660156,-0.853871
1546,1.917969,-1.540760,-1.359999,-2.075237,-0.625000,-0.858286
1547,1.917969,-1.546885,-1.359999,-2.078912,-0.699219,-0.862696
1548,1.917969,-1.553000,-1.359999,-2.082582,-0.659180,-0.867099
1549,1.917969,-1.559108,-1.359999,-2.086246,-0.557617,-0.871496
1550,1.917969,-1.565205,-1.359999,-2.089904,-0.716797,-0.875887
1551,1.917969,-1.571294,-1.359999,-2.093558,-0.558594,-0.880271
1552,1.917969,-1.577375,-1.359999,-2.097206,-0.647461,-0.884649
1553,1.917969,-1.583446,-1.359999,-2.100849,-0.609375,-0.889020
1554,1.917969,-1.589509,-1.359999,-2.104486,-0.661133,-0.893385
1555,1.917969,-1.595562,-1.359999,-2.108118,-0.654297,-0.897744
1556,1.917969,-1.601606,-1.359999,-2.111745,-0.578125,-0.902096
1557,1.917969,-1.607641,-1.359999,-2.115366,-0.609375,-0.906441
1558,1.917969,-1.613668,-1.359999,-2.118982,-0.620117,-0.910780
1559,1.917969,-1.619684,-1.359999,-2.122592,-0.582031,-0.915112
1560,1.777344,-1.625692,-1.439999,-2.041821,-0.612305,-0.722187
1561,1.777344,-1.631691,-1.439999,-2.045421,-0.624023,-0.726507
1562,1.777344,-1.637680,-1.439999,-2.049014,-0.619141,-0.730819
1563,1.777344,-1.643660,-1.439999,-2.052602,-0.620117,-0.735124
1564,1.777344,-1.649631,-1.439999,-2.056185,-0.617188,-0.739423
1565,1.777344,-1.655592,-1.439999,-2.059762,-0.605469,-0.743716
1566,1.777344,-1.661544,-1.439999,-2.063333,-0.588867,-0.748001
1567,1.777344,-1.667486,-1.439999,-2.066898,-0.610352,-0.752279
1568,1.777344,-1.673420,-1.439999,-2.070458,-0.560547,-0.756552
1569,1.777344,-1.679343,-1.439999,-2.074012,-0.576172,-0.760816
1570,1.777344,-1.685257,-1.439999,-2.077561,-0.597656,-0.765075
1571,1.777344,-1.691162,-1.439999,-2.081104,-0.533203,-0.769326
1572,1.777344,-1.697057,-1.439999,-2.084641,-0.658203,-0.773570
1573,1.777344,-1.702942,-1.439999,-2.088172,-0.589844,-0.777808
1574,1.777344,-1.708818,-1.439999,-2.091697,-0.616211,-0.782038
1575,1.777344,-1.714684,-1.439999,-2.095217,-0.486328,-0.786262
1576,1.777344,-1.720540,-1.439999,-2.098730,-0.608398,-0.790478
1577,1.777344,-1.726387,-1.439999,-2.102238,-0.538086,-0.794688
1578,1.777344,-1.732223,-1.439999,-2.105740,-0.542969,-0.798890
1579,1.777344,-1.738050,-1.439999,-2.109237,-0.571289,-0.803086
1580,1.777344,-1.743867,-1.439999,-2.112727,-0.556641,-0.807274
1581,1.777344,-1.749675,-1.439999,-2.116211,-0.527344,-0.811455
1582,1.777344,-1.755472,-1.439999,-2.119689,-0.417969,-0.815629
1583,1.777344,-1.761260,-1.439999,-2.123162,-0.533203,-0.819796
1584,1.777344,-1.767037,-1.439999,-2.126628,-0.583008,-0.823956
1585,1.777344,-1.772804,-1.439999,-2.130089,-0.466797,-0.828108
1586,1.628906,-1.778561,-1.509998,-2.044481,-0.510742,-0.641379
1587,1.628906,-1.784308,-1.509998,-2.047929,-0.429688,-0.645516
1588,1.628906,-1.790045,-1.509998,-2.051371,-0.487305,-0.649647
1589,1.628906,-1.795772,-1.509998,-2.054807,-0.446289,-0.653771
1590,1.628906,-1.801489,-1.509998,-2.058238,-0.495117,-0.657887
1591,1.628906,-1.807195,-1.509998,-2.061661,-0.485352,-0.661995
1592,1.628906,-1.812891,-1.509998,-2.065079,-0.491211,-0.666097
1593,1.628906,-1.818578,-1.509998,-2.068491,-0.556641,-0.670191
1594,1.628906,-1.824253,-1.509998,-2.071896,-0.577148,-0.674277
1595,1.628906,-1.829919,-1.509998,-2.075295,-0.517578,-0.678356
1596,1.628906,-1.835573,-1.509998,-2.078688,-0.580078,-0.682428
1597,1.628906,-1.841218,-1.509998,-2.082075,-0.566406,-0.686492
1598,1.628906,-1.846852,-1.509998,-2.085455,-0.600586,-0.690548
1599,1.628906,-1.852476,-1.509998,-2.088830,-0.578125,-0.694597
1600,1.628906,-1.858089,-1.509998,-2.092197,-0.521484,-0.698639
1601,1.628906,-1.863692,-1.509998,-2.095559,-0.566406,-0.702673
1602,1.628906,-1.869284,-1.509998,-2.098914,-0.503906,-0.706699
1603,1.628906,-1.874865,-1.509998,-2.102263,-0.468750,-0.710718
1604,1.628906,-1.880436,-1.509998,-2.105606,-0.552734,-0.714729
1605,1.628906,-1.885996,-1.509998,-2.108942,-0.500977,-0.718732
1606,1.628906,-1.891546,-1.509998,-2.112272,-0.548828,-0.722728
1607,1.628906,-1.897085,-1.509998,-2.115595,-0.454102,-0.726716
1608,1.628906,-1.902612,-1.509998,-2.118911,-0.514648,-0.730696
1609,1.628906,-1.908130,-1.509998,-2.122222,-0.525391,-0.734668
1610,1.628906,-1.913636,-1.509998,-2.125525,-0.515625,-0.738633
1611,1.476562,-1.919132,-1.569998,-2.037417,-0.395508,-0.560903
1612,1.476562,-1.924616,-1.569998,-2.040707,-0.514648,-0.564852
1613,1.476562,-1.930090,-1.569998,-2.043992,-0.479492,-0.568793
1614,1.476562,-1.935553,-1.569998,-2.047269,-0.527344,-0.572726
1615,1.476562,-1.941005,-1.569998,-2.050541,-0.501953,-0.576652
1616,1.476562,-1.946446,-1.569998,-2.053805,-0.512695,-0.580569
1617,1.476562,-1.951875,-1.569998,-2.057063,-0.563477,-0.584478
1618,1.476562,-1.957294,-1.569998,-2.060314,-0.441406,-0.588380
1619,1.476562,-1.962702,-1.569998,-2.063559,-0.526367,-0.592273
1620,1.476562,-1.968098,-1.569998,-2.066797,-0.502930,-0.596159
1621,1.476562,-1.973484,-1.569998,-2.070028,-0.396484,-0.600036
1622,1.476562,-1.978858,-1.569998,-2.073252,-0.477539,-0.603906
1623,1.476562,-1.984221,-1.569998,-2.076470,-0.477539,-0.607767
1624,1.476562,-1.989572,-1.569998,-2.079681,-0.513672,-0.611620
1625,1.476562,-1.994913,-1.569998,-2.082886,-0.458984,-0.615465
1626,1.476562,-2.000242,-1.569998,-2.086083,-0.508789,-0.619302
1627,1.476562,-2.005560,-1.569998,-2.089273,-0.407227,-0.623131
1628,1.476562,-2.010866,-1.569998,-2.092457,-0.470703,-0.626951
1629,1.476562,-2.016161,-1.569998,-2.095634,-0.409180,-0.630764
1630,1.476562,-2.021445,-1.569998,-2.098804,-0.369141,-0.634568
1631,1.476562,-2.026717,-1.569998,-2.101968,-0.381836,-0.638364
1632,1.476562,-2.031978,-1.569998,-2.105124,-0.344727,-0.642152
1633,1.476562,-2.037226,-1.569998,-2.108274,-0.460938,-0.645931
1634,1.476562,-2.042464,-1.569998,-2.111416,-0.455078,-0.649702
1635,1.476562,-2.047690,-1.569998,-2.114552,-0.373047,-0.653465
1636,1.476562,-2.052905,-1.569998,-2.117681,-0.334961,-0.657219
1637,1.316406,-2.058107,-1.629997,-2.024708,-0.341797,-0.473653
1638,1.316406,-2.063299,-1.629997,-2.027823,-0.358398,-0.477391
1639,1.316406,-2.068478,-1.629997,-2.030931,-0.440430,-0.481120
1640,1.316406,-2.073645,-1.629997,-2.034031,-0.372070,-0.484841
1641,1.316406,-2.078801,-1.629997,-2.037125,-0.316406,-0.488553
1642,1.316406,-2.083945,-1.629997,-2.040211,-0.434570,-0.492256
1643,1.316406,-2.089078,-1.629997,-2.043291,-0.402344,-0.495952
1644,1.316406,-2.094198,-1.629997,-2.046363,-0.376953,-0.499639
1645,1.316406,-2.099307,-1.629997,-2.049428,-0.386719,-0.503317
1646,1.316406,-2.104403,-1.629997,-2.052486,-0.479492,-0.506986
1647,1.316406,-2.109488,-1.629997,-2.055537,-0.446289,-0.510648
1648,1.316406,-2.114561,-1.629997,-2.058580,-0.435547,-0.514300
1649,1.316406,-2.119622,-1.629997,-2.061617,-0.350586,-0.517944
1650,1.316406,-2.124671,-1.629997,-2.064646,-0.417969,-0.521579
1651,1.316406,-2.129707,-1.629997,-2.067668,-0.453125,-0.525205
1652,1.316406,-2.134732,-1.629997,-2.070683,-0.307617,-0.528823
1653,1.316406,-2.139745,-1.629997,-2.073691,-0.355469,-0.532432
1654,1.316406,-2.144745,-1.629997,-2.076691,-0.409180,-0.536033
1655,1.316406,-2.149733,-1.629997,-2.079684,-0.446289,-0.539624
1656,1.316406,-2.154709,-1.629997,-2.082669,-0.358398,-0.543206
1657,1.316406,-2.159673,-1.629997,-2.085648,-0.420898,-0.546781
1658,1.316406,-2.164625,-1.629997,-2.088619,-0.342773,-0.550346
1659,1.316406,-2.169564,-1.629997,-2.091583,-0.405273,-0.553902
1660,1.316406,-2.174491,-1.629997,-2.094539,-0.386719,-0.557450
1661,1.316406,-2.179406,-1.629997,-2.097488,-0.328125,-0.560989
1662,1.316406,-2.184309,-1.629997,-2.100429,-0.397461,-0.564518
1663,1.148438,-2.189199,-1.679998,-2.002582,-0.453125,-0.387100
1664,1.148438,-2.194076,-1.679998,-2.005508,-0.354492,-0.390612
1665,1.148438,-2.198941,-1.679998,-2.008427,-0.352539,-0.394115
1666,1.148438,-2.203794,-1.679998,-2.011339,-0.324219,-0.397609
1667,1.148438,-2.208634,-1.679998,-2.014243,-0.390625,-0.401094
1668,1.148438,-2.213462,-1.679998,-2.017140,-0.238281,-0.404570
1669,1.148438,-2.218277,-1.679998,-2.020029,-0.288086,-0.408037
1670,1.148438,-2.223080,-1.679998,-2.022910,-0.208008,-0.411494
1671,1.148438,-2.227870,-1.679998,-2.025784,-0.320312,-0.414943
1672,1.148438,-2.232647,-1.679998,-2.028651,-0.295898,-0.418383
1673,1.148438,-2.237411,-1.679998,-2.031509,-0.333984,-0.421813
1674,1.148438,-2.242163,-1.679998,-2.034360,-0.281250,-0.425234
1675,1.148438,-2.246903,-1.679998,-2.037204,-0.342773,-0.428647
1676,1.148438,-2.251629,-1.679998,-2.040040,-0.411133,-0.432050
1677,1.148438,-2.256343,-1.679998,-2.042869,-0.298828,-0.435444
1678,1.148438,-2.261044,-1.679998,-2.045689,-0.284180,-0.438829
1679,1.148438,-2.265732,-1.679998,-2.048502,-0.345703,-0.442204
1680,1.148438,-2.270407,-1.679998,-2.051307,-0.394531,-0.445570
1681,1.148438,-2.275070,-1.679998,-2.054104,-0.350586,-0.448927
1682,1.148438,-2.279719,-1.679998,-2.056894,-0.322266,-0.452275
1683,1.148438,-2.284356,-1.679998,-2.059676,-0.323242,-0.455614
1684,1.148438,-2.288980,-1.679998,-2.062450,-0.347656,-0.458942
1685,1.148438,-2.293590,-1.679998,-2.065217,-0.317383,-0.462262
1686,1.148438,-2.298188,-1.679998,-2.067975,-0.249023,-0.465572
1687,1.148438,-2.302773,-1.679998,-2.070727,-0.274414,-0.468874
1688,0.976562,-2.307345,-1.729998,-1.970344,-0.337891,-0.288416
1689,0.976562,-2.311903,-1.729998,-1.973079,-0.276367,-0.291698
1690,0.976562,-2.316448,-1.729998,-1.975806,-0.328125,-0.294971
1691,0.976562,-2.320980,-1.729998,-1.978526,-0.395508,-0.298234
1692,0.976562,-2.325500,-1.729998,-1.981238,-0.282227,-0.301488
1693,0.976562,-2.330006,-1.729998,-1.983941,-0.388672,-0.304732
1694,0.976562,-2.334498,-1.729998,-1.986637,-0.239258,-0.307967
1695,0.976562,-2.338978,-1.729998,-1.989324,-0.218750,-0.311192
1696,0.976562,-2.343445,-1.729998,-1.992005,-0.327148,-0.314408
1697,0.976562,-2.347898,-1.729998,-1.994676,-0.243164,-0.317614
1698,0.976562,-2.352337,-1.729998,-1.997340,-0.250000,-0.320811
1699,0.976562,-2.356763,-1.729998,-1.999995,-0.216797,-0.323997
1700,0.976562,-2.361176,-1.729998,-2.002643,-0.212891,-0.327175
1701,0.976562,-2.365576,-1.729998,-2.005283,-0.286133,-0.330343
1702,0.976562,-2.369962,-1.729998,-2.007915,-0.228516,-0.333501
1703,0.976562,-2.374335,-1.729998,-2.010539,-0.200195,-0.336649
1704,0.976562,-2.378694,-1.729998,-2.013154,-0.114258,-0.339787
1705,0.976562,-2.383039,-1.729998,-2.015761,-0.138672,-0.342916
1706,0.976562,-2.387372,-1.729998,-2.018361,-0.274414,-0.346036
1707,0.976562,-2.391691,-1.729998,-2.020952,-0.254883,-0.349145
1708,0.976562,-2.395996,-1.729998,-2.023535,-0.187500,-0.352245
1709,0.976562,-2.400287,-1.729998,-2.026110,-0.182617,-0.355335
1710,0.976562,-2.404566,-1.729998,-2.028677,-0.221680,-0.358415
1711,0.976562,-2.408830,-1.729998,-2.031236,-0.181641,-0.361486
1712,0.976562,-2.413081,-1.729998,-2.033786,-0.195312,-0.364546
1713,0.976562,-2.417317,-1.729998,-2.036328,-0.205078,-0.367597
1714,0.808594,-2.421540,-1.769997,-1.938081,-0.208008,-0.201701
1715,0.808594,-2.425751,-1.769997,-1.940607,-0.180664,-0.204732
1716,0.808594,-2.429946,-1.769997,-1.943124,-0.192383,-0.207753
1717,0.808594,-2.434128,-1.769997,-1.945633,-0.205078,-0.210764
1718,0.808594,-2.438296,-1.769997,-1.948134,-0.206055,-0.213765
1719,0.808594,-2.442451,-1.769997,-1.950627,-0.166992,-0.216757
1720,0.808594,-2.446592,-1.769997,-1.953111,-0.167969,-0.219738
1721,0.808594,-2.450718,-1.769997,-1.955587,-0.156250,-0.222709
1722,0.808594,-2.454831,-1.769997,-1.958055,-0.300781,-0.225670
1723,0.808594,-2.458930,-1.769997,-1.960514,-0.096680,-0.228621
1724,0.808594,-2.463016,-1.769997,-1.962966,-0.166992,-0.231563
1725,0.808594,-2.467086,-1.769997,-1.965408,-0.206055,-0.234494
1726,0.808594,-2.471143,-1.769997,-1.967842,-0.216797,-0.237415
1727,0.808594,-2.475186,-1.769997,-1.970268,-0.144531,-0.240326
1728,0.808594,-2.479216,-1.769997,-1.972686,-0.163086,-0.243227
1729,0.808594,-2.483230,-1.769997,-1.975095,-0.150391,-0.246118
1730,0.808594,-2.487231,-1.769997,-1.977495,-0.260742,-0.248998
1731,0.808594,-2.491218,-1.769997,-1.979887,-0.164062,-0.251868
1732,0.808594,-2.495190,-1.769997,-1.982270,-0.173828,-0.254728
1733,0.808594,-2.499149,-1.769997,-1.984646,-0.139648,-0.257579
1734,0.808594,-2.503093,-1.769997,-1.987012,-0.182617,-0.260419
1735,0.808594,-2.507023,-1.769997,-1.989370,-0.214844,-0.263248
1736,0.808594,-2.510939,-1.769997,-1.991720,-0.162109,-0.266068
1737,0.808594,-2.514841,-1.769997,-1.994061,-0.165039,-0.268877
1738,0.808594,-2.518729,-1.769997,-1.996394,-0.160156,-0.271676
1739,0.628906,-2.522602,-1.799997,-1.890905,-0.143555,-0.109089
1740,0.628906,-2.526460,-1.799997,-1.893220,-0.100586,-0.111867
1741,0.628906,-2.530305,-1.799997,-1.895527,-0.115234,-0.114635
1742,0.628906,-2.534136,-1.799997,-1.897825,-0.238281,-0.117393
1743,0.628906,-2.537951,-1.799997,-1.900115,-0.134766,-0.120141
1744,0.628906,-2.541752,-1.799997,-1.902395,-0.166016,-0.122878
1745,0.628906,-2.545539,-1.799997,-1.904667,-0.074219,-0.125604
1746,0.628906,-2.549312,-1.799997,-1.906931,-0.118164,-0.128320
1747,0.628906,-2.553071,-1.799997,-1.909186,-0.142578,-0.131027
1748,0.628906,-2.556814,-1.799997,-1.911432,-0.154297,-0.133722
1749,0.628906,-2.560543,-1.799997,-1.913670,-0.074219,-0.136407
1750,0.628906,-2.564258,-1.799997,-1.915898,-0.123047,-0.139081
1751,0.628906,-2.567958,-1.799997,-1.918119,-0.080078,-0.141746
1752,0.628906,-2.571644,-1.799997,-1.920330,-0.062500,-0.144399
1753,0.628906,-2.575315,-1.799997,-1.922533,-0.156250,-0.147042
1754,0.628906,-2.578971,-1.799997,-1.924726,-0.083008,-0.149675
1755,0.628906,-2.582612,-1.799997,-1.926911,-0.102539,-0.152297
1756,0.628906,-2.586240,-1.799997,-1.929088,-0.156250,-0.154909
1757,0.628906,-2.589852,-1.799997,-1.931255,-0.153320,-0.157509
1758,0.628906,-2.593450,-1.799997,-1.933414,-0.141602,-0.160100
1759,0.628906,-2.597033,-1.799997,-1.935564,-0.130859,-0.162680
1760,0.628906,-2.600602,-1.799997,-1.937705,-0.113281,-0.165249
1761,0.628906,-2.604155,-1.799997,-1.939837,-0.105469,-0.167808
1762,0.628906,-2.607694,-1.799997,-1.941960,-0.030273,-0.170356
1763,0.628906,-2.611218,-1.799997,-1.944075,-0.040039,-0.172893
1764,0.628906,-2.614727,-1.799997,-1.946180,-0.086914,-0.175419
1765,0.449219,-2.618222,-1.829998,-1.840464,-0.148438,-0.012560
1766,0.449219,-2.621701,-1.829998,-1.842552,-0.076172,-0.015065
1767,0.449219,-2.625166,-1.829998,-1.844631,-0.109375,-0.017560
1768,0.449219,-2.628616,-1.829998,-1.846701,-0.041992,-0.020043
1769,0.449219,-2.632051,-1.829998,-1.848762,-0.052734,-0.022516
1770,0.449219,-2.635471,-1.829998,-1.850814,-0.051758,-0.024979
1771,0.449219,-2.638876,-1.829998,-1.852857,-0.130859,-0.027431
1772,0.449219,-2.642266,-1.829998,-1.854891,-0.064453,-0.029872
1773,0.449219,-2.645641,-1.829998,-1.856916,-0.070312,-0.032302
1774,0.449219,-2.649002,-1.829998,-1.858932,-0.075195,-0.034721
1775,0.449219,-2.652347,-1.829998,-1.860939,-0.007812,-0.037129
1776,0.449219,-2.655677,-1.829998,-1.862937,-0.044922,-0.039527
1777,0.449219,-2.658992,-1.829998,-1.864926,-0.022461,-0.041914
1778,0.449219,-2.662292,-1.829998,-1.866906,-0.103516,-0.044290
1779,0.449219,-2.665577,-1.829998,-1.868878,-0.052734,-0.046655
1780,0.449219,-2.668847,-1.829998,-1.870839,0.009766,-0.049009
1781,0.449219,-2.672101,-1.829998,-1.872792,-0.045898,-0.051353
1782,0.449219,-2.675340,-1.829998,-1.874736,0.041992,-0.053685
1783,0.449219,-2.678565,-1.829998,-1.876670,-0.024414,-0.056007
1784,0.449219,-2.681774,-1.829998,-1.878596,-0.043945,-0.058318
1785,0.449219,-2.684968,-1.829998,-1.880512,0.023438,-0.060617
1786,0.449219,-2.688147,-1.829998,-1.882419,-0.057617,-0.062905
1787,0.449219,-2.691310,-1.829998,-1.884317,0.034180,-0.065183
1788,0.449219,-2.694459,-1.829998,-1.886207,0.065430,-0.067450
1789,0.449219,-2.697592,-1.829998,-1.888086,-0.028320,-0.069706
1790,0.449219,-2.700709,-1.829998,-1.889957,-0.029297,-0.071951
1791,0.269531,-2.703811,-1.849997,-1.784006,0.027344,0.079189
1792,0.269531,-2.706899,-1.849997,-1.785858,-0.035156,0.076966
1793,0.269531,-2.709970,-1.849997,-1.787701,0.044922,0.074755
1794,0.269531,-2.713027,-1.849997,-1.789535,0.082031,0.072554
1795,0.269531,-2.716067,-1.849997,-1.791359,-0.002930,0.070365
1796,0.269531,-2.719093,-1.849997,-1.793175,0.029297,0.068186
1797,0.269531,-2.722103,-1.849997,-1.794981,-0.012695,0.066019
1798,0.269531,-2.725098,-1.849997,-1.796778,-0.026367,0.063863
1799,0.269531,-2.728077,-1.849997,-1.798565,-0.011719,0.061718
1800,0.269531,-2.731040,-1.849997,-1.800343,0.073242,0.059584
1801,0.269531,-2.733989,-1.849997,-1.802112,0.024414,0.057461
1802,0.269531,-2.736922,-1.849997,-1.803872,0.025391,0.055349
1803,0.269531,-2.739839,-1.849997,-1.805622,0.086914,0.053249
1804,0.269531,-2.742741,-1.849997,-1.807363,0.072266,0.051160
1805,0.269531,-2.745627,-1.849997,-1.809095,0.057617,0.049082
1806,0.269531,-2.748498,-1.849997,-1.810818,0.016602,0.047015
1807,0.269531,-2.751353,-1.849997,-1.812531,0.057617,0.044959
1808,0.269531,-2.754192,-1.849997,-1.814234,-0.011719,0.042915
1809,0.269531,-2.757016,-1.849997,-1.815928,0.049805,0.040882
1810,0.269531,-2.759824,-1.849997,-1.817613,0.022461,0.038860
1811,0.269531,-2.762617,-1.849997,-1.819289,0.021484,0.036849
1812,0.269531,-2.765394,-1.849997,-1.820955,-0.039062,0.034850
1813,0.269531,-2.768155,-1.849997,-1.822612,0.078125,0.032862
1814,0.269531,-2.770900,-1.849997,-1.824259,0.042969,0.030885
1815,0.269531,-2.773631,-1.849997,-1.825897,0.122070,0.028919
1816,0.078125,-2.776345,-1.859997,-1.712682,0.101562,0.176778
1817,0.078125,-2.779043,-1.859997,-1.714301,0.049805,0.174835
1818,0.078125,-2.781725,-1.859997,-1.715910,0.053711,0.172904
1819,0.078125,-2.784392,-1.859997,-1.717510,0.152344,0.170984
1820,0.078125,-2.787044,-1.859997,-1.719101,-0.003906,0.169075
1821,0.078125,-2.789679,-1.859997,-1.720682,0.024414,0.167177
1822,0.078125,-2.792298,-1.859997,-1.722254,0.141602,0.165291
1823,0.078125,-2.794902,-1.859997,-1.723816,0.019531,0.163417
1824,0.078125,-2.797490,-1.859997,-1.725369,0.070312,0.161553
1825,0.078125,-2.800062,-1.859997,-1.726912,0.097656,0.159702
1826,0.078125,-2.802618,-1.859997,-1.728446,0.047852,0.157861
1827,0.078125,-2.805158,-1.859997,-1.729970,-0.014648,0.156033
1828,0.078125,-2.807682,-1.859997,-1.731484,0.075195,0.154215
1829,0.078125,-2.810190,-1.859997,-1.732989,0.027344,0.152409
1830,0.078125,-2.812683,-1.859997,-1.734485,0.130859,0.150615
1831,0.078125,-2.815159,-1.859997,-1.735970,0.088867,0.148832
1832,0.078125,-2.817620,-1.859997,-1.737447,0.062500,0.147060
1833,0.078125,-2.820065,-1.859997,-1.738914,0.045898,0.145300
1834,0.078125,-2.822493,-1.859997,-1.740371,0.126953,0.143551
1835,0.078125,-2.824905,-1.859997,-1.741818,0.143555,0.141814
1836,0.078125,-2.827302,-1.859997,-1.743256,0.097656,0.140089
1837,0.078125,-2.829682,-1.859997,-1.744684,0.120117,0.138375
1838,0.078125,-2.832047,-1.859997,-1.746103,0.233398,0.136672
1839,0.078125,-2.834395,-1.859997,-1.747512,0.203125,0.134981
1840,0.078125,-2.836728,-1.859997,-1.748912,0.151367,0.133302
1841,0.078125,-2.839044,-1.859997,-1.750301,0.166016,0.131635
1842,-0.109375,-2.841344,-1.869997,-1.639181,0.218750,0.276979
1843,-0.109375,-2.843628,-1.869997,-1.640552,0.038086,0.275334
1844,-0.109375,-2.845896,-1.869997,-1.641913,0.125000,0.273701
1845,-0.109375,-2.848148,-1.869997,-1.643264,0.195312,0.272080
1846,-0.109375,-2.850383,-1.869997,-1.644605,0.149414,0.270470
1847,-0.109375,-2.852603,-1.869997,-1.645937,0.134766,0.268872
1848,-0.109375,-2.854806,-1.869997,-1.647259,0.217773,0.267286
1849,-0.109375,-2.856993,-1.869997,-1.648571,0.127930,0.265711
1850,-0.109375,-2.859164,-1.869997,-1.649874,0.216797,0.264148
1851,-0.109375,-2.861319,-1.869997,-1.651166,0.189453,0.262597
1852,-0.109375,-2.863458,-1.869997,-1.652450,0.138672,0.261057
1853,-0.109375,-2.865580,-1.869997,-1.653723,0.182617,0.259529
1854,-0.109375,-2.867686,-1.869997,-1.654987,0.276367,0.258013
1855,-0.109375,-2.869776,-1.869997,-1.656240,0.176758,0.256508
1856,-0.109375,-2.871850,-1.869997,-1.657485,0.102539,0.255015
1857,-0.109375,-2.873907,-1.869997,-1.658719,0.195312,0.253534
1858,-0.109375,-2.875947,-1.869997,-1.659943,0.228516,0.252064
1859,-0.109375,-2.877972,-1.869997,-1.661158,0.138672,0.250607
1860,-0.109375,-2.879980,-1.869997,-1.662363,0.194336,0.249161
1861,-0.109375,-2.881972,-1.869997,-1.663558,0.201172,0.247726
1862,-0.109375,-2.883948,-1.869997,-1.664744,0.175781,0.246304
1863,-0.109375,-2.885907,-1.869997,-1.665919,0.187500,0.244893
1864,-0.109375,-2.887850,-1.869997,-1.667085,0.146484,0.243494
1865,-0.109375,-2.889777,-1.869997,-1.668241,0.181641,0.242107
1866,-0.109375,-2.891687,-1.869997,-1.669387,0.154297,0.240732
1867,-0.289062,-2.893581,-1.869997,-1.562711,0.210938,0.368743
1868,-0.289062,-2.895458,-1.869997,-1.563837,0.127930,0.367392
1869,-0.289062,-2.897319,-1.869997,-1.564954,0.232422,0.366052
1870,-0.289062,-2.899164,-1.869997,-1.566061,0.227539,0.364723
1871,-0.289062,-2.900992,-1.869997,-1.567158,0.235352,0.363407
1872,-0.289062,-2.902803,-1.869997,-1.568245,0.223633,0.362103
1873,-0.289062,-2.904599,-1.869997,-1.569322,0.268555,0.360810
1874,-0.289062,-2.906377,-1.869997,-1.570389,0.290039,0.359530
1875,-0.289062,-2.908140,-1.869997,-1.571447,0.269531,0.358261
1876,-0.289062,-2.909886,-1.869997,-1.572494,0.205078,0.357004
1877,-0.289062,-2.911615,-1.869997,-1.573532,0.205078,0.355759
1878,-0.289062,-2.913328,-1.869997,-1.574559,0.261719,0.354525
1879,-0.289062,-2.915024,-1.869997,-1.575577,0.182617,0.353304
1880,-0.289062,-2.916704,-1.869997,-1.576585,0.269531,0.352095
1881,-0.289062,-2.918367,-1.869997,-1.577583,0.270508,0.350897
1882,-0.289062,-2.920013,-1.869997,-1.578571,0.336914,0.349712
1883,-0.289062,-2.921643,-1.869997,-1.579549,0.230469,0.348538
1884,-0.289062,-2.923257,-1.869997,-1.580517,0.272461,0.347376
1885,-0.289062,-2.924854,-1.869997,-1.581475,0.258789,0.346226
1886,-0.289062,-2.926435,-1.869997,-1.582423,0.281250,0.345088
1887,-0.289062,-2.927999,-1.869997,-1.583362,0.295898,0.343962
1888,-0.289062,-2.929546,-1.869997,-1.584290,0.261719,0.342848
1889,-0.289062,-2.931076,-1.869997,-1.585208,0.296875,0.341746
1890,-0.289062,-2.932590,-1.869997,-1.586117,0.336914,0.340656
1891,-0.289062,-2.934088,-1.869997,-1.587015,0.241211,0.339578
1892,-0.289062,-2.935568,-1.869997,-1.587904,0.346680,0.338512
1893,-0.488281,-2.937033,-1.859997,-1.469251,0.360352,0.468895
1894,-0.488281,-2.938480,-1.859997,-1.470119,0.379883,0.467853
1895,-0.488281,-2.939911,-1.859997,-1.470978,0.249023,0.466823
1896,-0.488281,-2.941325,-1.859997,-1.471826,0.214844,0.465805
1897,-0.488281,-2.942723,-1.859997,-1.472665,0.301758,0.464798
1898,-0.488281,-2.944103,-1.859997,-1.473493,0.269531,0.463804
1899,-0.488281,-2.945467,-1.859997,-1.474312,0.373047,0.462822
1900,-0.488281,-2.946815,-1.859997,-1.475120,0.277344,0.461852
1901,-0.488281,-2.948145,-1.859997,-1.475918,0.391602,0.460894
1902,-0.488281,-2.949459,-1.859997,-1.476707,0.315430,0.459948
1903,-0.488281,-2.950757,-1.859997,-1.477485,0.277344,0.459014
1904,-0.488281,-2.952037,-1.859997,-1.478253,0.280273,0.458092
1905,-0.488281,-2.953300,-1.859997,-1.479012,0.273438,0.457182
1906,-0.488281,-2.954548,-1.859997,-1.479760,0.269531,0.456284
1907,-0.488281,-2.955778,-1.859997,-1.480498,0.217773,0.455398
1908,-0.488281,-2.956992,-1.859997,-1.481226,0.225586,0.454525
1909,-0.488281,-2.958188,-1.859997,-1.481944,0.302734,0.453663
1910,-0.488281,-2.959368,-1.859997,-1.482652,0.235352,0.452814
1911,-0.488281,-2.960532,-1.859997,-1.483350,0.230469,0.451976
1912,-0.488281,-2.961678,-1.859997,-1.484038,0.359375,0.451150
1913,-0.488281,-2.962808,-1.859997,-1.484716,0.325195,0.450337
1914,-0.488281,-2.963921,-1.859997,-1.485384,0.382812,0.449536
1915,-0.488281,-2.965016,-1.859997,-1.486041,0.307617,0.448747
1916,-0.488281,-2.966096,-1.859997,-1.486689,0.327148,0.447970
1917,-0.488281,-2.967158,-1.859997,-1.487326,0.480469,0.447205
1918,-0.488281,-2.968204,-1.859997,-1.487954,0.321289,0.446452
1919,-0.667969,-2.969233,-1.839998,-1.380758,0.446289,0.551088
1920,-0.667969,-2.970245,-1.839998,-1.381366,0.391602,0.550359
1921,-0.667969,-2.971240,-1.839998,-1.381963,0.319336,0.549643
1922,-0.667969,-2.972218,-1.839998,-1.382550,0.440430,0.548939
1923,-0.667969,-2.973179,-1.839998,-1.383126,0.435547,0.548246
1924,-0.667969,-2.974124,-1.839998,-1.383693,0.438477,0.547566
1925,-0.667969,-2.975052,-1.839998,-1.384250,0.416016,0.546898
1926,-0.667969,-2.975962,-1.839998,-1.384796,0.433594,0.546242
1927,-0.667969,-2.976856,-1.839998,-1.385333,0.366211,0.545599
1928,-0.667969,-2.977733,-1.839998,-1.385859,0.290039,0.544967
1929,-0.667969,-2.978594,-1.839998,-1.386375,0.414062,0.544348
1930,-0.667969,-2.979437,-1.839998,-1.386881,0.358398,0.543741
1931,-0.667969,-2.980263,-1.839998,-1.387377,0.423828,0.543146
1932,-0.667969,-2.981073,-1.839998,-1.387863,0.380859,0.542563
1933,-0.667969,-2.981866,-1.839998,-1.388338,0.392578,0.541992
1934,-0.667969,-2.982641,-1.839998,-1.388804,0.346680,0.541433
1935,-0.667969,-2.983400,-1.839998,-1.389259,0.398438,0.540887
1936,-0.667969,-2.984142,-1.839998,-1.389704,0.463867,0.540353
1937,-0.667969,-2.984867,-1.839998,-1.390139,0.362305,0.539831
1938,-0.667969,-2.985575,-1.839998,-1.390564,0.380859,0.539321
1939,-0.667969,-2.986266,-1.839998,-1.390979,0.376953,0.538824
1940,-0.667969,-2.986940,-1.839998,-1.391383,0.424805,0.538338
1941,-0.667969,-2.987598,-1.839998,-1.391778,0.451172,0.537865
1942,-0.667969,-2.988238,-1.839998,-1.392162,0.450195,0.537404
1943,-0.667969,-2.988862,-1.839998,-1.392536,0.415039,0.536955
1944,-0.859375,-2.989468,-1.819998,-1.278056,0.387695,0.650330
1945,-0.859375,-2.990057,-1.819998,-1.278409,0.425781,0.649906
1946,-0.859375,-2.990630,-1.819998,-1.278753,0.382812,0.649494
1947,-0.859375,-2.991186,-1.819998,-1.279086,0.379883,0.649094
1948,-0.859375,-2.991724,-1.819998,-1.279410,0.379883,0.648706
1949,-0.859375,-2.992246,-1.819998,-1.279723,0.499023,0.648330
1950,-0.859375,-2.992751,-1.819998,-1.280026,0.416016,0.647967
1951,-0.859375,-2.993239,-1.819998,-1.280318,0.549805,0.647615
1952,-0.859375,-2.993710,-1.819998,-1.280601,0.447266,0.647276
1953,-0.859375,-2.994163,-1.819998,-1.280873,0.482422,0.646950
1954,-0.859375,-2.994600,-1.819998,-1.281135,0.481445,0.646635
1955,-0.859375,-2.995020,-1.819998,-1.281387,0.435547,0.646333
1956,-0.859375,-2.995423,-1.819998,-1.281629,0.407227,0.646043
1957,-0.859375,-2.995809,-1.819998,-1.281860,0.443359,0.645765
1958,-0.859375,-2.996178,-1.819998,-1.282082,0.459961,0.645499
1959,-0.859375,-2.996530,-1.819998,-1.282293,0.533203,0.645246
1960,-0.859375,-2.996865,-1.819998,-1.282494,0.426758,0.645005
1961,-0.859375,-2.997183,-1.819998,-1.282685,0.507812,0.644776
1962,-0.859375,-2.997484,-1.819998,-1.282865,0.350586,0.644559
1963,-0.859375,-2.997768,-1.819998,-1.283036,0.416016,0.644355
1964,-0.859375,-2.998035,-1.819998,-1.283196,0.508789,0.644162
1965,-0.859375,-2.998285,-1.819998,-1.283346,0.513672,0.643982
1966,-0.859375,-2.998518,-1.819998,-1.283486,0.460938,0.643815
1967,-0.859375,-2.998734,-1.819998,-1.283615,0.460938,0.643659
1968,-0.859375,-2.998933,-1.819998,-1.283735,0.471680,0.643516
1969,-0.859375,-2.999115,-1.819998,-1.283844,0.455078,0.643385
1970,-1.039062,-2.999280,-1.789997,-1.176130,0.495117,0.736640
1971,-1.039062,-2.999428,-1.789997,-1.176219,0.458008,0.736533
1972,-1.039062,-2.999559,-1.789997,-1.176298,0.537109,0.736439
1973,-1.039062,-2.999673,-1.789997,-1.176366,0.464844,0.736357
1974,-1.039062,-2.999770,-1.789997,-1.176424,0.459961,0.736287
1975,-1.039062,-2.999850,-1.789997,-1.176472,0.508789,0.736230
1976,-1.039062,-2.999913,-1.789997,-1.176510,0.468750,0.736184
1977,-1.039062,-2.999959,-1.789997,-1.176538,0.466797,0.736151
1978,-1.039062,-2.999988,-1.789997,-1.176555,0.458984,0.736130
1979,-1.039062,-3.000000,-1.789997,-1.176562,0.531250,0.736122
1980,-1.039062,-2.999995,-1.789997,-1.176559,0.451172,0.736125
1981,-1.039062,-2.999972,-1.789997,-1.176546,0.549805,0.736141
1982,-1.039062,-2.999933,-1.789997,-1.176523,0.521484,0.736169
1983,-1.039062,-2.999877,-1.789997,-1.176489,0.530273,0.736210
1984,-1.039062,-2.999804,-1.789997,-1.176445,0.530273,0.736262
1985,-1.039062,-2.999714,-1.789997,-1.176391,0.462891,0.736327
1986,-1.039062,-2.999607,-1.789997,-1.176327,0.470703,0.736404
1987,-1.039062,-2.999483,-1.789997,-1.176252,0.605469,0.736494
1988,-1.039062,-2.999342,-1.789997,-1.176168,0.574219,0.736595
1989,-1.039062,-2.999184,-1.789997,-1.176073,0.490234,0.736709
1990,-1.039062,-2.999009,-1.789997,-1.175968,0.566406,0.736835
1991,-1.039062,-2.998817,-1.789997,-1.175853,0.661133,0.736974
1992,-1.039062,-2.998608,-1.789997,-1.175727,0.612305,0.737124
1993,-1.039062,-2.998382,-1.789997,-1.175591,0.529297,0.737287
1994,-1.039062,-2.998138,-1.789997,-1.175446,0.518555,0.737462
1995,-1.207031,-2.997878,-1.749998,-1.074508,0.532227,0.810588
1996,-1.207031,-2.997601,-1.749998,-1.074342,0.554688,0.810787
1997,-1.207031,-2.997307,-1.749998,-1.074166,0.594727,0.810999
1998,-1.207031,-2.996996,-1.749998,-1.073979,0.610352,0.811223
1999,-1.207031,-2.996668,-1.749998,-1.073782,0.546875,0.811459
2000,-1.207031,-2.996323,-1.749998,-1.073575,0.558594,0.811708
2001,-1.207031,-2.995961,-1.749998,-1.073358,0.589844,0.811968
2002,-1.207031,-2.995582,-1.749998,-1.073130,0.584961,0.812241
2003,-1.207031,-2.995186,-1.749998,-1.072893,0.600586,0.812526
2004,-1.207031,-2.994773,-1.749998,-1.072645,0.558594,0.812824
2005,-1.207031,-2.994343,-1.749998,-1.072387,0.543945,0.813133
2006,-1.207031,-2.993896,-1.749998,-1.072119,0.650391,0.813455
2007,-1.207031,-2.993432,-1.749998,-1.071841,0.532227,0.813789
2008,-1.207031,-2.992951,-1.749998,-1.071552,0.635742,0.814135
2009,-1.207031,-2.992454,-1.749998,-1.071253,0.610352,0.814494
2010,-1.207031,-2.991939,-1.749998,-1.070944,0.506836,0.814864
2011,-1.207031,-2.991407,-1.749998,-1.070625,0.566406,0.815247
2012,-1.207031,-2.990858,-1.749998,-1.070296,0.579102,0.815642
2013,-1.207031,-2.990293,-1.749998,-1.069957,0.607422,0.816050
2014,-1.207031,-2.989710,-1.749998,-1.069607,0.485352,0.816469
2015,-1.207031,-2.989110,-1.749998,-1.069248,0.584961,0.816901
2016,-1.207031,-2.988494,-1.749998,-1.068878,0.548828,0.817344
2017,-1.207031,-2.987860,-1.749998,-1.068497,0.527344,0.817801
2018,-1.207031,-2.987210,-1.749998,-1.068107,0.598633,0.818269
2019,-1.207031,-2.986543,-1.749998,-1.067707,0.593750,0.818749
2020,-1.207031,-2.985858,-1.749998,-1.067296,0.603516,0.819242
2021,-1.378906,-2.985157,-1.699997,-0.963751,0.541992,0.883496
2022,-1.378906,-2.984439,-1.699997,-0.963320,0.709961,0.884013
2023,-1.378906,-2.983704,-1.699997,-0.962879,0.669922,0.884542
2024,-1.378906,-2.982952,-1.699997,-0.962428,0.663086,0.885083
2025,-1.378906,-2.982183,-1.699997,-0.961966,0.575195,0.885637
2026,-1.378906,-2.981397,-1.699997,-0.961495,0.671875,0.886203
2027,-1.378906,-2.980595,-1.699997,-0.961013,0.625000,0.886781
2028,-1.378906,-2.979775,-1.699997,-0.960521,0.665039,0.887371
2029,-1.378906,-2.978939,-1.699997,-0.960020,0.615234,0.887973
2030,-1.378906,-2.978086,-1.699997,-0.959508,0.601562,0.888587
2031,-1.378906,-2.977215,-1.699997,-0.958985,0.615234,0.889214
2032,-1.378906,-2.976328,-1.699997,-0.958453,0.715820,0.889853
2033,-1.378906,-2.975424,-1.699997,-0.957911,0.565430,0.890503
2034,-1.378906,-2.974503,-1.699997,-0.957358,0.546875,0.891167
2035,-1.378906,-2.973566,-1.699997,-0.956796,0.632812,0.891842
2036,-1.378906,-2.972611,-1.699997,-0.956223,0.664062,0.892529
2037,-1.378906,-2.971640,-1.699997,-0.955640,0.608398,0.893228
2038,-1.378906,-2.970651,-1.699997,-0.955047,0.706055,0.893940
2039,-1.378906,-2.969646,-1.699997,-0.954444,0.639648,0.894664
2040,-1.378906,-2.968624,-1.699997,-0.953831,0.574219,0.895399
2041,-1.378906,-2.967586,-1.699997,-0.953208,0.711914,0.896147
2042,-1.378906,-2.966530,-1.699997,-0.952574,0.673828,0.896907
2043,-1.378906,-2.965457,-1.699997,-0.951931,0.756836,0.897679
2044,-1.378906,-2.964368,-1.699997,-0.951277,0.717773,0.898464
2045,-1.378906,-2.963262,-1.699997,-0.950614,0.619141,0.899260
2046,-1.378906,-2.962140,-1.699997,-0.949940,0.693359,0.900068
2047,-1.546875,-2.961000,-1.649998,-0.848475,0.595703,0.961827
2048,-1.546875,-2.959843,-1.649998,-0.847781,0.656250,0.962660
2049,-1.546875,-2.958670,-1.649998,-0.847077,0.726562,0.963505
2050,-1.546875,-2.957480,-1.649998,-0.846363,0.633789,0.964361
2051,-1.546875,-2.956274,-1.649998,-0.845639,0.698242,0.965230
2052,-1.546875,-2.955050,-1.649998,-0.844905,0.719727,0.966111
2053,-1.546875,-2.953810,-1.649998,-0.844161,0.653320,0.967004
2054,-1.546875,-2.952553,-1.649998,-0.843407,0.665039,0.967909
2055,-1.546875,-2.951279,-1.649998,-0.842643,0.637695,0.968826
2056,-1.546875,-2.949989,-1.649998,-0.841868,0.680664,0.969755
2057,-1.546875,-2.948682,-1.649998,-0.841084,0.724609,0.970697
2058,-1.546875,-2.947358,-1.649998,-0.840290,0.686523,0.971650
2059,-1.546875,-2.946017,-1.649998,-0.839485,0.737305,0.972615
2060,-1.546875,-2.944660,-1.649998,-0.838671,0.732422,0.973592
2061,-1.546875,-2.943286,-1.649998,-0.837847,0.748047,0.974581
2062,-1.546875,-2.941895,-1.649998,-0.837012,0.668945,0.975583
2063,-1.546875,-2.940488,-1.649998,-0.836168,0.702148,0.976596
2064,-1.546875,-2.939064,-1.649998,-0.835313,0.636719,0.977621
2065,-1.546875,-2.937624,-1.649998,-0.834449,0.664062,0.978658
2066,-1.546875,-2.936166,-1.649998,-0.833575,0.783203,0.979708
2067,-1.546875,-2.934692,-1.649998,-0.832690,0.738281,0.980769
2068,-1.546875,-2.933201,-1.649998,-0.831796,0.815430,0.981842
2069,-1.546875,-2.931694,-1.649998,-0.830891,0.675781,0.982928
2070,-1.546875,-2.930171,-1.649998,-0.829977,0.728516,0.984024
2071,-1.546875,-2.928630,-1.649998,-0.829053,0.687500,0.985134
2072,-1.707031,-2.927073,-1.589998,-0.732025,0.663086,1.029568
2073,-1.707031,-2.925499,-1.589998,-0.731081,0.680664,1.030701
2074,-1.707031,-2.923909,-1.589998,-0.730127,0.709961,1.031846
2075,-1.707031,-2.922302,-1.589998,-0.729162,0.727539,1.033003
2076,-1.707031,-2.920679,-1.589998,-0.728188,0.724609,1.034172
2077,-1.707031,-2.919039,-1.589998,-0.727205,0.719727,1.035352
2078,-1.707031,-2.917382,-1.589998,-0.726211,0.743164,1.036545
2079,-1.707031,-2.915709,-1.589998,-0.725207,0.719727,1.037750
2080,-1.707031,-2.914020,-1.589998,-0.724193,0.726562,1.038966
2081,-1.707031,-2.912313,-1.589998,-0.723169,0.697266,1.040195
2082,-1.707031,-2.910591,-1.589998,-0.722136,0.696289,1.041435
2083,-1.707031,-2.908852,-1.589998,-0.721092,0.787109,1.042687
2084,-1.707031,-2.907096,-1.589998,-0.720039,0.601562,1.043951
2085,-1.707031,-2.905324,-1.589998,-0.718976,0.675781,1.045227
2086,-1.707031,-2.903536,-1.589998,-0.717903,0.811523,1.046515
2087,-1.707031,-2.901731,-1.589998,-0.716820,0.741211,1.047814
2088,-1.707031,-2.899909,-1.589998,-0.715727,0.824219,1.049126
2089,-1.707031,-2.898071,-1.589998,-0.714624,0.755859,1.050449
2090,-1.707031,-2.896217,-1.589998,-0.713512,0.769531,1.051784
2091,-1.707031,-2.894346,-1.589998,-0.712389,0.675781,1.053131
2092,-1.707031,-2.892459,-1.589998,-0.711257,0.831055,1.054490
2093,-1.707031,-2.890556,-1.589998,-0.710115,0.745117,1.055860
2094,-1.707031,-2.888636,-1.589998,-0.708963,0.757812,1.057243
2095,-1.707031,-2.886700,-1.589998,-0.707801,0.823242,1.058637
2096,-1.707031,-2.884747,-1.589998,-0.706630,0.790039,1.060043
2097,-1.707031,-2.882778,-1.589998,-0.705448,0.745117,1.061460
2098,-1.867188,-2.880792,-1.519999,-0.608163,0.867188,1.094203
2099,-1.867188,-2.878791,-1.519999,-0.606962,0.785156,1.095644
2100,-1.867188,-2.876773,-1.519999,-0.605751,0.781250,1.097097
2101,-1.867188,-2.874738,-1.519999,-0.604531,0.689453,1.098562
2102,-1.867188,-2.872688,-1.519999,-0.603300,0.814453,1.100038
2103,-1.867188,-2.870621,-1.519999,-0.602060,0.841797,1.101526
2104,-1.867188,-2.868538,-1.519999,-0.600810,0.774414,1.103026
2105,-1.867188,-2.866438,-1.519999,-0.599551,0.831055,1.104538
2106,-1.867188,-2.864323,-1.519999,-0.598281,0.727539,1.106061
2107,-1.867188,-2.862191,-1.519999,-0.597002,0.802734,1.107596
2108,-1.867188,-2.860043,-1.519999,-0.595713,0.675781,1.109143
2109,-1.867188,-2.857878,-1.519999,-0.594414,0.803711,1.110701
2110,-1.867188,-2.855698,-1.519999,-0.593106,0.821289,1.112271
2111,-1.867188,-2.853501,-1.519999,-0.591788,0.839844,1.113853
2112,-1.867188,-2.851288,-1.519999,-0.590460,0.909180,1.115446
2113,-1.867188,-2.849059,-1.519999,-0.589123,0.868164,1.117051
2114,-1.867188,-2.846814,-1.519999,-0.587776,0.783203,1.118667
2115,-1.867188,-2.844553,-1.519999,-0.586419,0.824219,1.120295
2116,-1.867188,-2.842275,-1.519999,-0.585052,0.796875,1.121935
2117,-1.867188,-2.839981,-1.519999,-0.583676,0.812500,1.123587
2118,-1.867188,-2.837672,-1.519999,-0.582291,0.814453,1.125250
2119,-1.867188,-2.835346,-1.519999,-0.580895,0.878906,1.126924
2120,-1.867188,-2.833004,-1.519999,-0.579490,0.868164,1.128610
2121,-1.867188,-2.830646,-1.519999,-0.578075,0.836914,1.130308
2122,-1.867188,-2.828272,-1.519999,-0.576651,0.796875,1.132018
2123,-2.019531,-2.825882,-1.449997,-0.483810,0.802734,1.159424
2124,-2.019531,-2.823476,-1.449997,-0.482367,0.748047,1.161156
2125,-2.019531,-2.821054,-1.449997,-0.480914,0.930664,1.162900
2126,-2.019531,-2.818616,-1.449997,-0.479451,0.805664,1.164655
2127,-2.019531,-2.816162,-1.449997,-0.477978,0.890625,1.166422
2128,-2.019531,-2.813692,-1.449997,-0.476497,0.899414,1.168201
2129,-2.019531,-2.811206,-1.449997,-0.475005,0.759766,1.169990
2130,-2.019531,-2.808704,-1.449997,-0.473504,0.898438,1.171792
2131,-2.019531,-2.806186,-1.449997,-0.471993,0.789062,1.173605
2132,-2.019531,-2.803653,-1.449997,-0.470473,0.774414,1.175429
2133,-2.019531,-2.801103,-1.449997,-0.468943,0.761719,1.177264
2134,-2.019531,-2.798538,-1.449997,-0.467404,0.894531,1.179112
2135,-2.019531,-2.795956,-1.449997,-0.465855,0.845703,1.180970
2136,-2.019531,-2.793359,-1.449997,-0.464297,0.820312,1.182840
2137,-2.019531,-2.790746,-1.449997,-0.462729,0.823242,1.184722
2138,-2.019531,-2.788117,-1.449997,-0.461152,0.834961,1.186614
2139,-2.019531,-2.785472,-1.449997,-0.459565,0.861328,1.188519
2140,-2.019531,-2.782812,-1.449997,-0.457969,0.933594,1.190434
2141,-2.019531,-2.780136,-1.449997,-0.456363,0.861328,1.192361
2142,-2.019531,-2.777444,-1.449997,-0.454748,0.859375,1.194299
2143,-2.019531,-2.774737,-1.449997,-0.453123,0.929688,1.196249
2144,-2.019531,-2.772013,-1.449997,-0.451489,0.854492,1.198210
2145,-2.019531,-2.769274,-1.449997,-0.449846,0.945312,1.200182
2146,-2.019531,-2.766519,-1.449997,-0.448193,0.912109,1.202165
2147,-2.019531,-2.763749,-1.449997,-0.446530,0.820312,1.204160
2148,-2.019531,-2.760962,-1.449997,-0.444858,0.887695,1.206166
2149,-2.156250,-2.758160,-1.379997,-0.361146,0.833008,1.222621
2150,-2.156250,-2.755343,-1.379997,-0.359456,0.847656,1.224650
2151,-2.156250,-2.752510,-1.379997,-0.357756,0.841797,1.226690
2152,-2.156250,-2.749661,-1.379997,-0.356047,0.846680,1.228741
2153,-2.156250,-2.746796,-1.379997,-0.354328,0.775391,1.230803
2154,-2.156250,-2.743917,-1.379997,-0.352600,0.808594,1.232877
2155,-2.156250,-2.741021,-1.379997,-0.350863,0.972656,1.234961
2156,-2.156250,-2.738111,-1.379997,-0.349116,0.819336,1.237057
2157,-2.156250,-2.735184,-1.379997,-0.347361,0.869141,1.239164
2158,-2.156250,-2.732242,-1.379997,-0.345595,0.731445,1.241283
2159,-2.156250,-2.729284,-1.379997,-0.343821,0.921875,1.243412
2160,-2.156250,-2.726311,-1.379997,-0.342037,0.873047,1.245553
2161,-2.156250,-2.723323,-1.379997,-0.340244,0.799805,1.247704
2162,-2.156250,-2.720319,-1.379997,-0.338441,0.970703,1.249867
2163,-2.156250,-2.717300,-1.379997,-0.336630,0.870117,1.252041
2164,-2.156250,-2.714265,-1.379997,-0.334809,0.885742,1.254226
2165,-2.156250,-2.711215,-1.379997,-0.332979,0.958984,1.256422
2166,-2.156250,-2.708150,-1.379997,-0.331140,0.912109,1.258629
2167,-2.156250,-2.705069,-1.379997,-0.329291,0.916992,1.260847
2168,-2.156250,-2.701973,-1.379997,-0.327434,0.863281,1.263076
2169,-2.156250,-2.698861,-1.379997,-0.325567,0.949219,1.265317
2170,-2.156250,-2.695735,-1.379997,-0.323691,0.862305,1.267568
2171,-2.156250,-2.692592,-1.379997,-0.321805,0.969727,1.269830
2172,-2.156250,-2.689435,-1.379997,-0.319911,0.879883,1.272103
2173,-2.156250,-2.686263,-1.379997,-0.318008,0.945312,1.274387
2174,-2.156250,-2.683075,-1.379997,-0.316095,0.974609,1.276683
2175,-2.289062,-2.679873,-1.299997,-0.234486,0.938477,1.278614
2176,-2.289062,-2.676654,-1.299997,-0.232555,1.016602,1.280931
2177,-2.289062,-2.673420,-1.299997,-0.230615,0.992188,1.283259
2178,-2.289062,-2.670172,-1.299997,-0.228666,0.941406,1.285598
2179,-2.289062,-2.666909,-1.299997,-0.226708,0.948242,1.287948
2180,-2.289062,-2.663630,-1.299997,-0.224740,0.920898,1.290308
2181,-2.289062,-2.660336,-1.299997,-0.222764,0.921875,1.292680
2182,-2.289062,-2.657027,-1.299997,-0.220779,0.986328,1.295062
2183,-2.289062,-2.653703,-1.299997,-0.218784,0.933594,1.297456
2184,-2.289062,-2.650364,-1.299997,-0.216781,0.916016,1.299860
2185,-2.289062,-2.647010,-1.299997,-0.214768,0.962891,1.302275
2186,-2.289062,-2.643641,-1.299997,-0.212747,0.884766,1.304700
2187,-2.289062,-2.640257,-1.299997,-0.210717,0.977539,1.307137
2188,-2.289062,-2.636858,-1.299997,-0.208677,0.893555,1.309584
2189,-2.289062,-2.633444,-1.299997,-0.206629,0.986328,1.312042
2190,-2.289062,-2.630015,-1.299997,-0.204571,0.946289,1.314511
2191,-2.289062,-2.626571,-1.299997,-0.202505,0.910156,1.316991
2192,-2.289062,-2.623113,-1.299997,-0.200430,0.952148,1.319481
2193,-2.289062,-2.619639,-1.299997,-0.198346,0.930664,1.321982
2194,-2.289062,-2.616150,-1.299997,-0.196253,0.952148,1.324494
2195,-2.289062,-2.612647,-1.299997,-0.194151,0.875000,1.327016
2196,-2.289062,-2.609129,-1.299997,-0.192040,1.004883,1.329549
2197,-2.289062,-2.605597,-1.299997,-0.189920,0.984375,1.332092
2198,-2.289062,-2.602049,-1.299997,-0.187792,1.029297,1.334646
2199,-2.289062,-2.598486,-1.299997,-0.185654,0.916992,1.337212
2200,-2.406250,-2.594909,-1.209997,-0.113196,1.022461,1.316162
2201,-2.406250,-2.591318,-1.209997,-0.111041,0.896484,1.318748
2202,-2.406250,-2.587711,-1.209997,-0.108877,1.024414,1.321344
2203,-2.406250,-2.584089,-1.209997,-0.106704,1.055664,1.323952
2204,-2.406250,-2.580454,-1.209997,-0.104522,0.954102,1.326570
2205,-2.406250,-2.576804,-1.209997,-0.102332,0.949219,1.329198
2206,-2.406250,-2.573139,-1.209997,-0.100133,1.020508,1.331837
2207,-2.406250,-2.569459,-1.209997,-0.097926,0.903320,1.334486
2208,-2.406250,-2.565764,-1.209997,-0.095709,1.019531,1.337146
2209,-2.406250,-2.562056,-1.209997,-0.093483,1.001953,1.339817
2210,-2.406250,-2.558333,-1.209997,-0.091250,0.929688,1.342497
2211,-2.406250,-2.554595,-1.209997,-0.089007,0.946289,1.345188
2212,-2.406250,-2.550842,-1.209997,-0.086755,1.025391,1.347890
2213,-2.406250,-2.547076,-1.209997,-0.084495,0.973633,1.350602
2214,-2.406250,-2.543294,-1.209997,-0.082227,0.986328,1.353325
2215,-2.406250,-2.539499,-1.209997,-0.079950,1.041992,1.356057
2216,-2.406250,-2.535689,-1.209997,-0.077664,0.911133,1.358800
2217,-2.406250,-2.531864,-1.209997,-0.075369,0.945312,1.361554
2218,-2.406250,-2.528026,-1.209997,-0.073066,0.992188,1.364318
2219,-2.406250,-2.524173,-1.209997,-0.070754,0.973633,1.367092
2220,-2.406250,-2.520306,-1.209997,-0.068434,1.001953,1.369876
2221,-2.406250,-2.516424,-1.209997,-0.066104,0.967773,1.372672
2222,-2.406250,-2.512528,-1.209997,-0.063767,1.032227,1.375477
2223,-2.406250,-2.508618,-1.209997,-0.061421,0.926758,1.378292
2224,-2.406250,-2.504694,-1.209997,-0.059066,0.945312,1.381117
2225,-2.406250,-2.500755,-1.209997,-0.056703,0.877930,1.383953
2226,-2.527344,-2.496802,-1.119999,0.018325,0.972656,1.365989
2227,-2.527344,-2.492835,-1.119999,0.020705,0.973633,1.368845
2228,-2.527344,-2.488854,-1.119999,0.023094,0.914062,1.371711
2229,-2.527344,-2.484859,-1.119999,0.025491,1.051758,1.374587
2230,-2.527344,-2.480850,-1.119999,0.027896,0.998047,1.377474
2231,-2.527344,-2.476827,-1.119999,0.030310,1.076172,1.380371
2232,-2.527344,-2.472790,-1.119999,0.032733,0.971680,1.383278
2233,-2.527344,-2.468738,-1.119999,0.035163,0.956055,1.386195
2234,-2.527344,-2.464673,-1.119999,0.037602,0.898438,1.389122
2235,-2.527344,-2.460593,-1.119999,0.040050,0.934570,1.392059
2236,-2.527344,-2.456500,-1.119999,0.042506,1.057617,1.395006
2237,-2.527344,-2.452393,-1.119999,0.044970,1.072266,1.397963
2238,-2.527344,-2.448272,-1.119999,0.047443,0.979492,1.400930
2239,-2.527344,-2.444137,-1.119999,0.049924,0.999023,1.403907
2240,-2.527344,-2.439988,-1.119999,0.052414,0.987305,1.406895
2241,-2.527344,-2.435825,-1.119999,0.054911,1.034180,1.409892
2242,-2.527344,-2.431649,-1.119999,0.057417,0.935547,1.412899
2243,-2.527344,-2.427459,-1.119999,0.059931,1.050781,1.415916
2244,-2.527344,-2.423254,-1.119999,0.062454,0.964844,1.418943
2245,-2.527344,-2.419037,-1.119999,0.064984,0.993164,1.421980
2246,-2.527344,-2.414806,-1.119999,0.067523,0.975586,1.425026
2247,-2.527344,-2.410561,-1.119999,0.070070,1.004883,1.428083
2248,-2.527344,-2.406302,-1.119999,0.072625,1.047852,1.431149
2249,-2.527344,-2.402029,-1.119999,0.075189,1.029297,1.434226
2250,-2.527344,-2.397743,-1.119999,0.077760,0.986328,1.437311
2251,-2.636719,-2.393444,-1.029999,0.145965,1.004883,1.411157
2252,-2.636719,-2.389131,-1.029999,0.148553,0.993164,1.414262
2253,-2.636719,-2.384803,-1.029999,0.151149,1.072266,1.417378
2254,-2.636719,-2.380463,-1.029999,0.153753,1.114258,1.420503
2255,-2.636719,-2.376109,-1.029999,0.156366,1.097656,1.423637
2256,-2.636719,-2.371742,-1.029999,0.158986,1.090820,1.426782
2257,-2.636719,-2.367362,-1.029999,0.161614,1.037109,1.429936
2258,-2.636719,-2.362967,-1.029999,0.164251,1.067383,1.433100
2259,-2.636719,-2.358560,-1.029999,0.166895,0.990234,1.436273
2260,-2.636719,-2.354139,-1.029999,0.169548,1.128906,1.439456
2261,-2.636719,-2.349705,-1.029999,0.172208,1.062500,1.442649
2262,-2.636719,-2.345258,-1.029999,0.174877,1.061523,1.445851
2263,-2.636719,-2.340796,-1.029999,0.177554,1.027344,1.449063
2264,-2.636719,-2.336322,-1.029999,0.180238,1.051758,1.452284
2265,-2.636719,-2.331835,-1.029999,0.182930,1.183594,1.455515
2266,-2.636719,-2.327334,-1.029999,0.185631,0.962891,1.458755
2267,-2.636719,-2.322820,-1.029999,0.188339,1.052734,1.462006
2268,-2.636719,-2.318293,-1.029999,0.191055,1.068359,1.465265
2269,-2.636719,-2.313753,-1.029999,0.193779,1.029297,1.468534
2270,-2.636719,-2.309201,-1.029999,0.196511,1.061523,1.471812
2271,-2.636719,-2.304634,-1.029999,0.199251,1.037109,1.475099
2272,-2.636719,-2.300054,-1.029999,0.201999,1.165039,1.478397
2273,-2.636719,-2.295462,-1.029999,0.204754,1.021484,1.481703
2274,-2.636719,-2.290857,-1.029999,0.207517,1.002930,1.485019
2275,-2.636719,-2.286239,-1.029999,0.210288,0.979492,1.488344
2276,-2.636719,-2.281607,-1.029999,0.213067,1.091797,1.491679
2277,-2.738281,-2.276963,-0.929998,0.276791,1.052734,1.448148
2278,-2.738281,-2.272305,-0.929998,0.279585,0.986328,1.451501
2279,-2.738281,-2.267636,-0.929998,0.282387,0.970703,1.454863
2280,-2.738281,-2.262953,-0.929998,0.285197,1.036133,1.458235
2281,-2.738281,-2.258256,-0.929998,0.288015,1.009766,1.461616
2282,-2.738281,-2.253548,-0.929998,0.290840,1.048828,1.465006
2283,-2.738281,-2.248827,-0.929998,0.293673,1.048828,1.468405
2284,-2.738281,-2.244093,-0.929998,0.296513,1.096680,1.471814
2285,-2.738281,-2.239345,-0.929998,0.299362,1.034180,1.475232
2286,-2.738281,-2.234586,-0.929998,0.302217,1.029297,1.478659
2287,-2.738281,-2.229814,-0.929998,0.305080,1.117188,1.482095
2288,-2.738281,-2.225029,-0.929998,0.307951,1.045898,1.485539
2289,-2.738281,-2.220232,-0.929998,0.310829,1.060547,1.488993
2290,-2.738281,-2.215421,-0.929998,0.313716,1.002930,1.492457
2291,-2.738281,-2.210599,-0.929998,0.316609,1.138672,1.495929
2292,-2.738281,-2.205764,-0.929998,0.319510,1.105469,1.499410
2293,-2.738281,-2.200917,-0.929998,0.322419,0.970703,1.502901
2294,-2.738281,-2.196057,-0.929998,0.325335,0.984375,1.506400
2295,-2.738281,-2.191184,-0.929998,0.328258,1.091797,1.509908
2296,-2.738281,-2.186299,-0.929998,0.331189,1.005859,1.513425
2297,-2.738281,-2.181402,-0.929998,0.334128,1.063477,1.516951
2298,-2.738281,-2.176492,-0.929998,0.337073,1.142578,1.520486
2299,-2.738281,-2.171570,-0.929998,0.340027,1.120117,1.524031
2300,-2.738281,-2.166635,-0.929998,0.342988,1.101562,1.527583
2301,-2.738281,-2.161689,-0.929998,0.345955,1.130859,1.531145
2302,-2.738281,-2.156730,-0.929998,0.348931,1.015625,1.534715
2303,-2.828125,-2.151759,-0.819998,0.405820,1.076172,1.470981
2304,-2.828125,-2.146775,-0.819998,0.408810,0.989258,1.474569
2305,-2.828125,-2.141780,-0.819998,0.411807,1.132812,1.478166
2306,-2.828125,-2.136773,-0.819998,0.414811,1.082031,1.481771
2307,-2.828125,-2.131753,-0.819998,0.417823,1.079102,1.485385
2308,-2.828125,-2.126720,-0.819998,0.420843,1.141602,1.489009
2309,-2.828125,-2.121677,-0.819998,0.423869,1.084961,1.492640
2310,-2.828125,-2.116621,-0.819998,0.426902,1.076172,1.496280
2311,-2.828125,-2.111553,-0.819998,0.429943,1.166016,1.499929
2312,-2.828125,-2.106473,-0.819998,0.432991,1.080078,1.503587
2313,-2.828125,-2.101381,-0.819998,0.436047,1.116211,1.507253
2314,-2.828125,-2.096277,-0.819998,0.439109,1.122070,1.510928
2315,-2.828125,-2.091162,-0.819998,0.442178,1.041992,1.514611
2316,-2.828125,-2.086035,-0.819998,0.445254,1.122070,1.518302
2317,-2.828125,-2.080895,-0.819998,0.448338,1.133789,1.522003
2318,-2.828125,-2.075744,-0.819998,0.451429,1.072266,1.525712
2319,-2.828125,-2.070581,-0.819998,0.454526,1.035156,1.529429
2320,-2.828125,-2.065407,-0.819998,0.457631,1.097656,1.533154
2321,-2.828125,-2.060221,-0.819998,0.460743,1.125977,1.536888
2322,-2.828125,-2.055022,-0.819998,0.463862,1.068359,1.540632
2323,-2.828125,-2.049812,-0.819998,0.466988,1.020508,1.544383
2324,-2.828125,-2.044591,-0.819998,0.470120,1.146484,1.548142
2325,-2.828125,-2.039359,-0.819998,0.473260,1.110352,1.551909
2326,-2.828125,-2.034113,-0.819998,0.476407,1.069336,1.555686
2327,-2.828125,-2.028858,-0.819998,0.479560,1.073242,1.559470
2328,-2.906250,-2.023591,-0.709999,0.529596,1.135742,1.487514
2329,-2.906250,-2.018312,-0.709999,0.532763,1.153320,1.491314
2330,-2.906250,-2.013022,-0.709999,0.535937,1.064453,1.495123
2331,-2.906250,-2.007719,-0.709999,0.539119,1.081055,1.498941
2332,-2.906250,-2.002406,-0.709999,0.542306,1.109375,1.502767
2333,-2.906250,-1.997082,-0.709999,0.545501,1.072266,1.506600
2334,-2.906250,-1.991746,-0.709999,0.548702,1.173828,1.510442
2335,-2.906250,-1.986399,-0.709999,0.551910,1.095703,1.514291
2336,-2.906250,-1.981040,-0.709999,0.555126,1.114258,1.518150
2337,-2.906250,-1.975671,-0.709999,0.558348,1.102539,1.522016
2338,-2.906250,-1.970290,-0.709999,0.561576,1.154297,1.525890
2339,-2.906250,-1.964899,-0.709999,0.564811,1.098633,1.529772
2340,-2.906250,-1.959495,-0.709999,0.568053,1.219727,1.533663
2341,-2.906250,-1.954081,-0.709999,0.571302,1.142578,1.537561
2342,-2.906250,-1.948655,-0.709999,0.574557,1.127930,1.541467
2343,-2.906250,-1.943219,-0.709999,0.577818,1.064453,1.545381
2344,-2.906250,-1.937772,-0.709999,0.581087,1.088867,1.549303
2345,-2.906250,-1.932313,-0.709999,0.584362,1.100586,1.553234
2346,-2.906250,-1.926844,-0.709999,0.587644,1.059570,1.557171
2347,-2.906250,-1.921364,-0.709999,0.590932,1.160156,1.561117
2348,-2.906250,-1.915873,-0.709999,0.594226,1.166992,1.565070
2349,-2.906250,-1.910370,-0.709999,0.597528,1.137695,1.569032
2350,-2.906250,-1.904858,-0.709999,0.600835,1.085938,1.573002
2351,-2.906250,-1.899334,-0.709999,0.604150,1.133789,1.576978
2352,-2.906250,-1.893800,-0.709999,0.607470,1.128906,1.580963
2353,-2.906250,-1.888255,-0.709999,0.610797,1.147461,1.584955
2354,-2.968750,-1.882699,-0.599998,0.651631,1.139648,1.501955
2355,-2.968750,-1.877132,-0.599998,0.654971,1.100586,1.505963
2356,-2.968750,-1.871556,-0.599998,0.658317,1.122070,1.509978
2357,-2.968750,-1.865968,-0.599998,0.661669,1.098633,1.514001
2358,-2.968750,-1.860369,-0.599998,0.665029,1.062500,1.518033
2359,-2.968750,-1.854760,-0.599998,0.668394,1.057617,1.522071
2360,-2.968750,-1.849141,-0.599998,0.671765,1.042969,1.526117
2361,-2.968750,-1.843511,-0.599998,0.675143,1.063477,1.530170
2362,-2.968750,-1.837871,-0.599998,0.678527,1.199219,1.534231
2363,-2.968750,-1.832220,-0.599998,0.681918,1.112305,1.538300
2364,-2.968750,-1.826559,-0.599998,0.685315,1.202148,1.542376
2365,-2.968750,-1.820888,-0.599998,0.688717,1.059570,1.546459
2366,-2.968750,-1.815206,-0.599998,0.692126,1.109375,1.550550
2367,-2.968750,-1.809514,-0.599998,0.695541,1.165039,1.554648
2368,-2.968750,-1.803811,-0.599998,0.698963,1.142578,1.558754
2369,-2.968750,-1.798099,-0.599998,0.702391,1.077148,1.562867
2370,-2.968750,-1.792376,-0.599998,0.705824,1.176758,1.566988
2371,-2.968750,-1.786643,-0.599998,0.709264,0.984375,1.571115
2372,-2.968750,-1.780899,-0.599998,0.712710,1.098633,1.575251
2373,-2.968750,-1.775146,-0.599998,0.716162,1.104492,1.579393
2374,-2.968750,-1.769384,-0.599998,0.719620,1.116211,1.583542
2375,-2.968750,-1.763611,-0.599998,0.723084,1.201172,1.587699
2376,-2.968750,-1.757828,-0.599998,0.726553,1.097656,1.591862
2377,-2.968750,-1.752033,-0.599998,0.730030,1.111328,1.596034
2378,-2.968750,-1.746231,-0.599998,0.733512,1.150391,1.600212
2379,-3.019531,-1.740418,-0.489998,0.767468,1.076172,1.508959
2380,-3.019531,-1.734595,-0.489998,0.770962,1.160156,1.513152
2381,-3.019531,-1.728761,-0.489998,0.774462,1.103516,1.517352
2382,-3.019531,-1.722919,-0.489998,0.777967,1.185547,1.521558
2383,-3.019531,-1.717067,-0.489998,0.781479,1.171875,1.525772
2384,-3.019531,-1.711205,-0.489998,0.784996,1.087891,1.529992
2385,-3.019531,-1.705334,-0.489998,0.788518,1.005859,1.534220
2386,-3.019531,-1.699452,-0.489998,0.792048,1.005859,1.538455
2387,-3.019531,-1.693561,-0.489998,0.795582,1.123047,1.542696
2388,-3.019531,-1.687660,-0.489998,0.799123,1.212891,1.546945
2389,-3.019531,-1.681750,-0.489998,0.802669,1.177734,1.551200
2390,-3.019531,-1.675830,-0.489998,0.806221,1.090820,1.555463
2391,-3.019531,-1.669901,-0.489998,0.809778,1.093750,1.559731
2392,-3.019531,-1.663962,-0.489998,0.813341,1.082031,1.564007
2393,-3.019531,-1.658014,-0.489998,0.816910,1.183594,1.568290
2394,-3.019531,-1.652057,-0.489998,0.820484,1.108398,1.572579
2395,-3.019531,-1.646089,-0.489998,0.824065,1.228516,1.576876
2396,-3.019531,-1.640113,-0.489998,0.827651,1.127930,1.581178
2397,-3.019531,-1.634128,-0.489998,0.831242,1.175781,1.585488
2398,-3.019531,-1.628133,-0.489998,0.834839,1.100586,1.589804
2399,-3.019531,-1.622130,-0.489998,0.838441,1.191406,1.594127
2400,-3.019531,-1.616116,-0.489998,0.842049,1.152344,1.598457
2401,-3.019531,-1.610093,-0.489998,0.845663,1.136719,1.602793
2402,-3.019531,-1.604062,-0.489998,0.849281,1.125977,1.607135
2403,-3.019531,-1.598022,-0.489998,0.852906,1.208008,1.611484
2404,-3.019531,-1.591971,-0.489998,0.856536,1.254883,1.615841
2405,-3.066406,-1.585913,-0.369999,0.888296,1.141602,1.509954
2406,-3.066406,-1.579845,-0.369999,0.891937,1.149414,1.514323
2407,-3.066406,-1.573769,-0.369999,0.895582,1.153320,1.518698
2408,-3.066406,-1.567684,-0.369999,0.899234,1.101562,1.523079
2409,-3.066406,-1.561588,-0.369999,0.902891,1.125000,1.527468
2410,-3.066406,-1.555485,-0.369999,0.906553,1.127930,1.531862
2411,-3.066406,-1.549373,-0.369999,0.910220,1.174805,1.536262
2412,-3.066406,-1.543253,-0.369999,0.913892,1.116211,1.540669
2413,-3.066406,-1.537122,-0.369999,0.917571,1.147461,1.545084
2414,-3.066406,-1.530984,-0.369999,0.921253,1.067383,1.549503
2415,-3.066406,-1.524837,-0.369999,0.924941,1.172852,1.553928
2416,-3.066406,-1.518682,-0.369999,0.928635,1.166992,1.558360
2417,-3.066406,-1.512518,-0.369999,0.932333,1.140625,1.562799
2418,-3.066406,-1.506344,-0.369999,0.936037,1.208984,1.567244
2419,-3.066406,-1.500163,-0.369999,0.939746,1.154297,1.571694
2420,-3.066406,-1.493973,-0.369999,0.943460,1.130859,1.576151
2421,-3.066406,-1.487775,-0.369999,0.947179,1.127930,1.580613
2422,-3.066406,-1.481567,-0.369999,0.950903,1.166992,1.585083
2423,-3.066406,-1.475352,-0.369999,0.954632,1.083008,1.589558
2424,-3.066406,-1.469129,-0.369999,0.958366,1.160156,1.594038
2425,-3.066406,-1.462897,-0.369999,0.962105,1.123047,1.598525
2426,-3.066406,-1.456657,-0.369999,0.965849,1.195312,1.603018
2427,-3.066406,-1.450408,-0.369999,0.969599,1.100586,1.607518
2428,-3.066406,-1.444152,-0.369999,0.973353,1.143555,1.612022
2429,-3.066406,-1.437887,-0.369999,0.977112,1.142578,1.616533
2430,-3.066406,-1.431614,-0.369999,0.980875,1.194336,1.621049
2431,-3.097656,-1.425332,-0.249998,1.003395,1.114258,1.504071
2432,-3.097656,-1.419043,-0.249998,1.007168,1.248047,1.508599
2433,-3.097656,-1.412746,-0.249998,1.010946,1.071289,1.513133
2434,-3.097656,-1.406441,-0.249998,1.014729,1.049805,1.517673
2435,-3.097656,-1.400128,-0.249998,1.018517,1.162109,1.522218
2436,-3.097656,-1.393806,-0.249998,1.022310,1.157227,1.526770
2437,-3.097656,-1.387477,-0.249998,1.026108,1.153320,1.531327
2438,-3.097656,-1.381141,-0.249998,1.029909,1.141602,1.535889
2439,-3.097656,-1.374796,-0.249998,1.033716,1.178711,1.540457
2440,-3.097656,-1.368444,-0.249998,1.037528,1.124023,1.545031
2441,-3.097656,-1.362082,-0.249998,1.041344,1.184570,1.549611
2442,-3.097656,-1.355715,-0.249998,1.045165,1.147461,1.554196
2443,-3.097656,-1.349339,-0.249998,1.048990,1.101562,1.558786
2444,-3.097656,-1.342956,-0.249998,1.052820,1.088867,1.563382
2445,-3.097656,-1.336564,-0.249998,1.056655,1.122070,1.567984
2446,-3.097656,-1.330166,-0.249998,1.060494,1.056641,1.572591
2447,-3.097656,-1.323760,-0.249998,1.064338,1.121094,1.577203
2448,-3.097656,-1.317347,-0.249998,1.068186,1.054688,1.581821
2449,-3.097656,-1.310926,-0.249998,1.072038,1.071289,1.586444
2450,-3.097656,-1.304496,-0.249998,1.075896,1.097656,1.591073
2451,-3.097656,-1.298061,-0.249998,1.079757,1.170898,1.595707
2452,-3.097656,-1.291618,-0.249998,1.083623,1.145508,1.600346
2453,-3.097656,-1.285167,-0.249998,1.087493,1.189453,1.604990
2454,-3.097656,-1.278708,-0.249998,1.091369,1.127930,1.609640
2455,-3.097656,-1.272244,-0.249998,1.095248,1.096680,1.614295
2456,-3.117188,-1.265772,-0.129999,1.110850,1.143555,1.489019
2457,-3.117188,-1.259292,-0.129999,1.114737,1.055664,1.493684
2458,-3.117188,-1.252806,-0.129999,1.118629,1.185547,1.498354
2459,-3.117188,-1.246311,-0.129999,1.122526,1.165039,1.503030
2460,-3.117188,-1.239811,-0.129999,1.126426,1.089844,1.507711
2461,-3.117188,-1.233303,-0.129999,1.130331,1.121094,1.512396
2462,-3.117188,-1.226789,-0.129999,1.134239,1.205078,1.517086
2463,-3.117188,-1.220266,-0.129999,1.138153,1.161133,1.521783
2464,-3.117188,-1.213737,-0.129999,1.142070,1.027344,1.526483
2465,-3.117188,-1.207202,-0.129999,1.145991,1.122070,1.531189
2466,-3.117188,-1.200660,-0.129999,1.149917,1.136719,1.535899
2467,-3.117188,-1.194111,-0.129999,1.153846,1.154297,1.540614
2468,-3.117188,-1.187554,-0.129999,1.157780,1.119141,1.545335
2469,-3.117188,-1.180991,-0.129999,1.161718,1.113281,1.550060
2470,-3.117188,-1.174422,-0.129999,1.165659,1.122070,1.554790
2471,-3.117188,-1.167846,-0.129999,1.169605,1.115234,1.559525
2472,-3.117188,-1.161264,-0.129999,1.173554,1.144531,1.564264
2473,-3.117188,-1.154674,-0.129999,1.177508,1.145508,1.569009
2474,-3.117188,-1.148078,-0.129999,1.181466,1.189453,1.573758
2475,-3.117188,-1.141476,-0.129999,1.185427,1.157227,1.578511
2476,-3.117188,-1.134867,-0.129999,1.189392,1.105469,1.583270
2477,-3.117188,-1.128251,-0.129999,1.193362,1.114258,1.588033
2478,-3.117188,-1.121630,-0.129999,1.197335,1.108398,1.592801
2479,-3.117188,-1.115002,-0.129999,1.201311,1.116211,1.597573
2480,-3.117188,-1.108368,-0.129999,1.205292,1.142578,1.602349
2481,-3.117188,-1.101728,-0.129999,1.209276,1.077148,1.607130
2482,-3.128906,-1.095080,-0.009998,1.220296,1.048828,1.476353
2483,-3.128906,-1.088427,-0.009998,1.224288,1.111328,1.481143
2484,-3.128906,-1.081768,-0.009998,1.228283,1.178711,1.485938
2485,-3.128906,-1.075103,-0.009998,1.232282,1.048828,1.490737
2486,-3.128906,-1.068430,-0.009998,1.236286,1.066406,1.495541
2487,-3.128906,-1.061753,-0.009998,1.240292,1.082031,1.500348
2488,-3.128906,-1.055070,-0.009998,1.244302,1.087891,1.505160
2489,-3.128906,-1.048381,-0.009998,1.248315,1.099609,1.509977
2490,-3.128906,-1.041685,-0.009998,1.252332,1.091797,1.514797
2491,-3.128906,-1.034983,-0.009998,1.256354,1.097656,1.519623
2492,-3.128906,-1.028276,-0.009998,1.260378,1.042969,1.524452
2493,-3.128906,-1.021563,-0.009998,1.264406,1.170898,1.529285
2494,-3.128906,-1.014845,-0.009998,1.268437,1.142578,1.534122
2495,-3.128906,-1.008119,-0.009998,1.272472,1.098633,1.538965
2496,-3.128906,-1.001389,-0.009998,1.276510,1.027344,1.543810
2497,-3.128906,-0.994653,-0.009998,1.280552,1.257812,1.548660
2498,-3.128906,-0.987912,-0.009998,1.284597,1.140625,1.553514
2499,-3.128906,-0.981165,-0.009998,1.288645,1.049805,1.558372
2500,-3.128906,-0.974411,-0.009998,1.292697,1.022461,1.563235
2501,-3.128906,-0.967653,-0.009998,1.296752,1.198242,1.568100
2502,-3.128906,-0.960890,-0.009998,1.300810,1.133789,1.572970
2503,-3.128906,-0.954121,-0.009998,1.304871,1.132812,1.577844
2504,-3.128906,-0.947346,-0.009998,1.308936,1.142578,1.582721
2505,-3.128906,-0.940565,-0.009998,1.313005,1.081055,1.587604
2506,-3.128906,-0.933780,-0.009998,1.317076,1.149414,1.592489
2507,-3.117188,-0.926990,0.099998,1.314119,1.100586,1.456944
2508,-3.117188,-0.920194,0.099998,1.318196,1.079102,1.461837
2509,-3.117188,-0.913392,0.099998,1.322277,1.147461,1.466735
2510,-3.117188,-0.906586,0.099998,1.326361,1.222656,1.471635
2511,-3.117188,-0.899775,0.099998,1.330448,1.178711,1.476539
2512,-3.117188,-0.892958,0.099998,1.334538,1.158203,1.481447
2513,-3.117188,-0.886137,0.099998,1.338630,1.056641,1.486358
2514,-3.117188,-0.879309,0.099998,1.342727,1.081055,1.491274
2515,-3.117188,-0.872478,0.099998,1.346826,1.068359,1.496193
2516,-3.117188,-0.865642,0.099998,1.350928,1.121094,1.501115
2517,-3.117188,-0.858801,0.099998,1.355032,1.080078,1.506041
2518,-3.117188,-0.851953,0.099998,1.359141,1.116211,1.510971
2519,-3.117188,-0.845102,0.099998,1.363251,1.092773,1.515903
2520,-3.117188,-0.838246,0.099998,1.367365,1.121094,1.520840
2521,-3.117188,-0.831386,0.099998,1.371481,1.143555,1.525779
2522,-3.117188,-0.824521,0.099998,1.375600,1.152344,1.530722
2523,-3.117188,-0.817650,0.099998,1.379723,1.098633,1.535669
2524,-3.117188,-0.810775,0.099998,1.383847,1.082031,1.540619
2525,-3.117188,-0.803896,0.099998,1.387975,1.119141,1.545572
2526,-3.117188,-0.797013,0.099998,1.392105,1.065430,1.550528
2527,-3.117188,-0.790123,0.099998,1.396239,1.041016,1.555488
2528,-3.117188,-0.783231,0.099998,1.400374,1.142578,1.560451
2529,-3.117188,-0.776333,0.099998,1.404513,1.090820,1.565417
2530,-3.117188,-0.769432,0.099998,1.408653,1.071289,1.570386
2531,-3.117188,-0.762526,0.099998,1.412797,1.075195,1.575358
2532,-3.117188,-0.755615,0.099998,1.416944,1.099609,1.580334
2533,-3.097656,-0.748700,0.219999,1.409374,1.075195,1.427249
2534,-3.097656,-0.741782,0.219999,1.413525,1.130859,1.432231
2535,-3.097656,-0.734859,0.219999,1.417678,1.155273,1.437215
2536,-3.097656,-0.727930,0.219999,1.421835,1.057617,1.442203
2537,-3.097656,-0.720999,0.219999,1.425994,1.094727,1.447194
2538,-3.097656,-0.714064,0.219999,1.430155,1.097656,1.452187
2539,-3.097656,-0.707125,0.219999,1.434319,1.106445,1.457184
2540,-3.097656,-0.700181,0.219999,1.438485,1.052734,1.462183
2541,-3.097656,-0.693233,0.219999,1.442654,1.068359,1.467186
2542,-3.097656,-0.686282,0.219999,1.446825,1.175781,1.472191
2543,-3.097656,-0.679327,0.219999,1.450998,1.117188,1.477198
2544,-3.097656,-0.672368,0.219999,1.455173,1.083008,1.482209
2545,-3.097656,-0.665405,0.219999,1.459351,1.065430,1.487222
2546,-3.097656,-0.658437,0.219999,1.463532,1.113281,1.492239
2547,-3.097656,-0.651467,0.219999,1.467714,1.125000,1.497257
2548,-3.097656,-0.644493,0.219999,1.471898,1.163086,1.502279
2549,-3.097656,-0.637515,0.219999,1.476085,1.039062,1.507303
2550,-3.097656,-0.630533,0.219999,1.480274,1.067383,1.512330
2551,-3.097656,-0.623548,0.219999,1.484465,1.151367,1.517359
2552,-3.097656,-0.616560,0.219999,1.488658,1.011719,1.522391
2553,-3.097656,-0.609568,0.219999,1.492853,1.129883,1.527425
2554,-3.097656,-0.602572,0.219999,1.497050,1.063477,1.532461
2555,-3.097656,-0.595572,0.219999,1.501251,1.115234,1.537501
2556,-3.097656,-0.588570,0.219999,1.505452,0.987305,1.542543
2557,-3.097656,-0.581565,0.219999,1.509655,1.208984,1.547587
2558,-3.097656,-0.574556,0.219999,1.513860,1.119141,1.552633
2559,-3.066406,-0.567543,0.339998,1.499318,1.167969,1.391184
2560,-3.066406,-0.560528,0.339998,1.503527,1.043945,1.396235
2561,-3.066406,-0.553509,0.339998,1.507738,1.036133,1.401288
2562,-3.066406,-0.546488,0.339998,1.511951,1.105469,1.406343
2563,-3.066406,-0.539463,0.339998,1.516166,1.142578,1.411401
2564,-3.066406,-0.532434,0.339998,1.520383,1.037109,1.416462
2565,-3.066406,-0.525403,0.339998,1.524602,1.057617,1.421524
2566,-3.066406,-0.518370,0.339998,1.528822,1.063477,1.426588
2567,-3.066406,-0.511333,0.339998,1.533044,1.056641,1.431655
2568,-3.066406,-0.504292,0.339998,1.537268,1.091797,1.436724
2569,-3.066406,-0.497250,0.339998,1.541494,1.031250,1.441795
2570,-3.066406,-0.490205,0.339998,1.545721,1.028320,1.446867
2571,-3.066406,-0.483157,0.339998,1.549950,0.943359,1.451942
2572,-3.066406,-0.476106,0.339998,1.554180,1.114258,1.457018
2573,-3.066406,-0.469052,0.339998,1.558413,1.132812,1.462098
2574,-3.066406,-0.461996,0.339998,1.562647,1.070312,1.467178
2575,-3.066406,-0.454937,0.339998,1.566882,1.087891,1.472260
2576,-3.066406,-0.447876,0.339998,1.571118,0.981445,1.477344
2577,-3.066406,-0.440812,0.339998,1.575357,1.036133,1.482430
2578,-3.066406,-0.433744,0.339998,1.579597,1.137695,1.487519
2579,-3.066406,-0.426676,0.339998,1.583838,1.088867,1.492608
2580,-3.066406,-0.419604,0.339998,1.588081,0.952148,1.497700
2581,-3.066406,-0.412531,0.339998,1.592325,1.070312,1.502793
2582,-3.066406,-0.405454,0.339998,1.596572,1.047852,1.507888
2583,-3.066406,-0.398375,0.339998,1.600819,1.032227,1.512984
2584,-3.027344,-0.391295,0.459999,1.581629,1.056641,1.345956
2585,-3.027344,-0.384212,0.459999,1.585879,1.119141,1.351056
2586,-3.027344,-0.377128,0.459999,1.590130,1.115234,1.356157
2587,-3.027344,-0.370039,0.459999,1.594383,0.881836,1.361260
2588,-3.027344,-0.362950,0.459999,1.598636,1.052734,1.366364
2589,-3.027344,-0.355859,0.459999,1.602891,1.108398,1.371470
2590,-3.027344,-0.348766,0.459999,1.607147,1.080078,1.376577
2591,-3.027344,-0.341669,0.459999,1.611405,1.084961,1.381687
2592,-3.027344,-0.334572,0.459999,1.615663,0.965820,1.386797
2593,-3.027344,-0.327473,0.459999,1.619922,1.024414,1.391908
2594,-3.027344,-0.320373,0.459999,1.624183,0.996094,1.397021
2595,-3.027344,-0.313270,0.459999,1.628444,0.995117,1.402134
2596,-3.027344,-0.306164,0.459999,1.632708,1.076172,1.407250
2597,-3.027344,-0.299058,0.459999,1.636971,1.037109,1.412367
2598,-3.027344,-0.291950,0.459999,1.641236,0.942383,1.417484
2599,-3.027344,-0.284841,0.459999,1.645502,1.039062,1.422603
2600,-3.027344,-0.277728,0.459999,1.649769,1.061523,1.427724
2601,-3.027344,-0.270616,0.459999,1.654037,1.056641,1.432845
2602,-3.027344,-0.263502,0.459999,1.658305,1.004883,1.437968
2603,-3.027344,-0.256386,0.459999,1.662575,0.993164,1.443091
2604,-3.027344,-0.249269,0.459999,1.666845,1.019531,1.448215
2605,-3.027344,-0.242149,0.459999,1.671117,1.071289,1.453341
2606,-3.027344,-0.235029,0.459999,1.675389,0.956055,1.458468
2607,-3.027344,-0.227908,0.459999,1.679662,1.108398,1.463595
2608,-3.027344,-0.220785,0.459999,1.683935,1.031250,1.468724
2609,-3.027344,-0.213661,0.459999,1.688210,0.967773,1.473853
2610,-2.976562,-0.206535,0.579998,1.662017,1.032227,1.298422
2611,-2.976562,-0.199409,0.579998,1.666292,1.011719,1.303553
2612,-2.976562,-0.192281,0.579998,1.670569,0.950195,1.308685
2613,-2.976562,-0.185153,0.579998,1.674846,1.011719,1.313817
2614,-2.976562,-0.178022,0.579998,1.679124,1.059570,1.318951
2615,-2.976562,-0.170892,0.579998,1.683403,1.002930,1.324085
2616,-2.976562,-0.163760,0.579998,1.687681,1.076172,1.329220
2617,-2.976562,-0.156628,0.579998,1.691961,0.954102,1.334355
2618,-2.976562,-0.149495,0.579998,1.696241,0.999023,1.339491
2619,-2.976562,-0.142359,0.579998,1.700522,1.091797,1.344629
2620,-2.976562,-0.135224,0.579998,1.704803,1.030273,1.349766
2621,-2.976562,-0.128089,0.579998,1.709085,1.124023,1.354904
2622,-2.976562,-0.120952,0.579998,1.713366,1.013672,1.360042
2623,-2.976562,-0.113814,0.579998,1.717649,0.976562,1.365182
2624,-2.976562,-0.106676,0.579998,1.721932,0.959961,1.370321
2625,-2.976562,-0.099538,0.579998,1.726215,0.979492,1.375460
2626,-2.976562,-0.092399,0.579998,1.730498,1.062500,1.380601
2627,-2.976562,-0.085259,0.579998,1.734782,1.055664,1.385741
2628,-2.976562,-0.078118,0.579998,1.739067,0.900391,1.390882
2629,-2.976562,-0.070978,0.579998,1.743351,0.997070,1.396024
2630,-2.976562,-0.063837,0.579998,1.747635,0.917969,1.401165
2631,-2.976562,-0.056696,0.579998,1.751920,0.952148,1.406306
2632,-2.976562,-0.049553,0.579998,1.756206,1.038086,1.411449
2633,-2.976562,-0.042411,0.579998,1.760491,1.024414,1.416591
2634,-2.976562,-0.035269,0.579998,1.764776,0.893555,1.421734
2635,-2.917969,-0.028127,0.699999,1.733905,0.873047,1.240687
2636,-2.917969,-0.020985,0.699999,1.738190,0.965820,1.245830
2637,-2.917969,-0.013841,0.699999,1.742477,0.938477,1.250973
2638,-2.917969,-0.006699,0.699999,1.746762,0.958984,1.256116
2639,-2.917969,0.000444,0.699999,1.751048,1.068359,1.261259
2640,-2.917969,0.007587,0.699999,1.755333,0.922852,1.266401
2641,-2.917969,0.014730,0.699999,1.759620,0.898438,1.271545
2642,-2.917969,0.021873,0.699999,1.763905,0.934570,1.276687
2643,-2.917969,0.029015,0.699999,1.768190,0.978516,1.281830
2644,-2.917969,0.036157,0.699999,1.772476,1.074219,1.286972
2645,-2.917969,0.043299,0.699999,1.776761,0.977539,1.292114
2646,-2.917969,0.050442,0.699999,1.781047,0.950195,1.297257
2647,-2.917969,0.057584,0.699999,1.785331,0.994141,1.302399
2648,-2.917969,0.064725,0.699999,1.789616,0.979492,1.307541
2649,-2.917969,0.071865,0.699999,1.793900,1.077148,1.312682
2650,-2.917969,0.079006,0.699999,1.798185,0.964844,1.317823
2651,-2.917969,0.086147,0.699999,1.802469,0.983398,1.322965
2652,-2.917969,0.093286,0.699999,1.806753,0.973633,1.328105
2653,-2.917969,0.100425,0.699999,1.811036,1.003906,1.333245
2654,-2.917969,0.107563,0.699999,1.815319,0.958008,1.338385
2655,-2.917969,0.114702,0.699999,1.819603,0.947266,1.343525
2656,-2.917969,0.121839,0.699999,1.823885,0.955078,1.348664
2657,-2.917969,0.128976,0.699999,1.828167,1.008789,1.353801
2658,-2.917969,0.136111,0.699999,1.832448,1.002930,1.358939
2659,-2.917969,0.143246,0.699999,1.836729,1.016602,1.364076
2660,-2.917969,0.150382,0.699999,1.841010,0.905273,1.369214
2661,-2.839844,0.157515,0.809998,1.798415,0.889648,1.186101
2662,-2.839844,0.164647,0.809998,1.802694,0.921875,1.191236
2663,-2.839844,0.171778,0.809998,1.806973,0.847656,1.196371
2664,-2.839844,0.178910,0.809998,1.811252,0.885742,1.201506
2665,-2.839844,0.186039,0.809998,1.815530,0.931641,1.206639
2666,-2.839844,0.193168,0.809998,1.819807,0.956055,1.211771
2667,-2.839844,0.200295,0.809998,1.824083,0.875977,1.216903
2668,-2.839844,0.207421,0.809998,1.828359,0.922852,1.222034
2669,-2.839844,0.214547,0.809998,1.832634,0.917969,1.227164
2670,-2.839844,0.221671,0.809998,1.836909,0.889648,1.232293
2671,-2.839844,0.228793,0.809998,1.841182,0.886719,1.237422
2672,-2.839844,0.235914,0.809998,1.845455,0.836914,1.242549
2673,-2.839844,0.243035,0.809998,1.849728,0.880859,1.247676
2674,-2.839844,0.250154,0.809998,1.853998,0.975586,1.252801
2675,-2.839844,0.257271,0.809998,1.858269,0.879883,1.257925
2676,-2.839844,0.264386,0.809998,1.862538,0.823242,1.263049
2677,-2.839844,0.271500,0.809998,1.866806,0.890625,1.268171
2678,-2.839844,0.278614,0.809998,1.871075,0.976562,1.273293
2679,-2.839844,0.285725,0.809998,1.875341,0.872070,1.278413
2680,-2.839844,0.292834,0.809998,1.879607,0.798828,1.283531
2681,-2.839844,0.299942,0.809998,1.883871,0.910156,1.288649
2682,-2.839844,0.307048,0.809998,1.888135,1.030273,1.293765
2683,-2.839844,0.314153,0.809998,1.892398,0.947266,1.298881
2684,-2.839844,0.321256,0.809998,1.896660,1.000977,1.303995
2685,-2.839844,0.328356,0.809998,1.900920,0.875977,1.309107
2686,-2.839844,0.335455,0.809998,1.905179,0.856445,1.314218
2687,-2.750000,0.342553,0.919998,1.855532,0.831055,1.122641
2688,-2.750000,0.349648,0.919998,1.859789,0.932617,1.127749
2689,-2.750000,0.356741,0.919998,1.864045,0.948242,1.132856
2690,-2.750000,0.363832,0.919998,1.868299,0.947266,1.137961
2691,-2.750000,0.370920,0.919998,1.872552,0.895508,1.143065
2692,-2.750000,0.378008,0.919998,1.876805,0.809570,1.148168
2693,-2.750000,0.385093,0.919998,1.881056,0.917969,1.153269
2694,-2.750000,0.392175,0.919998,1.885305,0.877930,1.158369
2695,-2.750000,0.399256,0.919998,1.889553,0.941406,1.163466
2696,-2.750000,0.406335,0.919998,1.893801,0.900391,1.168563
2697,-2.750000,0.413410,0.919998,1.898046,0.874023,1.173658
2698,-2.750000,0.420484,0.919998,1.902290,0.938477,1.178751
2699,-2.750000,0.427554,0.919998,1.906533,0.898438,1.183841
2700,-2.750000,0.434623,0.919998,1.910774,0.942383,1.188931
2701,-2.750000,0.441690,0.919998,1.915014,0.885742,1.194019
2702,-2.750000,0.448754,0.919998,1.919252,0.910156,1.199105
2703,-2.750000,0.455815,0.919998,1.923489,0.786133,1.204189
2704,-2.750000,0.462873,0.919998,1.927724,0.839844,1.209271
2705,-2.750000,0.469930,0.919998,1.931958,0.938477,1.214352
2706,-2.750000,0.476983,0.919998,1.936190,0.834961,1.219430
2707,-2.750000,0.484033,0.919998,1.940420,0.832031,1.224506
2708,-2.750000,0.491081,0.919998,1.944649,0.929688,1.229581
2709,-2.750000,0.498126,0.919998,1.948876,0.845703,1.234653
2710,-2.750000,0.505169,0.919998,1.953102,0.847656,1.239724
2711,-2.750000,0.512208,0.919998,1.957325,0.773438,1.244792
2712,-2.656250,0.519244,1.019999,1.905297,0.920898,1.062358
2713,-2.656250,0.526278,1.019999,1.909517,0.805664,1.067422
2714,-2.656250,0.533308,1.019999,1.913735,0.818359,1.072484
2715,-2.656250,0.540337,1.019999,1.917952,0.868164,1.077544
2716,-2.656250,0.547361,1.019999,1.922167,0.850586,1.082602
2717,-2.656250,0.554382,1.019999,1.926379,0.844727,1.087657
2718,-2.656250,0.561400,1.019999,1.930590,0.732422,1.092710
2719,-2.656250,0.568416,1.019999,1.934800,0.885742,1.097762
2720,-2.656250,0.575428,1.019999,1.939007,0.732422,1.102810
2721,-2.656250,0.582436,1.019999,1.943212,0.851562,1.107856
2722,-2.656250,0.589441,1.019999,1.947415,0.791016,1.112899
2723,-2.656250,0.596443,1.019999,1.951616,0.782227,1.117941
2724,-2.656250,0.603442,1.019999,1.955815,0.830078,1.122980
2725,-2.656250,0.610437,1.019999,1.960012,0.836914,1.128016
2726,-2.656250,0.617428,1.019999,1.964207,0.929688,1.133050
2727,-2.656250,0.624416,1.019999,1.968400,0.807617,1.138082
2728,-2.656250,0.631402,1.019999,1.972591,0.839844,1.143111
2729,-2.656250,0.638383,1.019999,1.976780,0.848633,1.148138
2730,-2.656250,0.645360,1.019999,1.980966,0.873047,1.153161
2731,-2.656250,0.652333,1.019999,1.985150,0.765625,1.158182
2732,-2.656250,0.659303,1.019999,1.989332,0.791016,1.163200
2733,-2.656250,0.666271,1.019999,1.993513,0.855469,1.168217
2734,-2.656250,0.673233,1.019999,1.997690,0.815430,1.173230
2735,-2.656250,0.680191,1.019999,2.001865,0.759766,1.178240
2736,-2.656250,0.687146,1.019999,2.006038,0.759766,1.183247
2737,-2.656250,0.694098,1.019999,2.010209,0.907227,1.188252
2738,-2.546875,0.701045,1.119999,1.948752,0.697266,0.994504
2739,-2.546875,0.707988,1.119999,1.952918,0.791016,0.999503
2740,-2.546875,0.714926,1.119999,1.957081,0.842773,1.004498
2741,-2.546875,0.721861,1.119999,1.961242,0.810547,1.009491
2742,-2.546875,0.728793,1.119999,1.965401,0.778320,1.014482
2743,-2.546875,0.735720,1.119999,1.969557,0.754883,1.019470
2744,-2.546875,0.742642,1.119999,1.973710,0.711914,1.024454
2745,-2.546875,0.749560,1.119999,1.977861,0.837891,1.029435
2746,-2.546875,0.756475,1.119999,1.982010,0.809570,1.034414
2747,-2.546875,0.763385,1.119999,1.986156,0.820312,1.039389
2748,-2.546875,0.770290,1.119999,1.990299,0.782227,1.044361
2749,-2.546875,0.777191,1.119999,1.994440,0.706055,1.049329
2750,-2.546875,0.784088,1.119999,1.998578,0.778320,1.054295
2751,-2.546875,0.790981,1.119999,2.002714,0.769531,1.059258
2752,-2.546875,0.797869,1.119999,2.006846,0.752930,1.064217
2753,-2.546875,0.804752,1.119999,2.010976,0.853516,1.069173
2754,-2.546875,0.811630,1.119999,2.015103,0.783203,1.074125
2755,-2.546875,0.818504,1.119999,2.019228,0.845703,1.079074
2756,-2.546875,0.825375,1.119999,2.023350,0.762695,1.084021
2757,-2.546875,0.832239,1.119999,2.027469,0.762695,1.088964
2758,-2.546875,0.839099,1.119999,2.031585,0.740234,1.093903
2759,-2.546875,0.845954,1.119999,2.035698,0.689453,1.098839
2760,-2.546875,0.852806,1.119999,2.039809,0.752930,1.103772
2761,-2.546875,0.859651,1.119999,2.043916,0.699219,1.108701
2762,-2.546875,0.866492,1.119999,2.048020,0.683594,1.113626
2763,-2.429688,0.873327,1.219997,1.981809,0.655273,0.914174
2764,-2.429688,0.880158,1.219997,1.985907,0.696289,0.919092
2765,-2.429688,0.886985,1.219997,1.990004,0.831055,0.924008
2766,-2.429688,0.893806,1.219997,1.994096,0.776367,0.928919
2767,-2.429688,0.900622,1.219997,1.998186,0.770508,0.933826
2768,-2.429688,0.907432,1.219997,2.002272,0.750000,0.938729
2769,-2.429688,0.914239,1.219997,2.006356,0.858398,0.943630
2770,-2.429688,0.921039,1.219997,2.010436,0.822266,0.948526
2771,-2.429688,0.927834,1.219997,2.014513,0.724609,0.953419
2772,-2.429688,0.934624,1.219997,2.018587,0.681641,0.958307
2773,-2.429688,0.941408,1.219997,2.022657,0.707031,0.963192
2774,-2.429688,0.948189,1.219997,2.026726,0.673828,0.968074
2775,-2.429688,0.954962,1.219997,2.030790,0.848633,0.972951
2776,-2.429688,0.961731,1.219997,2.034851,0.758789,0.977824
2777,-2.429688,0.968494,1.219997,2.038909,0.773438,0.982694
2778,-2.429688,0.975252,1.219997,2.042964,0.791992,0.987560
2779,-2.429688,0.982004,1.219997,2.047015,0.720703,0.992421
2780,-2.429688,0.988750,1.219997,2.051063,0.644531,0.997279
2781,-2.429688,0.995491,1.219997,2.055107,0.750000,1.002132
2782,-2.429688,1.002226,1.219997,2.059148,0.574219,1.006981
2783,-2.429688,1.008957,1.219997,2.063187,0.729492,1.011827
2784,-2.429688,1.015680,1.219997,2.067221,0.739258,1.016668
2785,-2.429688,1.022398,1.219997,2.071252,0.707031,1.021505
2786,-2.429688,1.029110,1.219997,2.075279,0.751953,1.026338
2787,-2.429688,1.035816,1.219997,2.079303,0.768555,1.031166
2788,-2.429688,1.042518,1.219997,2.083323,0.737305,1.035991
2789,-2.296875,1.049213,1.309998,2.007653,0.702148,0.837186
2790,-2.296875,1.055901,1.309998,2.011666,0.603516,0.842002
2791,-2.296875,1.062584,1.309998,2.015675,0.663086,0.846813
2792,-2.296875,1.069261,1.309998,2.019682,0.664062,0.851621
2793,-2.296875,1.075932,1.309998,2.023684,0.739258,0.856424
2794,-2.296875,1.082596,1.309998,2.027683,0.668945,0.861222
2795,-2.296875,1.089254,1.309998,2.031678,0.716797,0.866016
2796,-2.296875,1.095906,1.309998,2.035669,0.734375,0.870806
2797,-2.296875,1.102553,1.309998,2.039657,0.558594,0.875592
2798,-2.296875,1.109193,1.309998,2.043641,0.722656,0.880372
2799,-2.296875,1.115826,1.309998,2.047621,0.588867,0.885148
2800,-2.296875,1.122453,1.309998,2.051597,0.674805,0.889920
2801,-2.296875,1.129075,1.309998,2.055570,0.569336,0.894687
2802,-2.296875,1.135689,1.309998,2.059539,0.559570,0.899449
2803,-2.296875,1.142297,1.309998,2.063503,0.645508,0.904207
2804,-2.296875,1.148898,1.309998,2.067464,0.648438,0.908960
2805,-2.296875,1.155493,1.309998,2.071421,0.667969,0.913708
2806,-2.296875,1.162083,1.309998,2.075375,0.639648,0.918453
2807,-2.296875,1.168664,1.309998,2.079324,0.648438,0.923191
2808,-2.296875,1.175239,1.309998,2.083269,0.748047,0.927925
2809,-2.296875,1.181808,1.309998,2.087210,0.588867,0.932655
2810,-2.296875,1.188370,1.309998,2.091147,0.653320,0.937380
2811,-2.296875,1.194925,1.309998,2.095080,0.628906,0.942099
2812,-2.296875,1.201473,1.309998,2.099009,0.729492,0.946814
2813,-2.296875,1.208015,1.309998,2.102934,0.514648,0.951524
2814,-2.296875,1.214549,1.309998,2.106854,0.660156,0.956228
2815,-2.156250,1.221078,1.399998,2.026397,0.712891,0.751679
2816,-2.156250,1.227599,1.399998,2.030309,0.611328,0.756374
2817,-2.156250,1.234113,1.399998,2.034218,0.670898,0.761064
2818,-2.156250,1.240619,1.399998,2.038122,0.612305,0.765749
2819,-2.156250,1.247119,1.399998,2.042022,0.536133,0.770429
2820,-2.156250,1.253613,1.399998,2.045918,0.649414,0.775104
2821,-2.156250,1.260098,1.399998,2.049809,0.643555,0.779774
2822,-2.156250,1.266577,1.399998,2.053696,0.578125,0.784438
2823,-2.156250,1.273048,1.399998,2.057579,0.571289,0.789097
2824,-2.156250,1.279513,1.399998,2.061458,0.598633,0.793752
2825,-2.156250,1.285970,1.399998,2.065332,0.542969,0.798401
2826,-2.156250,1.292419,1.399998,2.069201,0.679688,0.803045
2827,-2.156250,1.298861,1.399998,2.073067,0.541992,0.807683
2828,-2.156250,1.305296,1.399998,2.076928,0.658203,0.812316
2829,-2.156250,1.311724,1.399998,2.080785,0.647461,0.816945
2830,-2.156250,1.318144,1.399998,2.084637,0.608398,0.821567
2831,-2.156250,1.324557,1.399998,2.088484,0.663086,0.826184
2832,-2.156250,1.330962,1.399998,2.092327,0.693359,0.830795
2833,-2.156250,1.337360,1.399998,2.096166,0.535156,0.835402
2834,-2.156250,1.343750,1.399998,2.100000,0.583984,0.840003
2835,-2.156250,1.350132,1.399998,2.103829,0.598633,0.844598
2836,-2.156250,1.356507,1.399998,2.107654,0.539062,0.849188
2837,-2.156250,1.362874,1.399998,2.111474,0.603516,0.853772
2838,-2.156250,1.369234,1.399998,2.115290,0.540039,0.858351
2839,-2.156250,1.375585,1.399998,2.119101,0.503906,0.862924
2840,-2.007812,1.381929,1.479998,2.033845,0.610352,0.664617
2841,-2.007812,1.388264,1.479998,2.037646,0.474609,0.669178
2842,-2.007812,1.394594,1.479998,2.041444,0.601562,0.673735
2843,-2.007812,1.400913,1.479998,2.045236,0.520508,0.678286
2844,-2.007812,1.407225,1.479998,2.049023,0.543945,0.682830
2845,-2.007812,1.413529,1.479998,2.052805,0.554688,0.687369
2846,-2.007812,1.419825,1.479998,2.056583,0.515625,0.691902
2847,-2.007812,1.426115,1.479998,2.060356,0.474609,0.696431
2848,-2.007812,1.432395,1.479998,2.064124,0.497070,0.700952
2849,-2.007812,1.438666,1.479998,2.067887,0.586914,0.705468
2850,-2.007812,1.444930,1.479998,2.071645,0.619141,0.709977
2851,-2.007812,1.451186,1.479998,2.075399,0.474609,0.714482
2852,-2.007812,1.457434,1.479998,2.079148,0.529297,0.718980
2853,-2.007812,1.463673,1.479998,2.082891,0.579102,0.723472
2854,-2.007812,1.469903,1.479998,2.086629,0.521484,0.727958
2855,-2.007812,1.476125,1.479998,2.090363,0.606445,0.732438
2856,-2.007812,1.482341,1.479998,2.094092,0.508789,0.736913
2857,-2.007812,1.488546,1.479998,2.097815,0.574219,0.741381
2858,-2.007812,1.494743,1.479998,2.101533,0.544922,0.745843
2859,-2.007812,1.500932,1.479998,2.105247,0.483398,0.750299
2860,-2.007812,1.507112,1.479998,2.108955,0.428711,0.754748
2861,-2.007812,1.513285,1.479998,2.112659,0.572266,0.759193
2862,-2.007812,1.519447,1.479998,2.116356,0.540039,0.763630
2863,-2.007812,1.525602,1.479998,2.120049,0.483398,0.768061
2864,-2.007812,1.531748,1.479998,2.123736,0.508789,0.772486
2865,-2.007812,1.537886,1.479998,2.127419,0.523438,0.776906
2866,-1.859375,1.544014,1.559998,2.042034,0.492188,0.578443
2867,-1.859375,1.550134,1.559998,2.045705,0.511719,0.582849
2868,-1.859375,1.556244,1.559998,2.049372,0.552734,0.587249
2869,-1.859375,1.562346,1.559998,2.053033,0.494141,0.591642
2870,-1.859375,1.568441,1.559998,2.056690,0.510742,0.596030
2871,-1.859375,1.574525,1.559998,2.060340,0.533203,0.600411
2872,-1.859375,1.580600,1.559998,2.063985,0.516602,0.604785
2873,-1.859375,1.586666,1.559998,2.067625,0.431641,0.609153
2874,-1.859375,1.592725,1.559998,2.071260,0.507812,0.613515
2875,-1.859375,1.598773,1.559998,2.074889,0.525391,0.617870
2876,-1.859375,1.604813,1.559998,2.078513,0.511719,0.622218
2877,-1.859375,1.610843,1.559998,2.082131,0.429688,0.626560
2878,-1.859375,1.616863,1.559998,2.085743,0.496094,0.630895
2879,-1.859375,1.622877,1.559998,2.089351,0.423828,0.635224
2880,-1.859375,1.628879,1.559998,2.092953,0.558594,0.639546
2881,-1.859375,1.634873,1.559998,2.096549,0.404297,0.643861
2882,-1.859375,1.640857,1.559998,2.100139,0.450195,0.648170
2883,-1.859375,1.646833,1.559998,2.103725,0.510742,0.652473
2884,-1.859375,1.652798,1.559998,2.107304,0.486328,0.656768
2885,-1.859375,1.658754,1.559998,2.110878,0.416992,0.661056
2886,-1.859375,1.664701,1.559998,2.114446,0.484375,0.665338
2887,-1.859375,1.670638,1.559998,2.118008,0.405273,0.669613
2888,-1.859375,1.676567,1.559998,2.121566,0.364258,0.673882
2889,-1.859375,1.682486,1.559998,2.125116,0.490234,0.678143
2890,-1.859375,1.688394,1.559998,2.128662,0.410156,0.682397
2891,-1.699219,1.694294,1.629997,2.036108,0.401367,0.487332
2892,-1.699219,1.700183,1.629997,2.039641,0.469727,0.491573
2893,-1.699219,1.706064,1.629997,2.043170,0.400391,0.495807
2894,-1.699219,1.711935,1.629997,2.046692,0.478516,0.500034
2895,-1.699219,1.717795,1.629997,2.050208,0.348633,0.504253
2896,-1.699219,1.723646,1.629997,2.053719,0.420898,0.508466
2897,-1.699219,1.729488,1.629997,2.057224,0.426758,0.512672
2898,-1.699219,1.735319,1.629997,2.060723,0.347656,0.516871
2899,-1.699219,1.741141,1.629997,2.064216,0.439453,0.521062
2900,-1.699219,1.746953,1.629997,2.067703,0.457031,0.525247
2901,-1.699219,1.752754,1.629997,2.071184,0.401367,0.529424
2902,-1.699219,1.758547,1.629997,2.074660,0.492188,0.533595
2903,-1.699219,1.764329,1.629997,2.078129,0.433594,0.537758
2904,-1.699219,1.770101,1.629997,2.081592,0.408203,0.541913
2905,-1.699219,1.775862,1.629997,2.085049,0.398438,0.546062
2906,-1.699219,1.781615,1.629997,2.088500,0.498047,0.550204
2907,-1.699219,1.787357,1.629997,2.091945,0.354492,0.554338
2908,-1.699219,1.793088,1.629997,2.095384,0.341797,0.558464
2909,-1.699219,1.798809,1.629997,2.098817,0.413086,0.562584
2910,-1.699219,1.804520,1.629997,2.102244,0.343750,0.566696
2911,-1.699219,1.810222,1.629997,2.105665,0.334961,0.570801
2912,-1.699219,1.815913,1.629997,2.109079,0.396484,0.574898
2913,-1.699219,1.821593,1.629997,2.112487,0.371094,0.578988
2914,-1.699219,1.827263,1.629997,2.115889,0.396484,0.583071
2915,-1.699219,1.832924,1.629997,2.119286,0.397461,0.587146
2916,-1.699219,1.838573,1.629997,2.122675,0.248047,0.591214
2917,-1.527344,1.844212,1.699997,2.022933,0.393555,0.387524
2918,-1.527344,1.849840,1.699997,2.026310,0.393555,0.391576
2919,-1.527344,1.855458,1.699997,2.029681,0.336914,0.395621
2920,-1.527344,1.861066,1.699997,2.033046,0.319336,0.399659
2921,-1.527344,1.866663,1.699997,2.036404,0.357422,0.403689
2922,-1.527344,1.872249,1.699997,2.039756,0.339844,0.407711
2923,-1.527344,1.877825,1.699997,2.043101,0.364258,0.411725
2924,-1.527344,1.883390,1.699997,2.046440,0.353516,0.415732
2925,-1.527344,1.888945,1.699997,2.049773,0.410156,0.419732
2926,-1.527344,1.894489,1.699997,2.053100,0.366211,0.423723
2927,-1.527344,1.900022,1.699997,2.056419,0.344727,0.427707
2928,-1.527344,1.905544,1.699997,2.059732,0.338867,0.431683
2929,-1.527344,1.911056,1.699997,2.063040,0.344727,0.435651
2930,-1.527344,1.916556,1.699997,2.066340,0.402344,0.439612
2931,-1.527344,1.922046,1.699997,2.069634,0.259766,0.443564
2932,-1.527344,1.927524,1.699997,2.072921,0.330078,0.447509
2933,-1.527344,1.932992,1.699997,2.076202,0.382812,0.451446
2934,-1.527344,1.938450,1.699997,2.079476,0.184570,0.455375
2935,-1.527344,1.943896,1.699997,2.082744,0.245117,0.459296
2936,-1.527344,1.949331,1.699997,2.086005,0.298828,0.463209
2937,-1.527344,1.954754,1.699997,2.089259,0.291016,0.467114
2938,-1.527344,1.960168,1.699997,2.092507,0.333008,0.471012
2939,-1.527344,1.965569,1.699997,2.095748,0.350586,0.474901
2940,-1.527344,1.970960,1.699997,2.098982,0.234375,0.478782
2941,-1.527344,1.976339,1.699997,2.102210,0.307617,0.482655
2942,-1.527344,1.981707,1.699997,2.105431,0.358398,0.486520
2943,-1.359375,1.987065,1.759998,2.007864,0.248047,0.297439
2944,-1.359375,1.992410,1.759998,2.011071,0.301758,0.301287
2945,-1.359375,1.997745,1.759998,2.014272,0.321289,0.305128
2946,-1.359375,2.003067,1.759998,2.017466,0.269531,0.308961
2947,-1.359375,2.008380,1.759998,2.020653,0.335938,0.312786
2948,-1.359375,2.013680,1.759998,2.023833,0.194336,0.316602
2949,-1.359375,2.018969,1.759998,2.027006,0.284180,0.320410
2950,-1.359375,2.024246,1.759998,2.030173,0.209961,0.324209
2951,-1.359375,2.029512,1.759998,2.033332,0.204102,0.328001
2952,-1.359375,2.034767,1.759998,2.036485,0.282227,0.331785
2953,-1.359375,2.040010,1.759998,2.039631,0.281250,0.335559
2954,-1.359375,2.045241,1.759998,2.042770,0.279297,0.339326
2955,-1.359375,2.050461,1.759998,2.045902,0.253906,0.343084
2956,-1.359375,2.055670,1.759998,2.049027,0.228516,0.346834
2957,-1.359375,2.060866,1.759998,2.052145,0.222656,0.350575
2958,-1.359375,2.066051,1.759998,2.055256,0.092773,0.354309
2959,-1.359375,2.071224,1.759998,2.058359,0.218750,0.358033
2960,-1.359375,2.076385,1.759998,2.061456,0.317383,0.361749
2961,-1.359375,2.081535,1.759998,2.064546,0.212891,0.365458
2962,-1.359375,2.086673,1.759998,2.067629,0.279297,0.369157
2963,-1.359375,2.091799,1.759998,2.070704,0.292969,0.372847
2964,-1.359375,2.096913,1.759998,2.073773,0.281250,0.376529
2965,-1.359375,2.102015,1.759998,2.076834,0.221680,0.380203
2966,-1.359375,2.107106,1.759998,2.079889,0.222656,0.383868
2967,-1.359375,2.112184,1.759998,2.082936,0.206055,0.387525
2968,-1.179688,2.117250,1.809998,1.978163,0.199219,0.201798
2969,-1.179688,2.122304,1.809998,1.981195,0.205078,0.205437
2970,-1.179688,2.127347,1.809998,1.984221,0.208008,0.209068
2971,-1.179688,2.132378,1.809998,1.987239,0.191406,0.212690
2972,-1.179688,2.137396,1.809998,1.990250,0.233398,0.216303
2973,-1.179688,2.142402,1.809998,1.993254,0.190430,0.219907
2974,-1.179688,2.147395,1.809998,1.996250,0.199219,0.223503
2975,-1.179688,2.152378,1.809998,1.999239,0.157227,0.227090
2976,-1.179688,2.157347,1.809998,2.002221,0.247070,0.230668
2977,-1.179688,2.162304,1.809998,2.005195,0.200195,0.234237
2978,-1.179688,2.167249,1.809998,2.008162,0.244141,0.237798
2979,-1.179688,2.172183,1.809998,2.011122,0.210938,0.241350
2980,-1.179688,2.177103,1.809998,2.014075,0.199219,0.244892
2981,-1.179688,2.182011,1.809998,2.017020,0.221680,0.248426
2982,-1.179688,2.186907,1.809998,2.019957,0.144531,0.251951
2983,-1.179688,2.191790,1.809998,2.022887,0.155273,0.255467
2984,-1.179688,2.196662,1.809998,2.025810,0.152344,0.258975
2985,-1.179688,2.201520,1.809998,2.028725,0.168945,0.262473
2986,-1.179688,2.206366,1.809998,2.031632,0.090820,0.265962
2987,-1.179688,2.211199,1.809998,2.034532,0.073242,0.269441
2988,-1.179688,2.216021,1.809998,2.037425,0.170898,0.272913
2989,-1.179688,2.220829,1.809998,2.040310,0.231445,0.276375
2990,-1.179688,2.225625,1.809998,2.043188,0.191406,0.279828
2991,-1.179688,2.230408,1.809998,2.046057,0.102539,0.283272
2992,-1.179688,2.235178,1.809998,2.048920,0.097656,0.286707
2993,-1.179688,2.239937,1.809998,2.051775,0.115234,0.290133
2994,-0.988281,2.244682,1.849997,1.939778,0.200195,0.107738
2995,-0.988281,2.249414,1.849997,1.942618,0.143555,0.111145
2996,-0.988281,2.254134,1.849997,1.945449,0.167969,0.114543
2997,-0.988281,2.258841,1.849997,1.948273,0.176758,0.117932
2998,-0.988281,2.263536,1.849997,1.951090,0.190430,0.121312
2999,-0.988281,2.268217,1.849997,1.953899,0.170898,0.124683
3000,-0.988281,2.272885,1.849997,1.956700,0.105469,0.128044
3001,-0.988281,2.277541,1.849997,1.959493,0.188477,0.131396
3002,-0.988281,2.282184,1.849997,1.962279,0.124023,0.134739
3003,-0.988281,2.286813,1.849997,1.965057,0.125000,0.138072
3004,-0.988281,2.291430,1.849997,1.967827,0.064453,0.141396
3005,-0.988281,2.296034,1.849997,1.970589,0.111328,0.144711
3006,-0.988281,2.300624,1.849997,1.973343,0.164062,0.148016
3007,-0.988281,2.305203,1.849997,1.976090,0.139648,0.151313
3008,-0.988281,2.309767,1.849997,1.978829,0.119141,0.154599
3009,-0.988281,2.314318,1.849997,1.981560,0.153320,0.157876
3010,-0.988281,2.318857,1.849997,1.984283,0.102539,0.161144
3011,-0.988281,2.323383,1.849997,1.986999,0.131836,0.164402
3012,-0.988281,2.327895,1.849997,1.989706,0.162109,0.167651
3013,-0.988281,2.332394,1.849997,1.992405,0.060547,0.170890
3014,-0.988281,2.336879,1.849997,1.995096,0.052734,0.174120
3015,-0.988281,2.341351,1.849997,1.997780,0.064453,0.177340
3016,-0.988281,2.345811,1.849997,2.000456,0.157227,0.180551
3017,-0.988281,2.350257,1.849997,2.003123,0.042969,0.183752
3018,-0.988281,2.354689,1.849997,2.005782,0.036133,0.186943
3019,-0.808594,2.359108,1.889997,1.900621,0.087891,0.012749
3020,-0.808594,2.363515,1.889997,1.903265,0.037109,0.015921
3021,-0.808594,2.367907,1.889997,1.905901,0.006836,0.019084
3022,-0.808594,2.372286,1.889997,1.908528,-0.057617,0.022236
3023,-0.808594,2.376651,1.889997,1.911147,0.074219,0.025380
3024,-0.808594,2.381003,1.889997,1.913758,0.042969,0.028513
3025,-0.808594,2.385343,1.889997,1.916362,0.001953,0.031637
3026,-0.808594,2.389668,1.889997,1.918957,-0.009766,0.034751
3027,-0.808594,2.393979,1.889997,1.921544,0.195312,0.037855
3028,-0.808594,2.398277,1.889997,1.924122,0.140625,0.040950
3029,-0.808594,2.402561,1.889997,1.926693,0.072266,0.044034
3030,-0.808594,2.406832,1.889997,1.929256,0.003906,0.047110
3031,-0.808594,2.411089,1.889997,1.931810,0.094727,0.050175
3032,-0.808594,2.415332,1.889997,1.934356,0.081055,0.053230
3033,-0.808594,2.419562,1.889997,1.936893,0.120117,0.056275
3034,-0.808594,2.423779,1.889997,1.939424,0.004883,0.059311
3035,-0.808594,2.427981,1.889997,1.941945,0.009766,0.062337
3036,-0.808594,2.432169,1.889997,1.944458,0.083984,0.065352
3037,-0.808594,2.436344,1.889997,1.946962,0.039062,0.068358
3038,-0.808594,2.440505,1.889997,1.949459,-0.039062,0.071354
3039,-0.808594,2.444652,1.889997,1.951948,0.049805,0.074340
3040,-0.808594,2.448785,1.889997,1.954427,-0.005859,0.077316
3041,-0.808594,2.452904,1.889997,1.956899,0.029297,0.080282
3042,-0.808594,2.457010,1.889997,1.959362,-0.028320,0.083238
3043,-0.808594,2.461102,1.889997,1.961817,-0.040039,0.086184
3044,-0.808594,2.465179,1.889997,1.964264,0.074219,0.089120
3045,-0.617188,2.469243,1.929996,1.851858,-0.011719,-0.093766
3046,-0.617188,2.473292,1.929996,1.854288,0.007812,-0.090850
3047,-0.617188,2.477327,1.929996,1.856709,0.020508,-0.087945
3048,-0.617188,2.481350,1.929996,1.859122,0.051758,-0.085049
3049,-0.617188,2.485357,1.929996,1.861527,-0.067383,-0.082164
3050,-0.617188,2.489350,1.929996,1.863923,0.025391,-0.079289
3051,-0.617188,2.493329,1.929996,1.866310,0.047852,-0.076424
3052,-0.617188,2.497295,1.929996,1.868690,0.035156,-0.073568
3053,-0.617188,2.501246,1.929996,1.871060,-0.034180,-0.070724
3054,-0.617188,2.505182,1.929996,1.873422,-0.075195,-0.067890
3055,-0.617188,2.509105,1.929996,1.875775,0.047852,-0.065065
3056,-0.617188,2.513013,1.929996,1.878120,0.105469,-0.062251
3057,-0.617188,2.516908,1.929996,1.880457,-0.020508,-0.059447
3058,-0.617188,2.520787,1.929996,1.882785,-0.018555,-0.056654
3059,-0.617188,2.524653,1.929996,1.885104,-0.031250,-0.053871
3060,-0.617188,2.528504,1.929996,1.887415,-0.090820,-0.051098
3061,-0.617188,2.532341,1.929996,1.889717,0.065430,-0.048335
3062,-0.617188,2.536164,1.929996,1.892011,0.035156,-0.045583
3063,-0.617188,2.539972,1.929996,1.894296,-0.051758,-0.042841
3064,-0.617188,2.543765,1.929996,1.896572,-0.082031,-0.040110
3065,-0.617188,2.547544,1.929996,1.898839,-0.050781,-0.037389
3066,-0.617188,2.551310,1.929996,1.901099,-0.061523,-0.034677
3067,-0.617188,2.555060,1.929996,1.903349,-0.087891,-0.031977
3068,-0.617188,2.558796,1.929996,1.905590,-0.107422,-0.029287
3069,-0.617188,2.562518,1.929996,1.907823,-0.049805,-0.026608
3070,-0.617188,2.566224,1.929996,1.910047,-0.293945,-0.023939
3071,-0.417969,2.569917,1.949997,1.792732,-0.123047,-0.188718
3072,-0.417969,2.573595,1.949997,1.794938,-0.142578,-0.186070
3073,-0.417969,2.577258,1.949997,1.797136,-0.082031,-0.183433
3074,-0.417969,2.580907,1.949997,1.799325,-0.119141,-0.180806
3075,-0.417969,2.584541,1.949997,1.801506,-0.105469,-0.178189
3076,-0.417969,2.588160,1.949997,1.803677,-0.145508,-0.175583
3077,-0.417969,2.591765,1.949997,1.805840,-0.144531,-0.172988
3078,-0.417969,2.595355,1.949997,1.807994,-0.091797,-0.170404
3079,-0.417969,2.598930,1.949997,1.810139,-0.120117,-0.167829
3080,-0.417969,2.602491,1.949997,1.812276,-0.033203,-0.165265
3081,-0.417969,2.606036,1.949997,1.814403,-0.032227,-0.162713
3082,-0.417969,2.609567,1.949997,1.816522,-0.113281,-0.160170
3083,-0.417969,2.613083,1.949997,1.818631,-0.131836,-0.157639
3084,-0.417969,2.616585,1.949997,1.820732,-0.041016,-0.155117
3085,-0.417969,2.620072,1.949997,1.822824,-0.100586,-0.152607
3086,-0.417969,2.623543,1.949997,1.824907,-0.119141,-0.150108
3087,-0.417969,2.627000,1.949997,1.826981,-0.084961,-0.147619
3088,-0.417969,2.630442,1.949997,1.829046,-0.097656,-0.145141
3089,-0.417969,2.633869,1.949997,1.831103,-0.041992,-0.142673
3090,-0.417969,2.637281,1.949997,1.833150,-0.047852,-0.140216
3091,-0.417969,2.640678,1.949997,1.835188,-0.168945,-0.137770
3092,-0.417969,2.644060,1.949997,1.837218,-0.153320,-0.135335
3093,-0.417969,2.647428,1.949997,1.839238,-0.112305,-0.132911
3094,-0.417969,2.650780,1.949997,1.841249,-0.152344,-0.130497
3095,-0.417969,2.654117,1.949997,1.843252,-0.166016,-0.128094
3096,-0.218750,2.657439,1.969997,1.725714,-0.209961,-0.293141
3097,-0.218750,2.660746,1.969997,1.727698,-0.118164,-0.290760
3098,-0.218750,2.664038,1.969997,1.729673,-0.117188,-0.288389
3099,-0.218750,2.667315,1.969997,1.731639,-0.146484,-0.286030
3100,-0.218750,2.670577,1.969997,1.733596,-0.175781,-0.283681
3101,-0.218750,2.673823,1.969997,1.735544,-0.255859,-0.281344
3102,-0.218750,2.677055,1.969997,1.737483,-0.153320,-0.279017
3103,-0.218750,2.680271,1.969997,1.739413,-0.090820,-0.276701
3104,-0.218750,2.683472,1.969997,1.741333,-0.184570,-0.274397
3105,-0.218750,2.686658,1.969997,1.743245,-0.156250,-0.272103
3106,-0.218750,2.689829,1.969997,1.745147,-0.106445,-0.269820
3107,-0.218750,2.692984,1.969997,1.747041,-0.223633,-0.267548
3108,-0.218750,2.696125,1.969997,1.748925,-0.227539,-0.265287
3109,-0.218750,2.699249,1.969997,1.750800,-0.190430,-0.263037
3110,-0.218750,2.702358,1.969997,1.752665,-0.221680,-0.260799
3111,-0.218750,2.705452,1.969997,1.754521,-0.211914,-0.258571
3112,-0.218750,2.708532,1.969997,1.756369,-0.084961,-0.256354
3113,-0.218750,2.711595,1.969997,1.758207,-0.253906,-0.254148
3114,-0.218750,2.714643,1.969997,1.760036,-0.175781,-0.251954
3115,-0.218750,2.717676,1.969997,1.761856,-0.289062,-0.249770
3116,-0.218750,2.720694,1.969997,1.763666,-0.275391,-0.247597
3117,-0.218750,2.723696,1.969997,1.765468,-0.125000,-0.245436
3118,-0.218750,2.726682,1.969997,1.767259,-0.190430,-0.243286
3119,-0.218750,2.729653,1.969997,1.769042,-0.231445,-0.241147
3120,-0.218750,2.732608,1.969997,1.770815,-0.199219,-0.239019
3121,-0.218750,2.735549,1.969997,1.772579,-0.276367,-0.236902
3122,-0.027344,2.738473,1.969997,1.659490,-0.289062,-0.372608
3123,-0.027344,2.741382,1.969997,1.661236,-0.208984,-0.370514
3124,-0.027344,2.744276,1.969997,1.662972,-0.171875,-0.368431
3125,-0.027344,2.747154,1.969997,1.664699,-0.218750,-0.366359
3126,-0.027344,2.750016,1.969997,1.666416,-0.118164,-0.364298
3127,-0.027344,2.752863,1.969997,1.668124,-0.270508,-0.362248
3128,-0.027344,2.755694,1.969997,1.669823,-0.208008,-0.360210
3129,-0.027344,2.758509,1.969997,1.671512,-0.245117,-0.358183
3130,-0.027344,2.761310,1.969997,1.673192,-0.225586,-0.356166
3131,-0.027344,2.764094,1.969997,1.674863,-0.359375,-0.354162
3132,-0.027344,2.766862,1.969997,1.676524,-0.256836,-0.352169
3133,-0.027344,2.769615,1.969997,1.678175,-0.203125,-0.350186
3134,-0.027344,2.772352,1.969997,1.679818,-0.205078,-0.348216
3135,-0.027344,2.775074,1.969997,1.681451,-0.271484,-0.346256
3136,-0.027344,2.777780,1.969997,1.683074,-0.239258,-0.344308
3137,-0.027344,2.780470,1.969997,1.684688,-0.196289,-0.342371
3138,-0.027344,2.783144,1.969997,1.686293,-0.197266,-0.340446
3139,-0.027344,2.785803,1.969997,1.687888,-0.255859,-0.338531
3140,-0.027344,2.788445,1.969997,1.689473,-0.285156,-0.336629
3141,-0.027344,2.791072,1.969997,1.691049,-0.221680,-0.334738
3142,-0.027344,2.793683,1.969997,1.692616,-0.247070,-0.332858
3143,-0.027344,2.796278,1.969997,1.694173,-0.240234,-0.330989
3144,-0.027344,2.798858,1.969997,1.695721,-0.290039,-0.329132
3145,-0.027344,2.801421,1.969997,1.697259,-0.269531,-0.327286
3146,-0.027344,2.803969,1.969997,1.698788,-0.242188,-0.325452
3147,0.167969,2.806500,1.979998,1.583119,-0.288086,-0.476255
3148,0.167969,2.809016,1.979998,1.584629,-0.295898,-0.474443
3149,0.167969,2.811516,1.979998,1.586129,-0.285156,-0.472643
3150,0.167969,2.814000,1.979998,1.587619,-0.290039,-0.470855
3151,0.167969,2.816468,1.979998,1.589100,-0.261719,-0.469078
3152,0.167969,2.818920,1.979998,1.590571,-0.341797,-0.467312
3153,0.167969,2.821356,1.979998,1.592032,-0.297852,-0.465558
3154,0.167969,2.823776,1.979998,1.593484,-0.331055,-0.463816
3155,0.167969,2.826180,1.979998,1.594927,-0.346680,-0.462085
3156,0.167969,2.828568,1.979998,1.596360,-0.286133,-0.460366
3157,0.167969,2.830940,1.979998,1.597783,-0.354492,-0.458658
3158,0.167969,2.833296,1.979998,1.599196,-0.270508,-0.456961
3159,0.167969,2.835636,1.979998,1.600600,-0.348633,-0.455277
3160,0.167969,2.837960,1.979998,1.601995,-0.326172,-0.453604
3161,0.167969,2.840267,1.979998,1.603379,-0.346680,-0.451942
3162,0.167969,2.842559,1.979998,1.604754,-0.451172,-0.450292
3163,0.167969,2.844835,1.979998,1.606120,-0.321289,-0.448654
3164,0.167969,2.847094,1.979998,1.607475,-0.348633,-0.447027
3165,0.167969,2.849337,1.979998,1.608821,-0.298828,-0.445412
3166,0.167969,2.851564,1.979998,1.610157,-0.356445,-0.443808
3167,0.167969,2.853775,1.979998,1.611484,-0.256836,-0.442216
3168,0.167969,2.855970,1.979998,1.612801,-0.383789,-0.440636
3169,0.167969,2.858148,1.979998,1.614108,-0.360352,-0.439068
3170,0.167969,2.860311,1.979998,1.615405,-0.333008,-0.437511
3171,0.167969,2.862457,1.979998,1.616693,-0.298828,-0.435966
3172,0.167969,2.864587,1.979998,1.617971,-0.322266,-0.434432
3173,0.378906,2.866700,1.969997,1.492676,-0.427734,-0.572785
3174,0.378906,2.868798,1.969997,1.493935,-0.386719,-0.571275
3175,0.378906,2.870879,1.969997,1.495183,-0.353516,-0.569777
3176,0.378906,2.872944,1.969997,1.496423,-0.316406,-0.568290
3177,0.378906,2.874992,1.969997,1.497652,-0.462891,-0.566815
3178,0.378906,2.877025,1.969997,1.498871,-0.371094,-0.565352
3179,0.378906,2.879040,1.969997,1.500081,-0.377930,-0.563900
3180,0.378906,2.881041,1.969997,1.501281,-0.323242,-0.562460
3181,0.378906,2.883024,1.969997,1.502471,-0.271484,-0.561032
3182,0.378906,2.884991,1.969997,1.503651,-0.396484,-0.559616
3183,0.378906,2.886941,1.969997,1.504821,-0.362305,-0.558212
3184,0.378906,2.888875,1.969997,1.505981,-0.419922,-0.556819
3185,0.378906,2.890794,1.969997,1.507132,-0.435547,-0.555438
3186,0.378906,2.892695,1.969997,1.508273,-0.311523,-0.554069
3187,0.378906,2.894580,1.969997,1.509404,-0.342773,-0.552712
3188,0.378906,2.896449,1.969997,1.510525,-0.430664,-0.551366
3189,0.378906,2.898301,1.969997,1.511637,-0.319336,-0.550033
3190,0.378906,2.900137,1.969997,1.512738,-0.416992,-0.548711
3191,0.378906,2.901956,1.969997,1.513830,-0.395508,-0.547401
3192,0.378906,2.903759,1.969997,1.514912,-0.517578,-0.546103
3193,0.378906,2.905545,1.969997,1.515983,-0.470703,-0.544817
3194,0.378906,2.907315,1.969997,1.517046,-0.486328,-0.543542
3195,0.378906,2.909069,1.969997,1.518098,-0.374023,-0.542280
3196,0.378906,2.910806,1.969997,1.519140,-0.527344,-0.541029
3197,0.378906,2.912527,1.969997,1.520172,-0.397461,-0.539790
3198,0.378906,2.914231,1.969997,1.521195,-0.434570,-0.538563
3199,0.578125,2.915918,1.959997,1.402676,-0.406250,-0.668785
3200,0.578125,2.917589,1.959997,1.403679,-0.388672,-0.667582
3201,0.578125,2.919244,1.959997,1.404671,-0.436523,-0.666391
3202,0.578125,2.920881,1.959997,1.405654,-0.471680,-0.665212
3203,0.578125,2.922503,1.959997,1.406627,-0.417969,-0.664044
3204,0.578125,2.924108,1.959997,1.407590,-0.453125,-0.662889
3205,0.578125,2.925696,1.959997,1.408542,-0.486328,-0.661746
3206,0.578125,2.927267,1.959997,1.409485,-0.529297,-0.660614
3207,0.578125,2.928822,1.959997,1.410418,-0.512695,-0.659495
3208,0.578125,2.930361,1.959997,1.411342,-0.541016,-0.658387
3209,0.578125,2.931882,1.959997,1.412254,-0.406250,-0.657291
3210,0.578125,2.933388,1.959997,1.413158,-0.415039,-0.656207
3211,0.578125,2.934876,1.959997,1.414051,-0.532227,-0.655136
3212,0.578125,2.936348,1.959997,1.414934,-0.483398,-0.654076
3213,0.578125,2.937803,1.959997,1.415807,-0.507812,-0.653028
3214,0.578125,2.939242,1.959997,1.416670,-0.437500,-0.651992
3215,0.578125,2.940664,1.959997,1.417523,-0.414062,-0.650969
3216,0.578125,2.942069,1.959997,1.418366,-0.397461,-0.649957
3217,0.578125,2.943458,1.959997,1.419200,-0.446289,-0.648957
3218,0.578125,2.944830,1.959997,1.420023,-0.500000,-0.647969
3219,0.578125,2.946185,1.959997,1.420836,-0.528320,-0.646993
3220,0.578125,2.947523,1.959997,1.421639,-0.443359,-0.646030
3221,0.578125,2.948845,1.959997,1.422432,-0.520508,-0.645078
3222,0.578125,2.950150,1.959997,1.423215,-0.531250,-0.644138
3223,0.578125,2.951439,1.959997,1.423988,-0.500000,-0.643211
3224,0.769531,2.952710,1.939997,1.309907,-0.490234,-0.756107
3225,0.769531,2.953965,1.939997,1.310660,-0.500977,-0.755204
3226,0.769531,2.955203,1.939997,1.311403,-0.506836,-0.754312
3227,0.769531,2.956425,1.939997,1.312136,-0.515625,-0.753433
3228,0.769531,2.957629,1.939997,1.312859,-0.505859,-0.752566
3229,0.769531,2.958817,1.939997,1.313571,-0.545898,-0.751710
3230,0.769531,2.959988,1.939997,1.314274,-0.517578,-0.750867
3231,0.769531,2.961143,1.939997,1.314967,-0.506836,-0.750036
3232,0.769531,2.962280,1.939997,1.315649,-0.493164,-0.749217
3233,0.769531,2.963401,1.939997,1.316322,-0.524414,-0.748410
3234,0.769531,2.964504,1.939997,1.316984,-0.438477,-0.747615
3235,0.769531,2.965592,1.939997,1.317636,-0.557617,-0.746832
3236,0.769531,2.966662,1.939997,1.318279,-0.535156,-0.746062
3237,0.769531,2.967716,1.939997,1.318911,-0.555664,-0.745303
3238,0.769531,2.968752,1.939997,1.319533,-0.531250,-0.744557
3239,0.769531,2.969772,1.939997,1.320145,-0.527344,-0.743823
3240,0.769531,2.970775,1.939997,1.320746,-0.495117,-0.743100
3241,0.769531,2.971761,1.939997,1.321338,-0.582031,-0.742390
3242,0.769531,2.972731,1.939997,1.321920,-0.650391,-0.741692
3243,0.769531,2.973683,1.939997,1.322491,-0.483398,-0.741007
3244,0.769531,2.974619,1.939997,1.323053,-0.597656,-0.740333
3245,0.769531,2.975538,1.939997,1.323604,-0.622070,-0.739671
3246,0.769531,2.976439,1.939997,1.324145,-0.579102,-0.739022
3247,0.769531,2.977324,1.939997,1.324676,-0.599609,-0.738385
3248,0.769531,2.978192,1.939997,1.325197,-0.602539,-0.737760
3249,0.769531,2.979044,1.939997,1.325708,-0.595703,-0.737147
3250,0.957031,2.979878,1.909998,1.213708,-0.524414,-0.835548
3251,0.957031,2.980695,1.909998,1.214199,-0.635742,-0.834959
3252,0.957031,2.981496,1.909998,1.214679,-0.491211,-0.834383
3253,0.957031,2.982280,1.909998,1.215149,-0.666016,-0.833819
3254,0.957031,2.983047,1.909998,1.215609,-0.523438,-0.833267
3255,0.957031,2.983796,1.909998,1.216059,-0.595703,-0.832727
3256,0.957031,2.984529,1.909998,1.216499,-0.533203,-0.832199
3257,0.957031,2.985245,1.909998,1.216928,-0.578125,-0.831683
3258,0.957031,2.985944,1.909998,1.217348,-0.530273,-0.831180
3259,0.957031,2.986627,1.909998,1.217757,-0.597656,-0.830689
3260,0.957031,2.987292,1.909998,1.218156,-0.522461,-0.830210
3261,0.957031,2.987940,1.909998,1.218545,-0.640625,-0.829743
3262,0.957031,2.988571,1.909998,1.218924,-0.551758,-0.829289
3263,0.957031,2.989186,1.909998,1.219293,-0.508789,-0.828846
3264,0.957031,2.989783,1.909998,1.219651,-0.557617,-0.828416
3265,0.957031,2.990364,1.909998,1.219999,-0.627930,-0.827998
3266,0.957031,2.990927,1.909998,1.220338,-0.591797,-0.827592
3267,0.957031,2.991474,1.909998,1.220666,-0.535156,-0.827199
3268,0.957031,2.992004,1.909998,1.220984,-0.607422,-0.826817
3269,0.957031,2.992516,1.909998,1.221291,-0.561523,-0.826448
3270,0.957031,2.993012,1.909998,1.221588,-0.664062,-0.826091
3271,0.957031,2.993491,1.909998,1.221876,-0.525391,-0.825747
3272,0.957031,2.993953,1.909998,1.222153,-0.659180,-0.825414
3273,0.957031,2.994397,1.909998,1.222420,-0.508789,-0.825094
3274,0.957031,2.994825,1.909998,1.222677,-0.608398,-0.824786
3275,1.148438,2.995236,1.879997,1.108079,-0.684570,-0.926302
3276,1.148438,2.995630,1.879997,1.108316,-0.671875,-0.926018
3277,1.148438,2.996007,1.879997,1.108542,-0.578125,-0.925747
3278,1.148438,2.996367,1.879997,1.108758,-0.638672,-0.925487
3279,1.148438,2.996710,1.879997,1.108963,-0.617188,-0.925241
3280,1.148438,2.997036,1.879997,1.109159,-0.606445,-0.925006
3281,1.148438,2.997345,1.879997,1.109344,-0.707031,-0.924784
3282,1.148438,2.997637,1.879997,1.109519,-0.639648,-0.924573
3283,1.148438,2.997912,1.879997,1.109685,-0.571289,-0.924375
3284,1.148438,2.998170,1.879997,1.109839,-0.681641,-0.924190
3285,1.148438,2.998410,1.879997,1.109984,-0.642578,-0.924016
3286,1.148438,2.998635,1.879997,1.110118,-0.654297,-0.923855
3287,1.148438,2.998842,1.879997,1.110242,-0.678711,-0.923706
3288,1.148438,2.999032,1.879997,1.110356,-0.713867,-0.923569
3289,1.148438,2.999204,1.879997,1.110460,-0.672852,-0.923445
3290,1.148438,2.999361,1.879997,1.110554,-0.733398,-0.923332
3291,1.148438,2.999500,1.879997,1.110637,-0.750977,-0.923232
3292,1.148438,2.999621,1.879997,1.110710,-0.664062,-0.923144
3293,1.148438,2.999726,1.879997,1.110773,-0.713867,-0.923069
3294,1.148438,2.999815,1.879997,1.110826,-0.630859,-0.923005
3295,1.148438,2.999885,1.879997,1.110869,-0.682617,-0.922954
3296,1.148438,2.999939,1.879997,1.110901,-0.740234,-0.922915
3297,1.148438,2.999976,1.879997,1.110923,-0.615234,-0.922889
3298,1.148438,2.999996,1.879997,1.110935,-0.640625,-0.922875
3299,1.148438,2.999999,1.879997,1.110937,-0.656250,-0.922872
3300,1.148438,2.999985,1.879997,1.110929,-0.747070,-0.922882
3301,1.339844,2.999954,1.829998,0.996066,-0.658203,-1.000718
3302,1.339844,2.999906,1.829998,0.996037,-0.752930,-1.000753
3303,1.339844,2.999841,1.829998,0.995998,-0.708008,-1.000800
3304,1.339844,2.999759,1.829998,0.995949,-0.711914,-1.000859
3305,1.339844,2.999660,1.829998,0.995889,-0.662109,-1.000930
3306,1.339844,2.999543,1.829998,0.995820,-0.689453,-1.001014
3307,1.339844,2.999410,1.829998,0.995740,-0.701172,-1.001110
3308,1.339844,2.999260,1.829998,0.995650,-0.710938,-1.001218
3309,1.339844,2.999093,1.829998,0.995550,-0.722656,-1.001338
3310,1.339844,2.998909,1.829998,0.995439,-0.731445,-1.001471
3311,1.339844,2.998708,1.829998,0.995318,-0.683594,-1.001616
3312,1.339844,2.998490,1.829998,0.995188,-0.750977,-1.001772
3313,1.339844,2.998255,1.829998,0.995046,-0.697266,-1.001942
3314,1.339844,2.998003,1.829998,0.994895,-0.754883,-1.002123
3315,1.339844,2.997733,1.829998,0.994734,-0.762695,-1.002317
3316,1.339844,2.997447,1.829998,0.994562,-0.658203,-1.002523
3317,1.339844,2.997144,1.829998,0.994380,-0.764648,-1.002741
3318,1.339844,2.996824,1.829998,0.994188,-0.751953,-1.002972
3319,1.339844,2.996487,1.829998,0.993986,-0.757812,-1.003214
3320,1.339844,2.996133,1.829998,0.993774,-0.734375,-1.003469
3321,1.339844,2.995762,1.829998,0.993551,-0.723633,-1.003737
3322,1.339844,2.995374,1.829998,0.993318,-0.715820,-1.004016
3323,1.339844,2.994969,1.829998,0.993075,-0.831055,-1.004308
3324,1.339844,2.994547,1.829998,0.992822,-0.749023,-1.004612
3325,1.339844,2.994108,1.829998,0.992559,-0.711914,-1.004927
3326,1.339844,2.993652,1.829998,0.992285,-0.724609,-1.005256
3327,1.519531,2.993179,1.779997,0.884189,-0.774414,-1.074970
3328,1.519531,2.992689,1.779997,0.883895,-0.801758,-1.075323
3329,1.519531,2.992182,1.779997,0.883591,-0.766602,-1.075688
3330,1.519531,2.991658,1.779997,0.883276,-0.822266,-1.076065
3331,1.519531,2.991117,1.779997,0.882952,-0.658203,-1.076454
3332,1.519531,2.990560,1.779997,0.882617,-0.655273,-1.076856
3333,1.519531,2.989985,1.779997,0.882272,-0.668945,-1.077269
3334,1.519531,2.989394,1.779997,0.881918,-0.748047,-1.077695
3335,1.519531,2.988785,1.779997,0.881552,-0.698242,-1.078134
3336,1.519531,2.988159,1.779997,0.881177,-0.795898,-1.078584
3337,1.519531,2.987517,1.779997,0.880791,-0.871094,-1.079047
3338,1.519531,2.986858,1.779997,0.880396,-0.825195,-1.079521
3339,1.519531,2.986181,1.779997,0.879990,-0.745117,-1.080008
3340,1.519531,2.985488,1.779997,0.879574,-0.747070,-1.080507
3341,1.519531,2.984778,1.779997,0.879148,-0.733398,-1.081019
3342,1.519531,2.984051,1.779997,0.878712,-0.773438,-1.081542
3343,1.519531,2.983307,1.779997,0.878265,-0.698242,-1.082078
3344,1.519531,2.982546,1.779997,0.877809,-0.787109,-1.082626
3345,1.519531,2.981768,1.779997,0.877342,-0.761719,-1.083186
3346,1.519531,2.980973,1.779997,0.876865,-0.785156,-1.083758
3347,1.519531,2.980162,1.779997,0.876378,-0.821289,-1.084342
3348,1.519531,2.979333,1.779997,0.875881,-0.869141,-1.084939
3349,1.519531,2.978487,1.779997,0.875374,-0.837891,-1.085548
3350,1.519531,2.977625,1.779997,0.874857,-0.855469,-1.086168
3351,1.519531,2.976746,1.779997,0.874329,-0.795898,-1.086802
3352,1.699219,2.975850,1.729998,0.765979,-0.819336,-1.156823
3353,1.699219,2.974937,1.729998,0.765431,-0.821289,-1.157480
3354,1.699219,2.974007,1.729998,0.764873,-0.854492,-1.158149
3355,1.699219,2.973061,1.729998,0.764305,-0.852539,-1.158831
3356,1.699219,2.972097,1.729998,0.763727,-0.833008,-1.159525
3357,1.699219,2.971117,1.729998,0.763139,-0.916992,-1.160230
3358,1.699219,2.970119,1.729998,0.762540,-0.773438,-1.160949
3359,1.699219,2.969106,1.729998,0.761932,-0.791016,-1.161679
3360,1.699219,2.968075,1.729998,0.761314,-0.821289,-1.162421
3361,1.699219,2.967027,1.729998,0.760685,-0.864258,-1.163175
3362,1.699219,2.965963,1.729998,0.760046,-0.761719,-1.163942
3363,1.699219,2.964881,1.729998,0.759398,-0.855469,-1.164720
3364,1.699219,2.963783,1.729998,0.758739,-0.776367,-1.165511
3365,1.699219,2.962668,1.729998,0.758070,-0.802734,-1.166314
3366,1.699219,2.961536,1.729998,0.757390,-0.832031,-1.167129
3367,1.699219,2.960388,1.729998,0.756702,-0.902344,-1.167955
3368,1.699219,2.959223,1.729998,0.756002,-0.863281,-1.168794
3369,1.699219,2.958041,1.729998,0.755293,-0.911133,-1.169645
3370,1.699219,2.956842,1.729998,0.754574,-0.843750,-1.170509
3371,1.699219,2.955626,1.729998,0.753844,-0.912109,-1.171384
3372,1.699219,2.954394,1.729998,0.753105,-0.861328,-1.172271
3373,1.699219,2.953145,1.729998,0.752356,-0.902344,-1.173171
3374,1.699219,2.951879,1.729998,0.751596,-0.823242,-1.174082
3375,1.699219,2.950596,1.729998,0.750827,-0.882812,-1.175005
3376,1.699219,2.949296,1.729998,0.750047,-0.877930,-1.175941
3377,1.699219,2.947981,1.729998,0.749257,-0.774414,-1.176888
3378,1.867188,2.946648,1.669998,0.647676,-0.850586,-1.226786
3379,1.867188,2.945298,1.669998,0.646866,-0.840820,-1.227758
3380,1.867188,2.943933,1.669998,0.646047,-0.882812,-1.228741
3381,1.867188,2.942549,1.669998,0.645217,-0.868164,-1.229737
3382,1.867188,2.941150,1.669998,0.644378,-0.896484,-1.230745
3383,1.867188,2.939734,1.669998,0.643528,-0.869141,-1.231765
3384,1.867188,2.938301,1.669998,0.642668,-0.818359,-1.232796
3385,1.867188,2.936852,1.669998,0.641798,-0.857422,-1.233840
3386,1.867188,2.935385,1.669998,0.640919,-0.933594,-1.234895
3387,1.867188,2.933903,1.669998,0.640029,-0.937500,-1.235963
3388,1.867188,2.932403,1.669998,0.639129,-0.867188,-1.237043
3389,1.867188,2.930887,1.669998,0.638220,-0.909180,-1.238134
3390,1.867188,2.929354,1.669998,0.637300,-0.802734,-1.239238
3391,1.867188,2.927805,1.669998,0.636370,-0.949219,-1.240353
3392,1.867188,2.926239,1.669998,0.635431,-0.933594,-1.241481
3393,1.867188,2.924657,1.669998,0.634482,-0.871094,-1.242620
3394,1.867188,2.923058,1.669998,0.633522,-0.921875,-1.243771
3395,1.867188,2.921442,1.669998,0.632553,-0.925781,-1.244934
3396,1.867188,2.919810,1.669998,0.631573,-0.920898,-1.246110
3397,1.867188,2.918161,1.669998,0.630584,-0.845703,-1.247297
3398,1.867188,2.916496,1.669998,0.629585,-0.940430,-1.248496
3399,1.867188,2.914814,1.669998,0.628576,-0.867188,-1.249707
3400,1.867188,2.913116,1.669998,0.627557,-0.954102,-1.250929
3401,1.867188,2.911401,1.669998,0.626528,-0.887695,-1.252164
3402,1.867188,2.909669,1.669998,0.625489,-0.913086,-1.253411
3403,2.027344,2.907922,1.599998,0.528347,-0.934570,-1.285982
3404,2.027344,2.906157,1.599998,0.527288,-0.930664,-1.287252
3405,2.027344,2.904377,1.599998,0.526220,-0.936523,-1.288534
3406,2.027344,2.902579,1.599998,0.525141,-0.863281,-1.289829
3407,2.027344,2.900765,1.599998,0.524053,-0.921875,-1.291135
3408,2.027344,2.898935,1.599998,0.522955,-0.952148,-1.292452
3409,2.027344,2.897089,1.599998,0.521847,-0.842773,-1.293782
3410,2.027344,2.895226,1.599998,0.520729,-0.964844,-1.295123
3411,2.027344,2.893346,1.599998,0.519602,-0.927734,-1.296476
3412,2.027344,2.891450,1.599998,0.518464,-0.900391,-1.297842
3413,2.027344,2.889538,1.599998,0.517317,-0.944336,-1.299218
3414,2.027344,2.887609,1.599998,0.516159,-0.934570,-1.300607
3415,2.027344,2.885664,1.599998,0.514992,-0.875977,-1.302008
3416,2.027344,2.883703,1.599998,0.513816,-0.871094,-1.303419
3417,2.027344,2.881725,1.599998,0.512629,-0.981445,-1.304843
3418,2.027344,2.879732,1.599998,0.511433,-0.956055,-1.306279
3419,2.027344,2.877721,1.599998,0.510226,-0.972656,-1.307726
3420,2.027344,2.875694,1.599998,0.509010,-0.899414,-1.309186
3421,2.027344,2.873652,1.599998,0.507785,-0.886719,-1.310656
3422,2.027344,2.871592,1.599998,0.506549,-0.967773,-1.312139
3423,2.027344,2.869517,1.599998,0.505304,-0.841797,-1.313634
3424,2.027344,2.867425,1.599998,0.504049,-0.942383,-1.315140
3425,2.027344,2.865316,1.599998,0.502784,-1.004883,-1.316658
3426,2.027344,2.863193,1.599998,0.501509,-0.943359,-1.318187
3427,2.027344,2.861052,1.599998,0.500225,-0.988281,-1.319728
3428,2.027344,2.858896,1.599998,0.498931,-0.972656,-1.321281
3429,2.187500,2.856722,1.529997,0.401533,-0.970703,-1.354156
3430,2.187500,2.854533,1.529997,0.400220,-1.000000,-1.355733
3431,2.187500,2.852328,1.529997,0.398897,-1.001953,-1.357320
3432,2.187500,2.850106,1.529997,0.397564,-0.924805,-1.358920
3433,2.187500,2.847869,1.529997,0.396221,-0.980469,-1.360531
3434,2.187500,2.845615,1.529997,0.394869,-0.887695,-1.362154
3435,2.187500,2.843345,1.529997,0.393507,-1.072266,-1.363788
3436,2.187500,2.841059,1.529997,0.392136,-0.965820,-1.365434
3437,2.187500,2.838757,1.529997,0.390754,-0.999023,-1.367092
3438,2.187500,2.836438,1.529997,0.389363,-0.978516,-1.368761
3439,2.187500,2.834104,1.529997,0.387963,-0.975586,-1.370441
3440,2.187500,2.831753,1.529997,0.386552,-0.991211,-1.372134
3441,2.187500,2.829388,1.529997,0.385133,-1.018555,-1.373837
3442,2.187500,2.827005,1.529997,0.383703,-1.054688,-1.375553
3443,2.187500,2.824606,1.529997,0.382264,-0.991211,-1.377280
3444,2.187500,2.822192,1.529997,0.380815,-0.977539,-1.379018
3445,2.187500,2.819761,1.529997,0.379357,-0.964844,-1.380769
3446,2.187500,2.817315,1.529997,0.377889,-0.974609,-1.382529
3447,2.187500,2.814852,1.529997,0.376411,-1.101562,-1.384303
3448,2.187500,2.812373,1.529997,0.374924,-0.946289,-1.386087
3449,2.187500,2.809880,1.529997,0.373428,-0.953125,-1.387883
3450,2.187500,2.807369,1.529997,0.371921,-1.000000,-1.389691
3451,2.187500,2.804843,1.529997,0.370406,-1.038086,-1.391509
3452,2.187500,2.802301,1.529997,0.368880,-0.890625,-1.393340
3453,2.187500,2.799742,1.529997,0.367345,-0.988281,-1.395182
3454,2.187500,2.797169,1.529997,0.365801,-1.080078,-1.397035
3455,2.339844,2.794579,1.449997,0.272841,-1.024414,-1.412587
3456,2.339844,2.791973,1.449997,0.271277,-0.995117,-1.414464
3457,2.339844,2.789352,1.449997,0.269705,-1.060547,-1.416350
3458,2.339844,2.786715,1.449997,0.268122,-1.007812,-1.418249
3459,2.339844,2.784062,1.449997,0.266531,-1.020508,-1.420159
3460,2.339844,2.781393,1.449997,0.264929,-1.068359,-1.422081
3461,2.339844,2.778708,1.449997,0.263319,-1.066406,-1.424014
3462,2.339844,2.776008,1.449997,0.261699,-0.955078,-1.425958
3463,2.339844,2.773292,1.449997,0.260069,-1.026367,-1.427914
3464,2.339844,2.770561,1.449997,0.258430,-1.030273,-1.429880
3465,2.339844,2.767813,1.449997,0.256781,-1.047852,-1.431859
3466,2.339844,2.765049,1.449997,0.255123,-1.045898,-1.433849
3467,2.339844,2.762271,1.449997,0.253456,-1.036133,-1.435849
3468,2.339844,2.759476,1.449997,0.251779,-1.033203,-1.437861
3469,2.339844,2.756666,1.449997,0.250094,-0.990234,-1.439884
3470,2.339844,2.753840,1.449997,0.248398,-0.934570,-1.441919
3471,2.339844,2.750998,1.449997,0.246693,-1.071289,-1.443965
3472,2.339844,2.748142,1.449997,0.244979,-1.007812,-1.446022
3473,2.339844,2.745269,1.449997,0.243255,-1.061523,-1.448090
3474,2.339844,2.742382,1.449997,0.241523,-1.036133,-1.450169
3475,2.339844,2.739477,1.449997,0.239780,-1.024414,-1.452260
3476,2.339844,2.736558,1.449997,0.238028,-0.986328,-1.454362
3477,2.339844,2.733624,1.449997,0.236268,-1.003906,-1.456475
3478,2.339844,2.730673,1.449997,0.234498,-0.946289,-1.458599
3479,2.339844,2.727707,1.449997,0.232718,-1.064453,-1.460735
3480,2.476562,2.724726,1.369997,0.148898,-1.174805,-1.465318
3481,2.476562,2.721729,1.369997,0.147100,-0.943359,-1.467476
3482,2.476562,2.718718,1.369997,0.145293,-1.093750,-1.469644
3483,2.476562,2.715690,1.369997,0.143477,-1.007812,-1.471825
3484,2.476562,2.712647,1.369997,0.141651,-1.043945,-1.474016
3485,2.476562,2.709589,1.369997,0.139816,-1.092773,-1.476217
3486,2.476562,2.706515,1.369997,0.137972,-1.035156,-1.478431
3487,2.476562,2.703427,1.369997,0.136119,-1.153320,-1.480654
3488,2.476562,2.700322,1.369997,0.134256,-0.993164,-1.482889
3489,2.476562,2.697202,1.369997,0.132384,-1.081055,-1.485136
3490,2.476562,2.694068,1.369997,0.130503,-1.029297,-1.487392
3491,2.476562,2.690917,1.369997,0.128613,-1.144531,-1.489661
3492,2.476562,2.687753,1.369997,0.126714,-1.098633,-1.491939
3493,2.476562,2.684572,1.369997,0.124806,-1.094727,-1.494230
3494,2.476562,2.681376,1.369997,0.122888,-1.033203,-1.496531
3495,2.476562,2.678165,1.369997,0.120962,-1.084961,-1.498842
3496,2.476562,2.674938,1.369997,0.119026,-1.095703,-1.501166
3497,2.476562,2.671697,1.369997,0.117081,-1.193359,-1.503500
3498,2.476562,2.668441,1.369997,0.115127,-1.094727,-1.505844
3499,2.476562,2.665169,1.369997,0.113164,-1.135742,-1.508200
3500,2.476562,2.661883,1.369997,0.111192,-1.125000,-1.510566
3501,2.476562,2.658580,1.369997,0.109211,-1.126953,-1.512944
3502,2.476562,2.655263,1.369997,0.107220,-1.069336,-1.515332
3503,2.476562,2.651932,1.369997,0.105222,-1.094727,-1.517731
3504,2.476562,2.648584,1.369997,0.103213,-1.122070,-1.520141
3505,2.476562,2.645223,1.369997,0.101196,-1.129883,-1.522561
3506,2.609375,2.641845,1.279999,0.019482,-1.134766,-1.512620
3507,2.609375,2.638453,1.279999,0.017447,-1.040039,-1.515062
3508,2.609375,2.635047,1.279999,0.015403,-1.142578,-1.517515
3509,2.609375,2.631624,1.279999,0.013350,-1.042969,-1.519979
3510,2.609375,2.628188,1.279999,0.011288,-1.224609,-1.522453
3511,2.609375,2.624736,1.279999,0.009217,-1.113281,-1.524938
3512,2.609375,2.621269,1.279999,0.007136,-1.092773,-1.527435
3513,2.609375,2.617788,1.279999,0.005048,-0.983398,-1.529941
3514,2.609375,2.614292,1.279999,0.002950,-1.091797,-1.532459
3515,2.609375,2.610781,1.279999,0.000844,-1.164062,-1.534986
3516,2.609375,2.607255,1.279999,-0.001272,-1.185547,-1.537525
3517,2.609375,2.603714,1.279999,-0.003397,-1.035156,-1.540075
3518,2.609375,2.600159,1.279999,-0.005530,-1.126953,-1.542634
3519,2.609375,2.596588,1.279999,-0.007672,-1.115234,-1.545205
3520,2.609375,2.593003,1.279999,-0.009823,-1.096680,-1.547787
3521,2.609375,2.589404,1.279999,-0.011983,-1.060547,-1.550378
3522,2.609375,2.585789,1.279999,-0.014151,-1.142578,-1.552980
3523,2.609375,2.582161,1.279999,-0.016328,-1.027344,-1.555593
3524,2.609375,2.578517,1.279999,-0.018515,-1.021484,-1.558216
3525,2.609375,2.574858,1.279999,-0.020710,-1.163086,-1.560851
3526,2.609375,2.571186,1.279999,-0.022913,-1.089844,-1.563494
3527,2.609375,2.567498,1.279999,-0.025126,-1.100586,-1.566150
3528,2.609375,2.563797,1.279999,-0.027347,-1.101562,-1.568814
3529,2.609375,2.560080,1.279999,-0.029577,-1.107422,-1.571491
3530,2.609375,2.556349,1.279999,-0.031816,-1.092773,-1.574178
3531,2.738281,2.552604,1.179998,-0.111406,-1.125977,-1.549686
3532,2.738281,2.548844,1.179998,-0.113663,-1.109375,-1.552393
3533,2.738281,2.545070,1.179998,-0.115927,-1.116211,-1.555110
3534,2.738281,2.541281,1.179998,-0.118200,-1.115234,-1.557839
3535,2.738281,2.537477,1.179998,-0.120483,-1.052734,-1.560577
3536,2.738281,2.533660,1.179998,-0.122773,-1.151367,-1.563325
3537,2.738281,2.529828,1.179998,-0.125072,-1.112305,-1.566085
3538,2.738281,2.525982,1.179998,-0.127379,-1.098633,-1.568853
3539,2.738281,2.522121,1.179998,-0.129696,-1.166016,-1.571633
3540,2.738281,2.518246,1.179998,-0.132021,-1.116211,-1.574424
3541,2.738281,2.514357,1.179998,-0.134354,-1.221680,-1.577223
3542,2.738281,2.510453,1.179998,-0.136697,-1.173828,-1.580034
3543,2.738281,2.506535,1.179998,-0.139048,-1.099609,-1.582856
3544,2.738281,2.502604,1.179998,-0.141406,-1.224609,-1.585686
3545,2.738281,2.498657,1.179998,-0.143774,-1.193359,-1.588527
3546,2.738281,2.494698,1.179998,-0.146150,-1.127930,-1.591378
3547,2.738281,2.490723,1.179998,-0.148535,-1.175781,-1.594240
3548,2.738281,2.486734,1.179998,-0.150929,-1.041016,-1.597112
3549,2.738281,2.482732,1.179998,-0.153330,-1.166992,-1.599994
3550,2.738281,2.478715,1.179998,-0.155740,-1.182617,-1.602886
3551,2.738281,2.474685,1.179998,-0.158158,-1.166016,-1.605787
3552,2.738281,2.470640,1.179998,-0.160585,-1.159180,-1.608700
3553,2.738281,2.466580,1.179998,-0.163021,-1.086914,-1.611623
3554,2.738281,2.462509,1.179998,-0.165464,-1.143555,-1.614554
3555,2.738281,2.458421,1.179998,-0.167916,-1.154297,-1.617498
3556,2.738281,2.454321,1.179998,-0.170376,-1.119141,-1.620449
3557,2.859375,2.450206,1.079998,-0.245501,-1.156250,-1.590599
3558,2.859375,2.446077,1.079998,-0.247979,-1.168945,-1.593572
3559,2.859375,2.441936,1.079998,-0.250464,-1.156250,-1.596554
3560,2.859375,2.437779,1.079998,-0.252958,-1.181641,-1.599547
3561,2.859375,2.433608,1.079998,-0.255460,-1.083008,-1.602550
3562,2.859375,2.429426,1.079998,-0.257970,-1.132812,-1.605561
3563,2.859375,2.425227,1.079998,-0.260489,-1.119141,-1.608584
3564,2.859375,2.421017,1.079998,-0.263015,-1.293945,-1.611615
3565,2.859375,2.416791,1.079998,-0.265550,-1.166016,-1.614658
3566,2.859375,2.412552,1.079998,-0.268094,-1.213867,-1.617710
3567,2.859375,2.408301,1.079998,-0.270645,-1.205078,-1.620771
3568,2.859375,2.404034,1.079998,-0.273205,-1.078125,-1.623843
3569,2.859375,2.399755,1.079998,-0.275772,-1.268555,-1.626924
3570,2.859375,2.395461,1.079998,-0.278348,-1.275391,-1.630015
3571,2.859375,2.391154,1.079998,-0.280933,-1.200195,-1.633117
3572,2.859375,2.386835,1.079998,-0.283524,-1.103516,-1.636227
3573,2.859375,2.382500,1.079998,-0.286125,-1.143555,-1.639348
3574,2.859375,2.378153,1.079998,-0.288733,-1.248047,-1.642477
3575,2.859375,2.373792,1.079998,-0.291350,-1.248047,-1.645618
3576,2.859375,2.369417,1.079998,-0.293975,-1.168945,-1.648768
3577,2.859375,2.365030,1.079998,-0.296607,-1.218750,-1.651926
3578,2.859375,2.360628,1.079998,-0.299248,-1.090820,-1.655095
3579,2.859375,2.356215,1.079998,-0.301896,-1.129883,-1.658273
3580,2.859375,2.351786,1.079998,-0.304554,-1.167969,-1.661462
3581,2.859375,2.347344,1.079998,-0.307219,-1.250000,-1.664660
3582,2.859375,2.342890,1.079998,-0.309891,-1.193359,-1.667867
3583,2.968750,2.338422,0.979998,-0.378197,-1.189453,-1.629834
3584,2.968750,2.333940,0.979998,-0.380886,-1.204102,-1.633061
3585,2.968750,2.329447,0.979998,-0.383582,-1.220703,-1.636296
3586,2.968750,2.324938,0.979998,-0.386287,-1.212891,-1.639542
3587,2.968750,2.320419,0.979998,-0.388999,-1.110352,-1.642796
3588,2.968750,2.315884,0.979998,-0.391720,-1.158203,-1.646061
3589,2.968750,2.311336,0.979998,-0.394448,-1.254883,-1.649335
3590,2.968750,2.306777,0.979998,-0.397184,-1.202148,-1.652618
3591,2.968750,2.302203,0.979998,-0.399928,-1.169922,-1.655911
3592,2.968750,2.297618,0.979998,-0.402679,-1.164062,-1.659212
3593,2.968750,2.293018,0.979998,-0.405439,-1.087891,-1.662524
3594,2.968750,2.288405,0.979998,-0.408207,-1.245117,-1.665846
3595,2.968750,2.283781,0.979998,-0.410982,-1.193359,-1.669175
3596,2.968750,2.279142,0.979998,-0.413765,-1.188477,-1.672515
3597,2.968750,2.274492,0.979998,-0.416555,-1.118164,-1.675863
3598,2.968750,2.269827,0.979998,-0.419354,-1.197266,-1.679222
3599,2.968750,2.265149,0.979998,-0.422160,-1.291016,-1.682590
3600,2.968750,2.260461,0.979998,-0.424974,-1.140625,-1.685965
3601,2.968750,2.255757,0.979998,-0.427796,-1.248047,-1.689352
3602,2.968750,2.251041,0.979998,-0.430625,-1.369141,-1.692748
3603,2.968750,2.246314,0.979998,-0.433461,-1.228516,-1.696151
3604,2.968750,2.241573,0.979998,-0.436306,-1.251953,-1.699565
3605,2.968750,2.236820,0.979998,-0.439158,-1.237305,-1.702987
3606,2.968750,2.232053,0.979998,-0.442018,-1.172852,-1.706419
3607,2.968750,2.227274,0.979998,-0.444886,-1.152344,-1.709860
3608,3.058594,2.222483,0.869999,-0.501666,-1.196289,-1.645998
3609,3.058594,2.217679,0.869999,-0.504549,-1.282227,-1.649458
3610,3.058594,2.212863,0.869999,-0.507438,-1.214844,-1.652925
3611,3.058594,2.208033,0.869999,-0.510336,-1.175781,-1.656402
3612,3.058594,2.203190,0.869999,-0.513242,-1.262695,-1.659889
3613,3.058594,2.198338,0.869999,-0.516154,-1.277344,-1.663383
3614,3.058594,2.193470,0.869999,-0.519074,-1.217773,-1.666888
3615,3.058594,2.188592,0.869999,-0.522001,-1.221680,-1.670400
3616,3.058594,2.183700,0.869999,-0.524936,-1.158203,-1.673923
3617,3.058594,2.178795,0.869999,-0.527879,-1.248047,-1.677454
3618,3.058594,2.173880,0.869999,-0.530828,-1.262695,-1.680993
3619,3.058594,2.168951,0.869999,-0.533786,-1.178711,-1.684542
3620,3.058594,2.164011,0.869999,-0.536750,-1.182617,-1.688098
3621,3.058594,2.159057,0.869999,-0.539722,-1.208008,-1.691665
3622,3.058594,2.154091,0.869999,-0.542702,-1.326172,-1.695241
3623,3.058594,2.149114,0.869999,-0.545688,-1.248047,-1.698824
3624,3.058594,2.144124,0.869999,-0.548682,-1.247070,-1.702417
3625,3.058594,2.139121,0.869999,-0.551684,-1.200195,-1.706019
3626,3.058594,2.134108,0.869999,-0.554691,-1.234375,-1.709628
3627,3.058594,2.129081,0.869999,-0.557708,-1.183594,-1.713248
3628,3.058594,2.124044,0.869999,-0.560730,-1.219727,-1.716874
3629,3.058594,2.118993,0.869999,-0.563760,-1.203125,-1.720511
3630,3.058594,2.113930,0.869999,-0.566798,-1.186523,-1.724157
3631,3.058594,2.108857,0.869999,-0.569842,-1.215820,-1.727809
3632,3.058594,2.103770,0.869999,-0.572894,-1.205078,-1.731472
3633,3.058594,2.098673,0.869999,-0.575952,-1.226562,-1.735142
3634,3.136719,2.093562,0.759998,-0.625894,-1.196289,-1.663071
3635,3.136719,2.088439,0.759998,-0.628968,-1.292969,-1.666759
3636,3.136719,2.083307,0.759998,-0.632047,-1.243164,-1.670455
3637,3.136719,2.078161,0.759998,-0.635135,-1.222656,-1.674160
3638,3.136719,2.073005,0.759998,-0.638228,-1.202148,-1.677872
3639,3.136719,2.067835,0.759998,-0.641330,-1.263672,-1.681595
3640,3.136719,2.062653,0.759998,-0.644440,-1.135742,-1.685326
3641,3.136719,2.057462,0.759998,-0.647554,-1.170898,-1.689063
3642,3.136719,2.052257,0.759998,-0.650677,-1.303711,-1.692811
3643,3.136719,2.047042,0.759998,-0.653806,-1.250000,-1.696565
3644,3.136719,2.041814,0.759998,-0.656943,-1.177734,-1.700330
3645,3.136719,2.036574,0.759998,-0.660087,-1.202148,-1.704102
3646,3.136719,2.031325,0.759998,-0.663236,-1.259766,-1.707882
3647,3.136719,2.026062,0.759998,-0.666394,-1.280273,-1.711671
3648,3.136719,2.020787,0.759998,-0.669559,-1.277344,-1.715469
3649,3.136719,2.015504,0.759998,-0.672729,-1.248047,-1.719273
3650,3.136719,2.010207,0.759998,-0.675907,-1.245117,-1.723087
3651,3.136719,2.004900,0.759998,-0.679091,-1.269531,-1.726907
3652,3.136719,1.999580,0.759998,-0.682283,-1.158203,-1.730738
3653,3.136719,1.994249,0.759998,-0.685482,-1.137695,-1.734576
3654,3.136719,1.988908,0.759998,-0.688686,-1.189453,-1.738422
3655,3.136719,1.983554,0.759998,-0.691899,-1.173828,-1.742277
3656,3.136719,1.978191,0.759998,-0.695117,-1.289062,-1.746138
3657,3.136719,1.972815,0.759998,-0.698342,-1.318359,-1.750009
3658,3.136719,1.967427,0.759998,-0.701575,-1.213867,-1.753888
3659,3.207031,1.962031,0.649998,-0.747000,-1.252930,-1.676398
3660,3.207031,1.956621,0.649998,-0.750246,-1.248047,-1.680293
3661,3.207031,1.951202,0.649998,-0.753498,-1.276367,-1.684194
3662,3.207031,1.945770,0.649998,-0.756757,-1.263672,-1.688105
3663,3.207031,1.940327,0.649998,-0.760023,-1.285156,-1.692024
3664,3.207031,1.934875,0.649998,-0.763294,-1.242188,-1.695950
3665,3.207031,1.929410,0.649998,-0.766573,-1.217773,-1.699885
3666,3.207031,1.923934,0.649998,-0.769858,-1.337891,-1.703828
3667,3.207031,1.918449,0.649998,-0.773149,-1.220703,-1.707776
3668,3.207031,1.912951,0.649998,-0.776448,-1.269531,-1.711735
3669,3.207031,1.907445,0.649998,-0.779752,-1.287109,-1.715699
3670,3.207031,1.901926,0.649998,-0.783063,-1.251953,-1.719673
3671,3.207031,1.896395,0.649998,-0.786382,-1.250977,-1.723655
3672,3.207031,1.890857,0.649998,-0.789705,-1.161133,-1.727643
3673,3.207031,1.885305,0.649998,-0.793036,-1.270508,-1.731640
3674,3.207031,1.879745,0.649998,-0.796372,-1.250977,-1.735644
3675,3.207031,1.874172,0.649998,-0.799716,-1.213867,-1.739656
3676,3.207031,1.868588,0.649998,-0.803066,-1.252930,-1.743676
3677,3.207031,1.862996,0.649998,-0.806421,-1.249023,-1.747703
3678,3.207031,1.857391,0.649998,-0.809784,-1.245117,-1.751738
3679,3.207031,1.851778,0.649998,-0.813152,-1.184570,-1.755780
3680,3.207031,1.846153,0.649998,-0.816527,-1.221680,-1.759830
3681,3.207031,1.840516,0.649998,-0.819909,-1.234375,-1.763888
3682,3.207031,1.834872,0.649998,-0.823296,-1.292969,-1.767952
3683,3.207031,1.829215,0.649998,-0.826690,-1.223633,-1.772025
3684,3.207031,1.823549,0.649998,-0.830089,-1.233398,-1.776104
3685,3.269531,1.817871,0.529999,-0.870996,-1.257812,-1.681194
3686,3.269531,1.812183,0.529999,-0.874409,-1.180664,-1.685289
3687,3.269531,1.806487,0.529999,-0.877827,-1.258789,-1.689390
3688,3.269531,1.800778,0.529999,-0.881252,-1.298828,-1.693501
3689,3.269531,1.795060,0.529999,-0.884683,-1.302734,-1.697618
3690,3.269531,1.789333,0.529999,-0.888119,-1.314453,-1.701742
3691,3.269531,1.783594,0.529999,-0.891563,-1.297852,-1.705874
3692,3.269531,1.777847,0.529999,-0.895011,-1.276367,-1.710012
3693,3.269531,1.772087,0.529999,-0.898466,-1.200195,-1.714158
3694,3.269531,1.766318,0.529999,-0.901928,-1.207031,-1.718312
3695,3.269531,1.760540,0.529999,-0.905394,-1.292969,-1.722472
3696,3.269531,1.754751,0.529999,-0.908868,-1.393555,-1.726640
3697,3.269531,1.748954,0.529999,-0.912346,-1.234375,-1.730814
3698,3.269531,1.743145,0.529999,-0.915832,-1.172852,-1.734997
3699,3.269531,1.737326,0.529999,-0.919323,-1.289062,-1.739187
3700,3.269531,1.731499,0.529999,-0.922820,-1.250977,-1.743382
3701,3.269531,1.725660,0.529999,-0.926323,-1.253906,-1.747586
3702,3.269531,1.719814,0.529999,-0.929831,-1.283203,-1.751795
3703,3.269531,1.713955,0.529999,-0.933346,-1.301758,-1.756013
3704,3.269531,1.708087,0.529999,-0.936866,-1.243164,-1.760238
3705,3.269531,1.702212,0.529999,-0.940392,-1.250000,-1.764469
3706,3.269531,1.696324,0.529999,-0.943924,-1.253906,-1.768708
3707,3.269531,1.690427,0.529999,-0.947462,-1.240234,-1.772954
3708,3.269531,1.684523,0.529999,-0.951005,-1.332031,-1.777205
3709,3.269531,1.678607,0.529999,-0.954555,-1.241211,-1.781464
3710,3.269531,1.672683,0.529999,-0.958109,-1.266602,-1.785729
3711,3.316406,1.666748,0.409998,-0.989795,-1.301758,-1.679752
3712,3.316406,1.660803,0.409998,-0.993362,-1.210938,-1.684032
3713,3.316406,1.654852,0.409998,-0.996933,-1.262695,-1.688317
3714,3.316406,1.648888,0.409998,-1.000511,-1.245117,-1.692611
3715,3.316406,1.642918,0.409998,-1.004093,-1.202148,-1.696909
3716,3.316406,1.636936,0.409998,-1.007682,-1.199219,-1.701216
3717,3.316406,1.630944,0.409998,-1.011277,-1.273438,-1.705530
3718,3.316406,1.624946,0.409998,-1.014876,-1.210938,-1.709849
3719,3.316406,1.618936,0.409998,-1.018482,-1.201172,-1.714176
3720,3.316406,1.612920,0.409998,-1.022092,-1.250977,-1.718508
3721,3.316406,1.606891,0.409998,-1.025709,-1.258789,-1.722848
3722,3.316406,1.600854,0.409998,-1.029331,-1.308594,-1.727195
3723,3.316406,1.594810,0.409998,-1.032958,-1.218750,-1.731547
3724,3.316406,1.588755,0.409998,-1.036591,-1.223633,-1.735907
3725,3.316406,1.582693,0.409998,-1.040228,-1.232422,-1.740271
3726,3.316406,1.576619,0.409998,-1.043872,-1.251953,-1.744644
3727,3.316406,1.570537,0.409998,-1.047522,-1.188477,-1.749024
3728,3.316406,1.564448,0.409998,-1.051175,-1.267578,-1.753407
3729,3.316406,1.558348,0.409998,-1.054835,-1.285156,-1.757800
3730,3.316406,1.552239,0.409998,-1.058500,-1.302734,-1.762198
3731,3.316406,1.546124,0.409998,-1.062169,-1.292969,-1.766601
3732,3.316406,1.539997,0.409998,-1.065845,-1.299805,-1.771012
3733,3.316406,1.533865,0.409998,-1.069525,-1.209961,-1.775428
3734,3.316406,1.527721,0.409998,-1.073211,-1.238281,-1.779851
3735,3.316406,1.521568,0.409998,-1.076903,-1.241211,-1.784281
3736,3.347656,1.515409,0.299999,-1.099348,-1.265625,-1.679217
3737,3.347656,1.509239,0.299999,-1.103050,-1.284180,-1.683659
3738,3.347656,1.503064,0.299999,-1.106756,-1.210938,-1.688106
3739,3.347656,1.496877,0.299999,-1.110468,-1.266602,-1.692561
3740,3.347656,1.490681,0.299999,-1.114185,-1.331055,-1.697021
3741,3.347656,1.484480,0.299999,-1.117906,-1.208984,-1.701486
3742,3.347656,1.478268,0.299999,-1.121633,-1.285156,-1.705959
3743,3.347656,1.472049,0.299999,-1.125364,-1.304688,-1.710436
3744,3.347656,1.465821,0.299999,-1.129102,-1.367188,-1.714921
3745,3.347656,1.459583,0.299999,-1.132844,-1.319336,-1.719412
3746,3.347656,1.453340,0.299999,-1.136590,-1.187500,-1.723907
3747,3.347656,1.447086,0.299999,-1.140342,-1.274414,-1.728410
3748,3.347656,1.440827,0.299999,-1.144098,-1.205078,-1.732916
3749,3.347656,1.434557,0.299999,-1.147860,-1.324219,-1.737431
3750,3.347656,1.428278,0.299999,-1.151627,-1.272461,-1.741951
3751,3.347656,1.421994,0.299999,-1.155397,-1.133789,-1.746476
3752,3.347656,1.415700,0.299999,-1.159174,-1.173828,-1.751008
3753,3.347656,1.409397,0.299999,-1.162955,-1.275391,-1.755546
3754,3.347656,1.403090,0.299999,-1.166740,-1.302734,-1.760087
3755,3.347656,1.396771,0.299999,-1.170531,-1.347656,-1.764637
3756,3.347656,1.390447,0.299999,-1.174325,-1.236328,-1.769190
3757,3.347656,1.384113,0.299999,-1.178126,-1.162109,-1.773750
3758,3.347656,1.377771,0.299999,-1.181931,-1.166016,-1.778317
3759,3.347656,1.371423,0.299999,-1.185740,-1.197266,-1.782887
3760,3.347656,1.365066,0.299999,-1.189554,-1.172852,-1.787464
3761,3.347656,1.358703,0.299999,-1.193372,-1.230469,-1.792046
3762,3.378906,1.352330,0.169998,-1.215946,-1.295898,-1.663133
3763,3.378906,1.345949,0.169998,-1.219774,-1.247070,-1.667727
3764,3.378906,1.339563,0.169998,-1.223606,-1.205078,-1.672325
3765,3.378906,1.333167,0.169998,-1.227444,-1.234375,-1.676930
3766,3.378906,1.326766,0.169998,-1.231284,-1.251953,-1.681539
3767,3.378906,1.320355,0.169998,-1.235131,-1.328125,-1.686155
3768,3.378906,1.313936,0.169998,-1.238982,-1.220703,-1.690776
3769,3.378906,1.307513,0.169998,-1.242836,-1.328125,-1.695401
3770,3.378906,1.301079,0.169998,-1.246696,-1.306641,-1.700033
3771,3.378906,1.294639,0.169998,-1.250561,-1.274414,-1.704671
3772,3.378906,1.288193,0.169998,-1.254428,-1.304688,-1.709311
3773,3.378906,1.281737,0.169998,-1.258301,-1.252930,-1.713960
3774,3.378906,1.275277,0.169998,-1.262177,-1.254883,-1.718611
3775,3.378906,1.268807,0.169998,-1.266059,-1.263672,-1.723269
3776,3.378906,1.262330,0.169998,-1.269946,-1.346680,-1.727933
3777,3.378906,1.255848,0.169998,-1.273835,-1.128906,-1.732599
3778,3.378906,1.249357,0.169998,-1.277730,-1.210938,-1.737273
3779,3.378906,1.242861,0.169998,-1.281627,-1.365234,-1.741951
3780,3.378906,1.236356,0.169998,-1.285530,-1.330078,-1.746634
3781,3.378906,1.229843,0.169998,-1.289438,-1.201172,-1.751323
3782,3.378906,1.223326,0.169998,-1.293348,-1.289062,-1.756016
3783,3.378906,1.216799,0.169998,-1.297264,-1.259766,-1.760715
3784,3.378906,1.210269,0.169998,-1.301183,-1.232422,-1.765417
3785,3.378906,1.203728,0.169998,-1.305107,-1.229492,-1.770126
3786,3.378906,1.197181,0.169998,-1.309035,-1.249023,-1.774840
3787,3.386719,1.190630,0.049999,-1.317653,-1.282227,-1.641183
3788,3.386719,1.184069,0.049999,-1.321590,-1.217773,-1.645907
3789,3.386719,1.177505,0.049999,-1.325529,-1.337891,-1.650633
3790,3.386719,1.170931,0.049999,-1.329473,-1.263672,-1.655367
3791,3.386719,1.164350,0.049999,-1.333421,-1.219727,-1.660105
3792,3.386719,1.157765,0.049999,-1.337372,-1.236328,-1.664846
3793,3.386719,1.151172,0.049999,-1.341328,-1.341797,-1.669593
3794,3.386719,1.144571,0.049999,-1.345289,-1.269531,-1.674345
3795,3.386719,1.137967,0.049999,-1.349251,-1.190430,-1.679100
3796,3.386719,1.131354,0.049999,-1.353219,-1.295898,-1.683862
3797,3.386719,1.124737,0.049999,-1.357189,-1.248047,-1.688626
3798,3.386719,1.118111,0.049999,-1.361165,-1.229492,-1.693397
3799,3.386719,1.111478,0.049999,-1.365144,-1.231445,-1.698172
3800,3.386719,1.104842,0.049999,-1.369126,-1.247070,-1.702950
3801,3.386719,1.098197,0.049999,-1.373113,-1.208984,-1.707735
3802,3.386719,1.091549,0.049999,-1.377102,-1.175781,-1.712522
3803,3.386719,1.084891,0.049999,-1.381096,-1.274414,-1.717315
3804,3.386719,1.078228,0.049999,-1.385095,-1.208008,-1.722113
3805,3.386719,1.071561,0.049999,-1.389095,-1.116211,-1.726913
3806,3.386719,1.064885,0.049999,-1.393100,-1.196289,-1.731719
3807,3.386719,1.058206,0.049999,-1.397108,-1.217773,-1.736529
3808,3.386719,1.051518,0.049999,-1.401121,-1.232422,-1.741344
3809,3.386719,1.044824,0.049999,-1.405137,-1.160156,-1.746163
3810,3.386719,1.038127,0.049999,-1.409155,-1.252930,-1.750985
3811,3.386719,1.031422,0.049999,-1.413178,-1.253906,-1.755813
3812,3.386719,1.024710,0.049999,-1.417205,-1.271484,-1.760645
3813,3.386719,1.017996,-0.059999,-1.421234,-1.268555,-1.633481
3814,3.386719,1.011273,-0.059999,-1.425268,-1.309570,-1.638322
3815,3.386719,1.004547,-0.059999,-1.429303,-1.179688,-1.643165
3816,3.386719,0.997813,-0.059999,-1.433344,-1.155273,-1.648013
3817,3.386719,0.991072,-0.059999,-1.437388,-1.289062,-1.652866
3818,3.386719,0.984329,-0.059999,-1.441434,-1.235352,-1.657721
3819,3.386719,0.977578,-0.059999,-1.445484,-1.263672,-1.662582
3820,3.386719,0.970824,-0.059999,-1.449537,-1.193359,-1.667445
3821,3.386719,0.964062,-0.059999,-1.453594,-1.186523,-1.672314
3822,3.386719,0.957294,-0.059999,-1.457655,-1.299805,-1.677187
3823,3.386719,0.950524,-0.059999,-1.461717,-1.202148,-1.682061
3824,3.386719,0.943745,-0.059999,-1.465784,-1.166992,-1.686942
3825,3.386719,0.936964,-0.059999,-1.469853,-1.268555,-1.691825
3826,3.386719,0.930174,-0.059999,-1.473927,-1.235352,-1.696713
3827,3.386719,0.923380,-0.059999,-1.478003,-1.265625,-1.701605
3828,3.386719,0.916583,-0.059999,-1.482082,-1.213867,-1.706499
3829,3.386719,0.909778,-0.059999,-1.486165,-1.138672,-1.711398
3830,3.386719,0.902970,-0.059999,-1.490249,-1.241211,-1.716299
3831,3.386719,0.896155,-0.059999,-1.494338,-1.188477,-1.721206
3832,3.386719,0.889335,-0.059999,-1.498430,-1.117188,-1.726117
3833,3.386719,0.882512,-0.059999,-1.502524,-1.186523,-1.731029
3834,3.386719,0.875682,-0.059999,-1.506622,-1.226562,-1.735947
3835,3.386719,0.868847,-0.059999,-1.510723,-1.185547,-1.740869
3836,3.386719,0.862009,-0.059999,-1.514826,-1.255859,-1.745792
3837,3.386719,0.855164,-0.059999,-1.518933,-1.214844,-1.750720
3838,3.386719,0.848317,-0.059999,-1.523041,-1.303711,-1.755650
3839,3.378906,0.841462,-0.179998,-1.522467,-1.222656,-1.610962
3840,3.378906,0.834602,-0.179998,-1.526582,-1.188477,-1.615901
3841,3.378906,0.827741,-0.179998,-1.530699,-1.294922,-1.620841
3842,3.378906,0.820872,-0.179998,-1.534821,-1.216797,-1.625787
3843,3.378906,0.814001,-0.179998,-1.538943,-1.239258,-1.630734
3844,3.378906,0.807123,-0.179998,-1.543070,-1.229492,-1.635686
3845,3.378906,0.800240,-0.179998,-1.547200,-1.277344,-1.640642
3846,3.378906,0.793355,-0.179998,-1.551331,-1.250977,-1.645599
3847,3.378906,0.786463,-0.179998,-1.555466,-1.271484,-1.650561
3848,3.378906,0.779570,-0.179998,-1.559602,-1.190430,-1.655524
3849,3.378906,0.772669,-0.179998,-1.563743,-1.194336,-1.660493
3850,3.378906,0.765764,-0.179998,-1.567886,-1.288086,-1.665465
3851,3.378906,0.758857,-0.179998,-1.572030,-1.244141,-1.670438
3852,3.378906,0.751943,-0.179998,-1.576178,-1.283203,-1.675416
3853,3.378906,0.745028,-0.179998,-1.580327,-1.263672,-1.680394
3854,3.378906,0.738106,-0.179998,-1.584481,-1.267578,-1.685379
3855,3.378906,0.731179,-0.179998,-1.588636,-1.185547,-1.690366
3856,3.378906,0.724251,-0.179998,-1.592793,-1.232422,-1.695354
3857,3.378906,0.717317,-0.179998,-1.596954,-1.229492,-1.700347
3858,3.378906,0.710378,-0.179998,-1.601117,-1.211914,-1.705343
3859,3.378906,0.703438,-0.179998,-1.605281,-1.253906,-1.710339
3860,3.378906,0.696491,-0.179998,-1.609449,-1.119141,-1.715341
3861,3.378906,0.689543,-0.179998,-1.613618,-1.240234,-1.720344
3862,3.378906,0.682588,-0.179998,-1.617791,-1.219727,-1.725351
3863,3.378906,0.675630,-0.179998,-1.621966,-1.163086,-1.730361
3864,3.347656,0.668670,-0.309999,-1.607392,-1.282227,-1.556871
3865,3.347656,0.661704,-0.309999,-1.611571,-1.265625,-1.561886
3866,3.347656,0.654737,-0.309999,-1.615752,-1.263672,-1.566903
3867,3.347656,0.647763,-0.309999,-1.619936,-1.270508,-1.571924
3868,3.347656,0.640786,-0.309999,-1.624122,-1.110352,-1.576947
3869,3.347656,0.633808,-0.309999,-1.628309,-1.093750,-1.581971
3870,3.347656,0.626824,-0.309999,-1.632500,-1.209961,-1.587000
3871,3.347656,0.619838,-0.309999,-1.636691,-1.167969,-1.592030
3872,3.347656,0.612847,-0.309999,-1.640886,-1.104492,-1.597064
3873,3.347656,0.605852,-0.309999,-1.645083,-1.236328,-1.602100
3874,3.347656,0.598856,-0.309999,-1.649280,-1.184570,-1.607137
3875,3.347656,0.591854,-0.309999,-1.653481,-1.186523,-1.612178
3876,3.347656,0.584849,-0.309999,-1.657684,-1.155273,-1.617222
3877,3.347656,0.577843,-0.309999,-1.661888,-1.214844,-1.622266
3878,3.347656,0.570831,-0.309999,-1.666095,-1.108398,-1.627315
3879,3.347656,0.563819,-0.309999,-1.670303,-1.205078,-1.632364
3880,3.347656,0.556801,-0.309999,-1.674513,-1.272461,-1.637417
3881,3.347656,0.549779,-0.309999,-1.678726,-1.211914,-1.642472
3882,3.347656,0.542758,-0.309999,-1.682939,-1.136719,-1.647528
3883,3.347656,0.535730,-0.309999,-1.687156,-1.230469,-1.652588
3884,3.347656,0.528702,-0.309999,-1.691373,-1.127930,-1.657648
3885,3.347656,0.521668,-0.309999,-1.695593,-1.209961,-1.662712
3886,3.347656,0.514632,-0.309999,-1.699815,-1.115234,-1.667778
3887,3.347656,0.507595,-0.309999,-1.704037,-1.238281,-1.672845
3888,3.347656,0.500553,-0.309999,-1.708262,-1.183594,-1.677915
3889,3.347656,0.493510,-0.309999,-1.712488,-1.136719,-1.682986
3890,3.308594,0.486462,-0.429998,-1.693279,-1.127930,-1.515937
3891,3.308594,0.479411,-0.429998,-1.697509,-1.179688,-1.521013
3892,3.308594,0.472361,-0.429998,-1.701740,-1.185547,-1.526090
3893,3.308594,0.465305,-0.429998,-1.705974,-1.234375,-1.531170
3894,3.308594,0.458249,-0.429998,-1.710207,-1.215820,-1.536250
3895,3.308594,0.451187,-0.429998,-1.714444,-1.112305,-1.541335
3896,3.308594,0.444123,-0.429998,-1.718682,-1.127930,-1.546421
3897,3.308594,0.437059,-0.429998,-1.722921,-1.294922,-1.551507
3898,3.308594,0.429990,-0.429998,-1.727162,-1.160156,-1.556596
3899,3.308594,0.422919,-0.429998,-1.731405,-1.136719,-1.561688
3900,3.308594,0.415848,-0.429998,-1.735648,-1.135742,-1.566779
3901,3.308594,0.408772,-0.429998,-1.739893,-1.244141,-1.571874
3902,3.308594,0.401696,-0.429998,-1.744139,-1.183594,-1.576968
3903,3.308594,0.394615,-0.429998,-1.748387,-1.120117,-1.582067
3904,3.308594,0.387532,-0.429998,-1.752637,-1.187500,-1.587166
3905,3.308594,0.380450,-0.429998,-1.756886,-1.095703,-1.592266
3906,3.308594,0.373363,-0.429998,-1.761139,-1.068359,-1.597368
3907,3.308594,0.366276,-0.429998,-1.765391,-1.132812,-1.602471
3908,3.308594,0.359185,-0.429998,-1.769646,-1.148438,-1.607577
3909,3.308594,0.352091,-0.429998,-1.773902,-1.143555,-1.612684
3910,3.308594,0.344998,-0.429998,-1.778157,-1.146484,-1.617791
3911,3.308594,0.337901,-0.429998,-1.782416,-1.114258,-1.622901
3912,3.308594,0.330804,-0.429998,-1.786674,-1.116211,-1.628011
3913,3.308594,0.323703,-0.429998,-1.790935,-1.038086,-1.633124
3914,3.308594,0.316599,-0.429998,-1.795197,-1.132812,-1.638238
3915,3.269531,0.309497,-0.549999,-1.776020,-1.129883,-1.471226
3916,3.269531,0.302391,-0.549999,-1.780285,-1.187500,-1.476342
3917,3.269531,0.295282,-0.549999,-1.784550,-1.253906,-1.481460
3918,3.269531,0.288175,-0.549999,-1.788814,-1.129883,-1.486578
3919,3.269531,0.281063,-0.549999,-1.793081,-1.089844,-1.491698
3920,3.269531,0.273953,-0.549999,-1.797347,-1.044922,-1.496818
3921,3.269531,0.266838,-0.549999,-1.801616,-1.106445,-1.501940
3922,3.269531,0.259721,-0.549999,-1.805886,-1.228516,-1.507064
3923,3.269531,0.252606,-0.549999,-1.810155,-1.105469,-1.512187
3924,3.269531,0.245487,-0.549999,-1.814427,-1.059570,-1.517313
3925,3.269531,0.238369,-0.549999,-1.818697,-1.106445,-1.522438
3926,3.269531,0.231247,-0.549999,-1.822971,-1.116211,-1.527566
3927,3.269531,0.224124,-0.549999,-1.827245,-1.043945,-1.532695
3928,3.269531,0.217002,-0.549999,-1.831518,-1.135742,-1.537822
3929,3.269531,0.209876,-0.549999,-1.835793,-1.115234,-1.542953
3930,3.269531,0.202752,-0.549999,-1.840068,-1.081055,-1.548082
3931,3.269531,0.195624,-0.549999,-1.844345,-1.133789,-1.553215
3932,3.269531,0.188494,-0.549999,-1.848622,-1.086914,-1.558348
3933,3.269531,0.181367,-0.549999,-1.852899,-1.220703,-1.563479
3934,3.269531,0.174235,-0.549999,-1.857178,-1.119141,-1.568614
3935,3.269531,0.167106,-0.549999,-1.861455,-1.126953,-1.573747
3936,3.269531,0.159973,-0.549999,-1.865735,-1.114258,-1.578884
3937,3.269531,0.152838,-0.549999,-1.870016,-1.138672,-1.584020
3938,3.269531,0.145706,-0.549999,-1.874295,-1.179688,-1.589155
3939,3.269531,0.138570,-0.549999,-1.878577,-1.059570,-1.594293
3940,3.269531,0.131433,-0.549999,-1.882859,-1.155273,-1.599432
3941,3.199219,0.124299,-0.679998,-1.844952,-1.091797,-1.397945
3942,3.199219,0.117160,-0.679998,-1.849235,-1.150391,-1.403084
3943,3.199219,0.110024,-0.679998,-1.853517,-1.073242,-1.408222
3944,3.199219,0.102885,-0.679998,-1.857800,-1.133789,-1.413362
3945,3.199219,0.095745,-0.679998,-1.862084,-1.009766,-1.418503
3946,3.199219,0.088607,-0.679998,-1.866367,-1.078125,-1.423642
3947,3.199219,0.081466,-0.679998,-1.870652,-1.130859,-1.428784
3948,3.199219,0.074327,-0.679998,-1.874935,-1.068359,-1.433924
3949,3.199219,0.067185,-0.679998,-1.879220,-1.178711,-1.439066
3950,3.199219,0.060043,-0.679998,-1.883505,-1.159180,-1.444209
3951,3.199219,0.052903,-0.679998,-1.887789,-1.105469,-1.449349
3952,3.199219,0.045760,-0.679998,-1.892075,-1.093750,-1.454492
3953,3.199219,0.038620,-0.679998,-1.896359,-0.994141,-1.459633
3954,3.199219,0.031476,-0.679998,-1.900646,-1.109375,-1.464777
3955,3.199219,0.024333,-0.679998,-1.904932,-1.062500,-1.469920
3956,3.199219,0.017192,-0.679998,-1.909216,-1.068359,-1.475062
3957,3.199219,0.010048,-0.679998,-1.913503,-1.050781,-1.480205
3958,3.199219,0.002907,-0.679998,-1.917787,-1.135742,-1.485347
3959,3.199219,-0.004237,-0.679998,-1.922074,-1.090820,-1.490490
3960,3.199219,-0.011381,-0.679998,-1.926360,-1.032227,-1.495634
3961,3.199219,-0.018522,-0.679998,-1.930645,-1.096680,-1.500776
3962,3.199219,-0.025666,-0.679998,-1.934931,-1.118164,-1.505919
3963,3.199219,-0.032810,-0.679998,-1.939217,-1.121094,-1.511063
3964,3.199219,-0.039950,-0.679998,-1.943501,-1.000977,-1.516204
3965,3.199219,-0.047093,-0.679998,-1.947787,-0.971680,-1.521347
3966,3.199219,-0.054234,-0.679998,-1.952071,-0.990234,-1.526488
3967,3.128906,-0.061376,-0.789999,-1.914169,-1.106445,-1.349005
3968,3.128906,-0.068518,-0.789999,-1.918455,-0.981445,-1.354147
3969,3.128906,-0.075658,-0.789999,-1.922738,-0.984375,-1.359287
3970,3.128906,-0.082799,-0.789999,-1.927023,-0.989258,-1.364429
3971,3.128906,-0.089937,-0.789999,-1.931306,-1.010742,-1.369569
3972,3.128906,-0.097078,-0.789999,-1.935590,-1.034180,-1.374710
3973,3.128906,-0.104218,-0.789999,-1.939874,-1.043945,-1.379850
3974,3.128906,-0.111354,-0.789999,-1.944156,-1.000000,-1.384989
3975,3.128906,-0.118493,-0.789999,-1.948439,-1.011719,-1.390129
3976,3.128906,-0.125628,-0.789999,-1.952721,-1.071289,-1.395266
3977,3.128906,-0.132765,-0.789999,-1.957003,-1.041016,-1.400405
3978,3.128906,-0.139902,-0.789999,-1.961285,-1.015625,-1.405543
3979,3.128906,-0.147035,-0.789999,-1.965565,-1.112305,-1.410679
3980,3.128906,-0.154170,-0.789999,-1.969846,-1.023438,-1.415816
3981,3.128906,-0.161304,-0.789999,-1.974126,-1.021484,-1.420953
3982,3.128906,-0.168434,-0.789999,-1.978404,-1.015625,-1.426087
3983,3.128906,-0.175567,-0.789999,-1.982684,-0.983398,-1.431222
3984,3.128906,-0.182695,-0.789999,-1.986961,-1.001953,-1.436354
3985,3.128906,-0.189825,-0.789999,-1.991239,-1.080078,-1.441488
3986,3.128906,-0.196954,-0.789999,-1.995516,-1.048828,-1.446621
3987,3.128906,-0.204079,-0.789999,-1.999792,-1.075195,-1.451751
3988,3.128906,-0.211206,-0.789999,-2.004068,-1.042969,-1.456882
3989,3.128906,-0.218329,-0.789999,-2.008341,-1.081055,-1.462011
3990,3.128906,-0.225453,-0.789999,-2.012616,-0.973633,-1.467140
3991,3.128906,-0.232576,-0.789999,-2.016890,-1.021484,-1.472269
3992,3.046875,-0.239695,-0.899998,-1.971942,-1.054688,-1.286334
3993,3.046875,-0.246816,-0.899998,-1.976215,-1.044922,-1.291460
3994,3.046875,-0.253932,-0.899998,-1.980484,-1.037109,-1.296584
3995,3.046875,-0.261050,-0.899998,-1.984755,-1.027344,-1.301709
3996,3.046875,-0.268166,-0.899998,-1.989025,-0.943359,-1.306832
3997,3.046875,-0.275278,-0.899998,-1.993292,-1.012695,-1.311953
3998,3.046875,-0.282391,-0.899998,-1.997559,-0.989258,-1.317074
3999,3.046875,-0.289499,-0.899998,-2.001825,-1.092773,-1.322192
4000,3.046875,-0.296609,-0.899998,-2.006090,-0.991211,-1.327311
4001,3.046875,-0.303717,-0.899998,-2.010355,-1.157227,-1.332429
4002,3.046875,-0.310821,-0.899998,-2.014618,-1.008789,-1.337544
4003,3.046875,-0.317925,-0.899998,-2.018880,-1.000000,-1.342659
4004,3.046875,-0.325028,-0.899998,-2.023142,-1.004883,-1.347773
4005,3.046875,-0.332126,-0.899998,-2.027401,-0.933594,-1.352884
4006,3.046875,-0.339225,-0.899998,-2.031660,-1.073242,-1.357995
4007,3.046875,-0.346320,-0.899998,-2.035917,-0.993164,-1.363103
4008,3.046875,-0.353415,-0.899998,-2.040174,-0.876953,-1.368212
4009,3.046875,-0.360508,-0.899998,-2.044430,-0.940430,-1.373319
4010,3.046875,-0.367597,-0.899998,-2.048683,-0.901367,-1.378423
4011,3.046875,-0.374686,-0.899998,-2.052937,-0.910156,-1.383527
4012,3.046875,-0.381770,-0.899998,-2.057187,-0.888672,-1.388627
4013,3.046875,-0.388855,-0.899998,-2.061438,-1.027344,-1.393728
4014,3.046875,-0.395937,-0.899998,-2.065687,-1.042969,-1.398828
4015,3.046875,-0.403015,-0.899998,-2.069934,-0.976562,-1.403924
4016,3.046875,-0.410093,-0.899998,-2.074181,-0.848633,-1.409020
4017,3.046875,-0.417166,-0.899998,-2.078424,-0.911133,-1.414112
4018,2.949219,-0.424239,-1.009998,-2.024075,-0.896484,-1.216892
4019,2.949219,-0.431310,-1.009998,-2.028317,-0.932617,-1.221983
4020,2.949219,-0.438376,-1.009998,-2.032557,-1.009766,-1.227070
4021,2.949219,-0.445442,-1.009998,-2.036796,-0.955078,-1.232158
4022,2.949219,-0.452505,-1.009998,-2.041034,-0.968750,-1.237243
4023,2.949219,-0.459563,-1.009998,-2.045269,-0.970703,-1.242325
4024,2.949219,-0.466622,-1.009998,-2.049505,-0.963867,-1.247407
4025,2.949219,-0.473675,-1.009998,-2.053736,-0.979492,-1.252486
4026,2.949219,-0.480728,-1.009998,-2.057968,-1.021484,-1.257564
4027,2.949219,-0.487778,-1.009998,-2.062198,-1.034180,-1.262640
4028,2.949219,-0.494823,-1.009998,-2.066425,-0.892578,-1.267712
4029,2.949219,-0.501867,-1.009998,-2.070652,-0.949219,-1.272784
4030,2.949219,-0.508906,-1.009998,-2.074875,-0.943359,-1.277852
4031,2.949219,-0.515945,-1.009998,-2.079099,-1.032227,-1.282920
4032,2.949219,-0.522981,-1.009998,-2.083320,-0.894531,-1.287986
4033,2.949219,-0.530012,-1.009998,-2.087538,-0.968750,-1.293048
4034,2.949219,-0.537042,-1.009998,-2.091757,-0.983398,-1.298110
4035,2.949219,-0.544066,-1.009998,-2.095971,-0.850586,-1.303167
4036,2.949219,-0.551090,-1.009998,-2.100185,-0.916992,-1.308225
4037,2.949219,-0.558111,-1.009998,-2.104398,-0.900391,-1.313280
4038,2.949219,-0.565126,-1.009998,-2.108607,-1.018555,-1.318330
4039,2.949219,-0.572140,-1.009998,-2.112815,-0.873047,-1.323380
4040,2.949219,-0.579149,-1.009998,-2.117020,-0.909180,-1.328426
4041,2.949219,-0.586157,-1.009998,-2.121225,-0.879883,-1.333472
4042,2.949219,-0.593161,-1.009998,-2.125428,-0.936523,-1.338516
4043,2.847656,-0.600160,-1.119999,-2.068690,-0.869141,-1.138429
4044,2.847656,-0.607157,-1.119999,-2.072888,-0.855469,-1.143467
4045,2.847656,-0.614152,-1.119999,-2.077085,-0.916016,-1.148503
4046,2.847656,-0.621140,-1.119999,-2.081278,-0.904297,-1.153535
4047,2.847656,-0.628127,-1.119999,-2.085470,-0.914062,-1.158566
4048,2.847656,-0.635108,-1.119999,-2.089659,-0.908203,-1.163592
4049,2.847656,-0.642089,-1.119999,-2.093847,-0.944336,-1.168618
4050,2.847656,-0.649065,-1.119999,-2.098033,-0.933594,-1.173641
4051,2.847656,-0.656035,-1.119999,-2.102215,-0.941406,-1.178659
4052,2.847656,-0.663005,-1.119999,-2.106397,-0.916016,-1.183677
4053,2.847656,-0.669967,-1.119999,-2.110574,-0.864258,-1.188690
4054,2.847656,-0.676929,-1.119999,-2.114751,-1.002930,-1.193703
4055,2.847656,-0.683887,-1.119999,-2.118926,-0.889648,-1.198712
4056,2.847656,-0.690838,-1.119999,-2.123096,-0.831055,-1.203717
4057,2.847656,-0.697788,-1.119999,-2.127266,-0.897461,-1.208721
4058,2.847656,-0.704731,-1.119999,-2.131433,-0.938477,-1.213720
4059,2.847656,-0.711673,-1.119999,-2.135598,-0.901367,-1.218719
4060,2.847656,-0.718611,-1.119999,-2.139760,-0.791016,-1.223714
4061,2.847656,-0.725542,-1.119999,-2.143919,-0.897461,-1.228705
4062,2.847656,-0.732472,-1.119999,-2.148077,-0.856445,-1.233694
4063,2.847656,-0.739395,-1.119999,-2.152231,-0.791016,-1.238678
4064,2.847656,-0.746317,-1.119999,-2.156384,-0.841797,-1.243662
4065,2.847656,-0.753234,-1.119999,-2.160534,-0.880859,-1.248642
4066,2.847656,-0.760144,-1.119999,-2.164680,-0.805664,-1.253618
4067,2.847656,-0.767053,-1.119999,-2.168826,-0.818359,-1.258592
4068,2.847656,-0.773957,-1.119999,-2.172968,-0.874023,-1.263563
4069,2.726562,-0.780854,-1.219997,-2.104450,-0.866211,-1.061343
4070,2.726562,-0.787750,-1.219997,-2.108588,-0.807617,-1.066308
4071,2.726562,-0.794638,-1.219997,-2.112720,-0.919922,-1.071268
4072,2.726562,-0.801525,-1.219997,-2.116852,-0.674805,-1.076226
4073,2.726562,-0.808407,-1.219997,-2.120982,-0.916016,-1.081181
4074,2.726562,-0.815281,-1.219997,-2.125106,-0.819336,-1.086131
4075,2.726562,-0.822154,-1.219997,-2.129230,-0.787109,-1.091079
4076,2.726562,-0.829019,-1.219997,-2.133349,-0.829102,-1.096022
4077,2.726562,-0.835883,-1.219997,-2.137467,-0.876953,-1.100964
4078,2.726562,-0.842742,-1.219997,-2.141583,-0.813477,-1.105902
4079,2.726562,-0.849593,-1.219997,-2.145693,-0.831055,-1.110835
4080,2.726562,-0.856442,-1.219997,-2.149803,-0.931641,-1.115766
4081,2.726562,-0.863283,-1.219997,-2.153908,-0.940430,-1.120692
4082,2.726562,-0.870123,-1.219997,-2.158011,-0.879883,-1.125617
4083,2.726562,-0.876957,-1.219997,-2.162112,-0.831055,-1.130538
4084,2.726562,-0.883784,-1.219997,-2.166208,-0.813477,-1.135453
4085,2.726562,-0.890608,-1.219997,-2.170303,-0.760742,-1.140366
4086,2.726562,-0.897428,-1.219997,-2.174394,-0.890625,-1.145276
4087,2.726562,-0.904239,-1.219997,-2.178481,-0.842773,-1.150180
4088,2.726562,-0.911048,-1.219997,-2.182567,-0.773438,-1.155083
4089,2.726562,-0.917850,-1.219997,-2.186647,-0.708008,-1.159980
4090,2.726562,-0.924648,-1.219997,-2.190727,-0.796875,-1.164875
4091,2.726562,-0.931442,-1.219997,-2.194803,-0.829102,-1.169766
4092,2.726562,-0.938228,-1.219997,-2.198874,-0.862305,-1.174652
4093,2.726562,-0.945011,-1.219997,-2.202944,-0.812500,-1.179536
4094,2.726562,-0.951785,-1.219997,-2.207009,-0.812500,-1.184414
4095,2.597656,-0.958558,-1.309998,-2.133729,-0.821289,-0.988477
4096,2.597656,-0.965324,-1.309998,-2.137789,-0.861328,-0.993349
4097,2.597656,-0.972083,-1.309998,-2.141844,-0.727539,-0.998215
4098,2.597656,-0.978839,-1.309998,-2.145897,-0.832031,-1.003080
4099,2.597656,-0.985586,-1.309998,-2.149945,-0.828125,-1.007938
4100,2.597656,-0.992331,-1.309998,-2.153992,-0.832031,-1.012794
4101,2.597656,-0.999070,-1.309998,-2.158036,-0.834961,-1.017646
4102,2.597656,-1.005801,-1.309998,-2.162074,-0.766602,-1.022492
4103,2.597656,-1.012528,-1.309998,-2.166111,-0.809570,-1.027336
4104,2.597656,-1.019247,-1.309998,-2.170142,-0.724609,-1.032174
4105,2.597656,-1.025964,-1.309998,-2.174172,-0.759766,-1.037009
4106,2.597656,-1.032674,-1.309998,-2.178198,-0.784180,-1.041841
4107,2.597656,-1.039376,-1.309998,-2.182219,-0.817383,-1.046666
4108,2.597656,-1.046074,-1.309998,-2.186238,-0.765625,-1.051489
4109,2.597656,-1.052767,-1.309998,-2.190254,-0.827148,-1.056308
4110,2.597656,-1.059451,-1.309998,-2.194264,-0.803711,-1.061120
4111,2.597656,-1.066131,-1.309998,-2.198273,-0.728516,-1.065930
4112,2.597656,-1.072803,-1.309998,-2.202276,-0.779297,-1.070734
4113,2.597656,-1.079472,-1.309998,-2.206277,-0.783203,-1.075536
4114,2.597656,-1.086134,-1.309998,-2.210274,-0.683594,-1.080332
4115,2.597656,-1.092788,-1.309998,-2.214267,-0.781250,-1.085123
4116,2.597656,-1.099438,-1.309998,-2.218257,-0.792969,-1.089911
4117,2.597656,-1.106079,-1.309998,-2.222241,-0.778320,-1.094693
4118,2.597656,-1.112717,-1.309998,-2.226224,-0.809570,-1.099472
4119,2.597656,-1.119348,-1.309998,-2.230202,-0.700195,-1.104246
4120,2.468750,-1.125970,-1.399998,-2.156832,-0.681641,-0.908201
4121,2.468750,-1.132589,-1.399998,-2.160803,-0.739258,-0.912967
4122,2.468750,-1.139198,-1.399998,-2.164769,-0.750977,-0.917726
4123,2.468750,-1.145804,-1.399998,-2.168732,-0.761719,-0.922482
4124,2.468750,-1.152403,-1.399998,-2.172692,-0.687500,-0.927233
4125,2.468750,-1.158993,-1.399998,-2.176646,-0.716797,-0.931978
4126,2.468750,-1.165579,-1.399998,-2.180597,-0.710938,-0.936720
4127,2.468750,-1.172158,-1.399998,-2.184545,-0.682617,-0.941457
4128,2.468750,-1.178728,-1.399998,-2.188487,-0.703125,-0.946187
4129,2.468750,-1.185294,-1.399998,-2.192427,-0.766602,-0.950915
4130,2.468750,-1.191851,-1.399998,-2.196361,-0.810547,-0.955636
4131,2.468750,-1.198404,-1.399998,-2.200292,-0.708984,-0.960354
4132,2.468750,-1.204950,-1.399998,-2.204220,-0.612305,-0.965067
4133,2.468750,-1.211486,-1.399998,-2.208142,-0.754883,-0.969773
4134,2.468750,-1.218018,-1.399998,-2.212061,-0.652344,-0.974476
4135,2.468750,-1.224541,-1.399998,-2.215975,-0.738281,-0.979172
4136,2.468750,-1.231059,-1.399998,-2.219886,-0.759766,-0.983865
4137,2.468750,-1.237570,-1.399998,-2.223792,-0.622070,-0.988554
4138,2.468750,-1.244072,-1.399998,-2.227693,-0.629883,-0.993235
4139,2.468750,-1.250569,-1.399998,-2.231591,-0.738281,-0.997913
4140,2.468750,-1.257057,-1.399998,-2.235484,-0.746094,-1.002584
4141,2.468750,-1.263540,-1.399998,-2.239374,-0.670898,-1.007252
4142,2.468750,-1.270015,-1.399998,-2.243259,-0.623047,-1.011914
4143,2.468750,-1.276482,-1.399998,-2.247139,-0.614258,-1.016570
4144,2.468750,-1.282943,-1.399998,-2.251016,-0.708008,-1.021222
4145,2.468750,-1.289394,-1.399998,-2.254887,-0.771484,-1.025867
4146,2.316406,-1.295841,-1.489998,-2.167349,-0.658203,-0.812821
4147,2.316406,-1.302281,-1.489998,-2.171212,-0.707031,-0.817457
4148,2.316406,-1.308710,-1.489998,-2.175070,-0.719727,-0.822086
4149,2.316406,-1.315135,-1.489998,-2.178925,-0.662109,-0.826712
4150,2.316406,-1.321552,-1.489998,-2.182775,-0.658203,-0.831333
4151,2.316406,-1.327959,-1.489998,-2.186619,-0.632812,-0.835946
4152,2.316406,-1.334361,-1.489998,-2.190461,-0.664062,-0.840555
4153,2.316406,-1.340753,-1.489998,-2.194296,-0.688477,-0.845158
4154,2.316406,-1.347140,-1.489998,-2.198128,-0.632812,-0.849756
4155,2.316406,-1.353520,-1.489998,-2.201956,-0.709961,-0.854350
4156,2.316406,-1.359889,-1.489998,-2.205777,-0.697266,-0.858935
4157,2.316406,-1.366253,-1.489998,-2.209596,-0.713867,-0.863517
4158,2.316406,-1.372607,-1.489998,-2.213408,-0.605469,-0.868092
4159,2.316406,-1.378955,-1.489998,-2.217217,-0.701172,-0.872663
4160,2.316406,-1.385296,-1.489998,-2.221021,-0.679688,-0.877228
4161,2.316406,-1.391626,-1.489998,-2.224819,-0.672852,-0.881786
4162,2.316406,-1.397951,-1.489998,-2.228614,-0.678711,-0.886340
4163,2.316406,-1.404265,-1.489998,-2.232403,-0.617188,-0.890886
4164,2.316406,-1.410574,-1.489998,-2.236188,-0.617188,-0.895429
4165,2.316406,-1.416875,-1.489998,-2.239969,-0.561523,-0.899965
4166,2.316406,-1.423166,-1.489998,-2.243743,-0.723633,-0.904495
4167,2.316406,-1.429451,-1.489998,-2.247514,-0.686523,-0.909020
4168,2.316406,-1.435725,-1.489998,-2.251279,-0.564453,-0.913537
4169,2.316406,-1.441994,-1.489998,-2.255040,-0.508789,-0.918051
4170,2.316406,-1.448254,-1.489998,-2.258796,-0.666992,-0.922558
4171,2.167969,-1.454504,-1.569998,-2.173484,-0.621094,-0.724183
4172,2.167969,-1.460748,-1.569998,-2.177230,-0.644531,-0.728679
4173,2.167969,-1.466984,-1.569998,-2.180972,-0.627930,-0.733169
4174,2.167969,-1.473209,-1.569998,-2.184706,-0.537109,-0.737650
4175,2.167969,-1.479428,-1.569998,-2.188438,-0.603516,-0.742128
4176,2.167969,-1.485636,-1.569998,-2.192163,-0.605469,-0.746598
4177,2.167969,-1.491838,-1.569998,-2.195884,-0.591797,-0.751064
4178,2.167969,-1.498032,-1.569998,-2.199601,-0.552734,-0.755524
4179,2.167969,-1.504215,-1.569998,-2.203310,-0.694336,-0.759975
4180,2.167969,-1.510392,-1.569998,-2.207016,-0.611328,-0.764422
4181,2.167969,-1.516557,-1.569998,-2.210716,-0.522461,-0.768862
4182,2.167969,-1.522717,-1.569998,-2.214411,-0.642578,-0.773296
4183,2.167969,-1.528868,-1.569998,-2.218102,-0.484375,-0.777725
4184,2.167969,-1.535008,-1.569998,-2.221786,-0.610352,-0.782146
4185,2.167969,-1.541142,-1.569998,-2.225466,-0.629883,-0.786562
4186,2.167969,-1.547264,-1.569998,-2.229140,-0.552734,-0.790970
4187,2.167969,-1.553380,-1.569998,-2.232809,-0.594727,-0.795374
4188,2.167969,-1.559487,-1.569998,-2.236474,-0.458008,-0.799771
4189,2.167969,-1.565583,-1.569998,-2.240131,-0.542969,-0.804160
4190,2.167969,-1.571673,-1.569998,-2.243785,-0.502930,-0.808545
4191,2.167969,-1.577754,-1.569998,-2.247433,-0.570312,-0.812923
4192,2.167969,-1.583823,-1.569998,-2.251075,-0.562500,-0.817293
4193,2.167969,-1.589886,-1.569998,-2.254713,-0.579102,-0.821658
4194,2.167969,-1.595937,-1.569998,-2.258343,-0.608398,-0.826015
4195,2.167969,-1.601982,-1.569998,-2.261970,-0.521484,-0.830367
4196,2.167969,-1.608017,-1.569998,-2.265592,-0.683594,-0.834713
4197,2.007812,-1.614041,-1.639997,-2.173112,-0.537109,-0.639738
4198,2.007812,-1.620059,-1.639997,-2.176723,-0.519531,-0.644070
4199,2.007812,-1.626064,-1.639997,-2.180326,-0.450195,-0.648395
4200,2.007812,-1.632063,-1.639997,-2.183926,-0.523438,-0.652714
4201,2.007812,-1.638053,-1.639997,-2.187519,-0.450195,-0.657026
4202,2.007812,-1.644031,-1.639997,-2.191106,-0.558594,-0.661331
4203,2.007812,-1.650002,-1.639997,-2.194689,-0.528320,-0.665630
4204,2.007812,-1.655961,-1.639997,-2.198264,-0.509766,-0.669920
4205,2.007812,-1.661914,-1.639997,-2.201836,-0.517578,-0.674206
4206,2.007812,-1.667857,-1.639997,-2.205402,-0.483398,-0.678485
4207,2.007812,-1.673788,-1.639997,-2.208960,-0.442383,-0.682755
4208,2.007812,-1.679712,-1.639997,-2.212515,-0.536133,-0.687021
4209,2.007812,-1.685624,-1.639997,-2.216062,-0.509766,-0.691277
4210,2.007812,-1.691529,-1.639997,-2.219605,-0.431641,-0.695529
4211,2.007812,-1.697424,-1.639997,-2.223142,-0.558594,-0.699773
4212,2.007812,-1.703307,-1.639997,-2.226672,-0.641602,-0.704009
4213,2.007812,-1.709183,-1.639997,-2.230197,-0.519531,-0.708240
4214,2.007812,-1.715050,-1.639997,-2.233717,-0.507812,-0.712464
4215,2.007812,-1.720904,-1.639997,-2.237230,-0.501953,-0.716679
4216,2.007812,-1.726751,-1.639997,-2.240738,-0.472656,-0.720889
4217,2.007812,-1.732585,-1.639997,-2.244239,-0.401367,-0.725089
4218,2.007812,-1.738412,-1.639997,-2.247735,-0.625000,-0.729285
4219,2.007812,-1.744230,-1.639997,-2.251225,-0.503906,-0.733474
4220,2.007812,-1.750035,-1.639997,-2.254709,-0.444336,-0.737653
4221,2.007812,-1.755832,-1.639997,-2.258187,-0.526367,-0.741827
4222,2.007812,-1.761618,-1.639997,-2.261658,-0.497070,-0.745993
4223,1.847656,-1.767395,-1.709997,-2.169031,-0.411133,-0.550840
4224,1.847656,-1.773163,-1.709997,-2.172492,-0.518555,-0.554993
4225,1.847656,-1.778918,-1.709997,-2.175945,-0.416016,-0.559137
4226,1.847656,-1.784666,-1.709997,-2.179393,-0.447266,-0.563275
4227,1.847656,-1.790401,-1.709997,-2.182834,-0.471680,-0.567404
4228,1.847656,-1.796128,-1.709997,-2.186270,-0.403320,-0.571528
4229,1.847656,-1.801845,-1.709997,-2.189701,-0.563477,-0.575644
4230,1.847656,-1.807549,-1.709997,-2.193123,-0.474609,-0.579751
4231,1.847656,-1.813246,-1.709997,-2.196541,-0.471680,-0.583853
4232,1.847656,-1.818932,-1.709997,-2.199953,-0.441406,-0.587947
4233,1.847656,-1.824606,-1.709997,-2.203357,-0.460938,-0.592032
4234,1.847656,-1.830271,-1.709997,-2.206757,-0.436523,-0.596111
4235,1.847656,-1.835924,-1.709997,-2.210148,-0.491211,-0.600181
4236,1.847656,-1.841569,-1.709997,-2.213535,-0.382812,-0.604246
4237,1.847656,-1.847203,-1.709997,-2.216916,-0.481445,-0.608302
4238,1.847656,-1.852825,-1.709997,-2.220289,-0.488281,-0.612350
4239,1.847656,-1.858438,-1.709997,-2.223657,-0.439453,-0.616392
4240,1.847656,-1.864039,-1.709997,-2.227017,-0.441406,-0.620424
4241,1.847656,-1.869631,-1.709997,-2.230372,-0.404297,-0.624450
4242,1.847656,-1.875213,-1.709997,-2.233721,-0.363281,-0.628469
4243,1.847656,-1.880782,-1.709997,-2.237063,-0.503906,-0.632479
4244,1.847656,-1.886342,-1.709997,-2.240399,-0.442383,-0.636482
4245,1.847656,-1.891890,-1.709997,-2.243728,-0.375000,-0.640477
4246,1.847656,-1.897429,-1.709997,-2.247051,-0.338867,-0.644465
4247,1.847656,-1.902957,-1.709997,-2.250368,-0.409180,-0.648445
4248,1.667969,-1.908472,-1.769997,-2.145864,-0.454102,-0.451041
4249,1.667969,-1.913978,-1.769997,-2.149168,-0.374023,-0.455006
4250,1.667969,-1.919472,-1.769997,-2.152465,-0.360352,-0.458962
4251,1.667969,-1.924957,-1.769997,-2.155756,-0.422852,-0.462911
4252,1.667969,-1.930431,-1.769997,-2.159040,-0.488281,-0.466852
4253,1.667969,-1.935892,-1.769997,-2.162316,-0.374023,-0.470784
4254,1.667969,-1.941344,-1.769997,-2.165587,-0.478516,-0.474709
4255,1.667969,-1.946784,-1.769997,-2.168852,-0.359375,-0.478627
4256,1.667969,-1.952212,-1.769997,-2.172109,-0.356445,-0.482534
4257,1.667969,-1.957631,-1.769997,-2.175360,-0.389648,-0.486436
4258,1.667969,-1.963037,-1.769997,-2.178604,-0.394531,-0.490328
4259,1.667969,-1.968433,-1.769997,-2.181841,-0.346680,-0.494214
4260,1.667969,-1.973819,-1.769997,-2.185073,-0.394531,-0.498091
4261,1.667969,-1.979191,-1.769997,-2.188296,-0.301758,-0.501959
4262,1.667969,-1.984554,-1.769997,-2.191514,-0.309570,-0.505821
4263,1.667969,-1.989904,-1.769997,-2.194724,-0.358398,-0.509672
4264,1.667969,-1.995245,-1.769997,-2.197928,-0.371094,-0.513518
4265,1.667969,-2.000574,-1.769997,-2.201126,-0.333984,-0.517355
4266,1.667969,-2.005890,-1.769997,-2.204315,-0.423828,-0.521182
4267,1.667969,-2.011196,-1.769997,-2.207499,-0.359375,-0.525003
4268,1.667969,-2.016489,-1.769997,-2.210675,-0.419922,-0.528814
4269,1.667969,-2.021773,-1.769997,-2.213845,-0.355469,-0.532618
4270,1.667969,-2.027045,-1.769997,-2.217009,-0.318359,-0.536414
4271,1.667969,-2.032304,-1.769997,-2.220164,-0.437500,-0.540200
4272,1.667969,-2.037553,-1.769997,-2.223313,-0.275391,-0.543980
4273,1.667969,-2.042789,-1.769997,-2.226454,-0.343750,-0.547749
4274,1.476562,-2.048015,-1.819998,-2.114746,-0.348633,-0.353698
4275,1.476562,-2.053229,-1.819998,-2.117875,-0.383789,-0.357453
4276,1.476562,-2.058430,-1.819998,-2.120996,-0.283203,-0.361197
4277,1.476562,-2.063621,-1.819998,-2.124110,-0.231445,-0.364935
4278,1.476562,-2.068800,-1.819998,-2.127218,-0.332031,-0.368664
4279,1.476562,-2.073966,-1.819998,-2.130317,-0.308594,-0.372383
4280,1.476562,-2.079122,-1.819998,-2.133411,-0.363281,-0.376096
4281,1.476562,-2.084264,-1.819998,-2.136496,-0.293945,-0.379798
4282,1.476562,-2.089396,-1.819998,-2.139575,-0.269531,-0.383493
4283,1.476562,-2.094517,-1.819998,-2.142648,-0.323242,-0.387180
4284,1.476562,-2.099624,-1.819998,-2.145712,-0.357422,-0.390857
4285,1.476562,-2.104721,-1.819998,-2.148770,-0.230469,-0.394527
4286,1.476562,-2.109803,-1.819998,-2.151819,-0.258789,-0.398186
4287,1.476562,-2.114876,-1.819998,-2.154863,-0.316406,-0.401838
4288,1.476562,-2.119937,-1.819998,-2.157900,-0.283203,-0.405483
4289,1.476562,-2.124984,-1.819998,-2.160928,-0.374023,-0.409116
4290,1.476562,-2.130021,-1.819998,-2.163950,-0.373047,-0.412743
4291,1.476562,-2.135043,-1.819998,-2.166964,-0.277344,-0.416359
4292,1.476562,-2.140056,-1.819998,-2.169971,-0.274414,-0.419968
4293,1.476562,-2.145056,-1.819998,-2.172971,-0.354492,-0.423568
4294,1.476562,-2.150043,-1.819998,-2.175963,-0.275391,-0.427158
4295,1.476562,-2.155019,-1.819998,-2.178949,-0.249023,-0.430741
4296,1.476562,-2.159983,-1.819998,-2.181927,-0.300781,-0.434315
4297,1.476562,-2.164932,-1.819998,-2.184897,-0.225586,-0.437879
4298,1.476562,-2.169872,-1.819998,-2.187860,-0.354492,-0.441435
4299,1.296875,-2.174797,-1.869997,-2.083003,-0.166992,-0.255608
4300,1.296875,-2.179711,-1.869997,-2.085952,-0.357422,-0.259146
4301,1.296875,-2.184614,-1.869997,-2.088893,-0.232422,-0.262676
4302,1.296875,-2.189502,-1.869997,-2.091826,-0.241211,-0.266195
4303,1.296875,-2.194379,-1.869997,-2.094753,-0.264648,-0.269707
4304,1.296875,-2.199243,-1.869997,-2.097671,-0.312500,-0.273208
4305,1.296875,-2.204095,-1.869997,-2.100582,-0.209961,-0.276702
4306,1.296875,-2.208935,-1.869997,-2.103486,-0.265625,-0.280187
4307,1.296875,-2.213761,-1.869997,-2.106382,-0.266602,-0.283662
4308,1.296875,-2.218576,-1.869997,-2.109271,-0.220703,-0.287129
4309,1.296875,-2.223377,-1.869997,-2.112151,-0.361328,-0.290585
4310,1.296875,-2.228167,-1.869997,-2.115025,-0.310547,-0.294034
4311,1.296875,-2.232944,-1.869997,-2.117892,-0.224609,-0.297473
4312,1.296875,-2.237707,-1.869997,-2.120749,-0.194336,-0.300902
4313,1.296875,-2.242459,-1.869997,-2.123600,-0.183594,-0.304324
4314,1.296875,-2.247196,-1.869997,-2.126443,-0.205078,-0.307735
4315,1.296875,-2.251923,-1.869997,-2.129279,-0.209961,-0.311138
4316,1.296875,-2.256636,-1.869997,-2.132107,-0.181641,-0.314532
4317,1.296875,-2.261335,-1.869997,-2.134926,-0.174805,-0.317915
4318,1.296875,-2.266023,-1.869997,-2.137739,-0.122070,-0.321291
4319,1.296875,-2.270699,-1.869997,-2.140544,-0.224609,-0.324657
4320,1.296875,-2.275359,-1.869997,-2.143341,-0.105469,-0.328012
4321,1.296875,-2.280009,-1.869997,-2.146130,-0.097656,-0.331360
4322,1.296875,-2.284643,-1.869997,-2.148911,-0.265625,-0.334697
4323,1.296875,-2.289267,-1.869997,-2.151685,-0.114258,-0.338026
4324,1.296875,-2.293878,-1.869997,-2.154452,-0.125977,-0.341346
4325,1.109375,-2.298473,-1.909998,-2.044709,-0.231445,-0.161654
4326,1.109375,-2.303058,-1.909998,-2.047460,-0.146484,-0.164954
4327,1.109375,-2.307627,-1.909998,-2.050202,-0.123047,-0.168244
4328,1.109375,-2.312186,-1.909998,-2.052937,-0.164062,-0.171527
4329,1.109375,-2.316731,-1.909998,-2.055664,-0.175781,-0.174799
4330,1.109375,-2.321262,-1.909998,-2.058382,-0.125000,-0.178061
4331,1.109375,-2.325781,-1.909998,-2.061094,-0.194336,-0.181315
4332,1.109375,-2.330285,-1.909998,-2.063796,-0.112305,-0.184557
4333,1.109375,-2.334777,-1.909998,-2.066492,-0.164062,-0.187792
4334,1.109375,-2.339257,-1.909998,-2.069179,-0.194336,-0.191017
4335,1.109375,-2.343721,-1.909998,-2.071858,-0.107422,-0.194232
4336,1.109375,-2.348174,-1.909998,-2.074529,-0.135742,-0.197438
4337,1.109375,-2.352613,-1.909998,-2.077193,-0.203125,-0.200634
4338,1.109375,-2.357038,-1.909998,-2.079848,-0.202148,-0.203820
4339,1.109375,-2.361451,-1.909998,-2.082495,-0.048828,-0.206997
4340,1.109375,-2.365848,-1.909998,-2.085134,-0.162109,-0.210163
4341,1.109375,-2.370234,-1.909998,-2.087766,-0.221680,-0.213321
4342,1.109375,-2.374607,-1.909998,-2.090389,-0.160156,-0.216470
4343,1.109375,-2.378964,-1.909998,-2.093004,-0.158203,-0.219607
4344,1.109375,-2.383310,-1.909998,-2.095611,-0.114258,-0.222736
4345,1.109375,-2.387640,-1.909998,-2.098209,-0.091797,-0.225853
4346,1.109375,-2.391959,-1.909998,-2.100800,-0.091797,-0.228963
4347,1.109375,-2.396264,-1.909998,-2.103383,-0.102539,-0.232062
4348,1.109375,-2.400553,-1.909998,-2.105957,-0.150391,-0.235151
4349,1.109375,-2.404831,-1.909998,-2.108524,-0.101562,-0.238231
4350,1.109375,-2.409094,-1.909998,-2.111081,-0.001953,-0.241300
4351,0.917969,-2.413344,-1.949997,-1.998788,-0.065430,-0.058549
4352,0.917969,-2.417581,-1.949997,-2.001330,-0.079102,-0.061600
4353,0.917969,-2.421803,-1.949997,-2.003863,-0.186523,-0.064639
4354,0.917969,-2.426012,-1.949997,-2.006389,-0.223633,-0.067670
4355,0.917969,-2.430206,-1.949997,-2.008905,-0.106445,-0.070690
4356,0.917969,-2.434388,-1.949997,-2.011414,-0.227539,-0.073701
4357,0.917969,-2.438556,-1.949997,-2.013915,-0.143555,-0.076701
4358,0.917969,-2.442708,-1.949997,-2.016407,-0.111328,-0.079692
4359,0.917969,-2.446849,-1.949997,-2.018891,0.012695,-0.082672
4360,0.917969,-2.450975,-1.949997,-2.021367,-0.056641,-0.085644
4361,0.917969,-2.455086,-1.949997,-2.023833,-0.084961,-0.088603
4362,0.917969,-2.459185,-1.949997,-2.026292,-0.046875,-0.091554
4363,0.917969,-2.463268,-1.949997,-2.028742,-0.159180,-0.094494
4364,0.917969,-2.467339,-1.949997,-2.031185,-0.047852,-0.097425
4365,0.917969,-2.471396,-1.949997,-2.033619,-0.125000,-0.100346
4366,0.917969,-2.475437,-1.949997,-2.036043,-0.125000,-0.103256
4367,0.917969,-2.479466,-1.949997,-2.038461,-0.096680,-0.106157
4368,0.917969,-2.483479,-1.949997,-2.040869,-0.056641,-0.109046
4369,0.917969,-2.487479,-1.949997,-2.043269,-0.040039,-0.111926
4370,0.917969,-2.491466,-1.949997,-2.045661,-0.057617,-0.114797
4371,0.917969,-2.495437,-1.949997,-2.048043,-0.006836,-0.117656
4372,0.917969,-2.499395,-1.949997,-2.050418,0.053711,-0.120506
4373,0.917969,-2.503337,-1.949997,-2.052784,-0.125000,-0.123344
4374,0.917969,-2.507267,-1.949997,-2.055142,0.042969,-0.126174
4375,0.917969,-2.511183,-1.949997,-2.057491,-0.046875,-0.128993
4376,0.718750,-2.515083,-1.979998,-1.940300,-0.005859,0.047637
4377,0.718750,-2.518970,-1.979998,-1.942632,-0.094727,0.044839
4378,0.718750,-2.522841,-1.979998,-1.944955,-0.054688,0.042051
4379,0.718750,-2.526700,-1.979998,-1.947270,-0.097656,0.039273
4380,0.718750,-2.530544,-1.979998,-1.949576,-0.108398,0.036505
4381,0.718750,-2.534372,-1.979998,-1.951873,0.052734,0.033749
4382,0.718750,-2.538188,-1.979998,-1.954163,-0.055664,0.031002
4383,0.718750,-2.541989,-1.979998,-1.956444,-0.037109,0.028265
4384,0.718750,-2.545774,-1.979998,-1.958715,-0.026367,0.025539
4385,0.718750,-2.549547,-1.979998,-1.960978,0.013672,0.022823
4386,0.718750,-2.553303,-1.979998,-1.963232,0.019531,0.020119
4387,0.718750,-2.557046,-1.979998,-1.965478,-0.037109,0.017424
4388,0.718750,-2.560775,-1.979998,-1.967715,-0.118164,0.014739
4389,0.718750,-2.564488,-1.979998,-1.969943,0.007812,0.012066
4390,0.718750,-2.568188,-1.979998,-1.972163,0.050781,0.009402
4391,0.718750,-2.571872,-1.979998,-1.974373,-0.046875,0.006750
4392,0.718750,-2.575542,-1.979998,-1.976575,-0.119141,0.004107
4393,0.718750,-2.579198,-1.979998,-1.978769,0.070312,0.001474
4394,0.718750,-2.582838,-1.979998,-1.980953,0.070312,-0.001146
4395,0.718750,-2.586465,-1.979998,-1.983129,0.023438,-0.003758
4396,0.718750,-2.590076,-1.979998,-1.985296,-0.003906,-0.006357
4397,0.718750,-2.593673,-1.979998,-1.987454,0.024414,-0.008947
4398,0.718750,-2.597256,-1.979998,-1.989604,0.052734,-0.011527
4399,0.718750,-2.600822,-1.979998,-1.991744,0.002930,-0.014095
4400,0.718750,-2.604376,-1.979998,-1.993876,0.014648,-0.016654
4401,0.718750,-2.607914,-1.979998,-1.995999,0.036133,-0.019201
4402,0.519531,-2.611436,-1.999998,-1.878581,0.066406,0.145701
4403,0.519531,-2.614945,-1.999998,-1.880686,0.002930,0.143174
4404,0.519531,-2.618438,-1.999998,-1.882782,0.063477,0.140660
4405,0.519531,-2.621917,-1.999998,-1.884869,0.045898,0.138155
4406,0.519531,-2.625381,-1.999998,-1.886948,0.027344,0.135660
4407,0.519531,-2.628830,-1.999998,-1.889017,0.093750,0.133178
4408,0.519531,-2.632264,-1.999998,-1.891077,0.083984,0.130705
4409,0.519531,-2.635683,-1.999998,-1.893128,0.097656,0.128244
4410,0.519531,-2.639087,-1.999998,-1.895171,0.133789,0.125792
4411,0.519531,-2.642477,-1.999998,-1.897205,0.068359,0.123352
4412,0.519531,-2.645850,-1.999998,-1.899229,0.109375,0.120923
4413,0.519531,-2.649210,-1.999998,-1.901245,0.088867,0.118504
4414,0.519531,-2.652554,-1.999998,-1.903251,0.057617,0.116097
4415,0.519531,-2.655883,-1.999998,-1.905249,0.098633,0.113699
4416,0.519531,-2.659198,-1.999998,-1.907238,0.133789,0.111313
4417,0.519531,-2.662496,-1.999998,-1.909217,0.102539,0.108938
4418,0.519531,-2.665781,-1.999998,-1.911187,0.068359,0.106573
4419,0.519531,-2.669049,-1.999998,-1.913148,0.060547,0.104220
4420,0.519531,-2.672303,-1.999998,-1.915101,0.122070,0.101877
4421,0.519531,-2.675542,-1.999998,-1.917044,0.099609,0.099545
4422,0.519531,-2.678765,-1.999998,-1.918978,0.027344,0.097225
4423,0.519531,-2.681973,-1.999998,-1.920903,0.063477,0.094914
4424,0.519531,-2.685167,-1.999998,-1.922819,0.173828,0.092615
4425,0.519531,-2.688344,-1.999998,-1.924725,0.107422,0.090328
4426,0.519531,-2.691507,-1.999998,-1.926623,0.093750,0.088050
4427,0.328125,-2.694653,-2.009996,-1.813667,0.142578,0.235595
4428,0.328125,-2.697786,-2.009996,-1.815547,0.068359,0.233340
4429,0.328125,-2.700903,-2.009996,-1.817417,0.080078,0.231096
4430,0.328125,-2.704004,-2.009996,-1.819277,0.080078,0.228863
4431,0.328125,-2.707090,-2.009996,-1.821129,0.146484,0.226641
4432,0.328125,-2.710160,-2.009996,-1.822971,0.139648,0.224430
4433,0.328125,-2.713216,-2.009996,-1.824805,0.124023,0.222230
4434,0.328125,-2.716256,-2.009996,-1.826629,0.113281,0.220041
4435,0.328125,-2.719280,-2.009996,-1.828443,0.118164,0.217864
4436,0.328125,-2.722290,-2.009996,-1.830249,0.097656,0.215697
4437,0.328125,-2.725283,-2.009996,-1.832045,0.093750,0.213542
4438,0.328125,-2.728262,-2.009996,-1.833832,0.132812,0.211397
4439,0.328125,-2.731225,-2.009996,-1.835610,0.170898,0.209264
4440,0.328125,-2.734172,-2.009996,-1.837378,0.122070,0.207142
4441,0.328125,-2.737104,-2.009996,-1.839137,0.096680,0.205031
4442,0.328125,-2.740021,-2.009996,-1.840888,0.266602,0.202931
4443,0.328125,-2.742921,-2.009996,-1.842627,0.073242,0.200843
4444,0.328125,-2.745806,-2.009996,-1.844359,0.171875,0.198765
4445,0.328125,-2.748675,-2.009996,-1.846080,0.170898,0.196699
4446,0.328125,-2.751530,-2.009996,-1.847793,0.179688,0.194644
4447,0.328125,-2.754369,-2.009996,-1.849496,0.175781,0.192600
4448,0.328125,-2.757191,-2.009996,-1.851190,0.225586,0.190568
4449,0.328125,-2.759999,-2.009996,-1.852874,0.186523,0.188546
4450,0.328125,-2.762790,-2.009996,-1.854549,0.178711,0.186537
4451,0.328125,-2.765566,-2.009996,-1.856215,0.208984,0.184538
4452,0.328125,-2.768327,-2.009996,-1.857871,0.161133,0.182550
4453,0.117188,-2.771070,-2.009996,-1.732955,0.278320,0.332450
4454,0.117188,-2.773800,-2.009996,-1.734593,0.204102,0.330485
4455,0.117188,-2.776512,-2.009996,-1.736220,0.176758,0.328532
4456,0.117188,-2.779210,-2.009996,-1.737839,0.225586,0.326589
4457,0.117188,-2.781892,-2.009996,-1.739448,0.114258,0.324658
4458,0.117188,-2.784557,-2.009996,-1.741047,0.153320,0.322739
4459,0.117188,-2.787208,-2.009996,-1.742637,0.185547,0.320831
4460,0.117188,-2.789842,-2.009996,-1.744218,0.176758,0.318935
4461,0.117188,-2.792460,-2.009996,-1.745789,0.202148,0.317049
4462,0.117188,-2.795063,-2.009996,-1.747351,0.234375,0.315175
4463,0.117188,-2.797650,-2.009996,-1.748902,0.224609,0.313313
4464,0.117188,-2.800221,-2.009996,-1.750445,0.122070,0.311462
4465,0.117188,-2.802776,-2.009996,-1.751978,0.128906,0.309622
4466,0.117188,-2.805315,-2.009996,-1.753502,0.189453,0.307794
4467,0.117188,-2.807839,-2.009996,-1.755016,0.231445,0.305977
4468,0.117188,-2.810345,-2.009996,-1.756520,0.358398,0.304172
4469,0.117188,-2.812837,-2.009996,-1.758015,0.257812,0.302378
4470,0.117188,-2.815313,-2.009996,-1.759500,0.293945,0.300595
4471,0.117188,-2.817772,-2.009996,-1.760976,0.268555,0.298825
4472,0.117188,-2.820216,-2.009996,-1.762442,0.233398,0.297065
4473,0.117188,-2.822643,-2.009996,-1.763898,0.193359,0.295318
4474,0.117188,-2.825055,-2.009996,-1.765345,0.286133,0.293581
4475,0.117188,-2.827451,-2.009996,-1.766783,0.204102,0.291856
4476,0.117188,-2.829830,-2.009996,-1.768210,0.262695,0.290143
4477,0.117188,-2.832193,-2.009996,-1.769629,0.286133,0.288441
4478,0.117188,-2.834540,-2.009996,-1.771037,0.292969,0.286752
4479,-0.078125,-2.836872,-2.009996,-1.655248,0.250000,0.425698
4480,-0.078125,-2.839188,-2.009996,-1.656638,0.229492,0.424031
4481,-0.078125,-2.841486,-2.009996,-1.658017,0.217773,0.422376
4482,-0.078125,-2.843770,-2.009996,-1.659387,0.252930,0.420732
4483,-0.078125,-2.846036,-2.009996,-1.660747,0.340820,0.419100
4484,-0.078125,-2.848287,-2.009996,-1.662097,0.263672,0.417479
4485,-0.078125,-2.850522,-2.009996,-1.663438,0.201172,0.415870
4486,-0.078125,-2.852740,-2.009996,-1.664769,0.334961,0.414273
4487,-0.078125,-2.854943,-2.009996,-1.666091,0.308594,0.412687
4488,-0.078125,-2.857129,-2.009996,-1.667403,0.273438,0.411113
4489,-0.078125,-2.859299,-2.009996,-1.668704,0.273438,0.409551
4490,-0.078125,-2.861453,-2.009996,-1.669997,0.286133,0.408000
4491,-0.078125,-2.863590,-2.009996,-1.671279,0.261719,0.406461
4492,-0.078125,-2.865711,-2.009996,-1.672552,0.185547,0.404934
4493,-0.078125,-2.867817,-2.009996,-1.673815,0.335938,0.403418
4494,-0.078125,-2.869905,-2.009996,-1.675068,0.216797,0.401914
4495,-0.078125,-2.871978,-2.009996,-1.676312,0.230469,0.400422
4496,-0.078125,-2.874033,-2.009996,-1.677545,0.271484,0.398941
4497,-0.078125,-2.876074,-2.009996,-1.678769,0.263672,0.397473
4498,-0.078125,-2.878098,-2.009996,-1.679984,0.366211,0.396015
4499,-0.078125,-2.880104,-2.009996,-1.681188,0.218750,0.394571
4500,-0.078125,-2.882096,-2.009996,-1.682382,0.295898,0.393137
4501,-0.078125,-2.884070,-2.009996,-1.683567,0.324219,0.391715
4502,-0.078125,-2.886029,-2.009996,-1.684742,0.302734,0.390305
4503,-0.078125,-2.887971,-2.009996,-1.685907,0.312500,0.388907
4504,-0.277344,-2.889896,-1.999998,-1.567531,0.341797,0.518960
4505,-0.277344,-2.891805,-1.999998,-1.568677,0.243164,0.517585
4506,-0.277344,-2.893698,-1.999998,-1.569813,0.291992,0.516222
4507,-0.277344,-2.895574,-1.999998,-1.570938,0.327148,0.514872
4508,-0.277344,-2.897434,-1.999998,-1.572055,0.374023,0.513532
4509,-0.277344,-2.899278,-1.999998,-1.573160,0.361328,0.512205
4510,-0.277344,-2.901105,-1.999998,-1.574257,0.344727,0.510890
4511,-0.277344,-2.902916,-1.999998,-1.575343,0.295898,0.509586
4512,-0.277344,-2.904710,-1.999998,-1.576420,0.352539,0.508294
4513,-0.277344,-2.906488,-1.999998,-1.577486,0.358398,0.507014
4514,-0.277344,-2.908249,-1.999998,-1.578543,0.324219,0.505746
4515,-0.277344,-2.909994,-1.999998,-1.579590,0.350586,0.504490
4516,-0.277344,-2.911722,-1.999998,-1.580627,0.444336,0.503245
4517,-0.277344,-2.913434,-1.999998,-1.581654,0.289062,0.502013
4518,-0.277344,-2.915129,-1.999998,-1.582671,0.382812,0.500792
4519,-0.277344,-2.916807,-1.999998,-1.583678,0.329102,0.499584
4520,-0.277344,-2.918470,-1.999998,-1.584676,0.297852,0.498387
4521,-0.277344,-2.920116,-1.999998,-1.585663,0.464844,0.497202
4522,-0.277344,-2.921744,-1.999998,-1.586640,0.435547,0.496029
4523,-0.277344,-2.923357,-1.999998,-1.587608,0.413086,0.494868
4524,-0.277344,-2.924953,-1.999998,-1.588565,0.346680,0.493719
4525,-0.277344,-2.926532,-1.999998,-1.589513,0.304688,0.492582
4526,-0.277344,-2.928095,-1.999998,-1.590451,0.374023,0.491457
4527,-0.277344,-2.929641,-1.999998,-1.591379,0.509766,0.490343
4528,-0.277344,-2.931171,-1.999998,-1.592296,0.377930,0.489242
4529,-0.277344,-2.932684,-1.999998,-1.593204,0.445312,0.488152
4530,-0.476562,-2.934180,-1.979998,-1.474571,0.432617,0.606512
4531,-0.476562,-2.935660,-1.979998,-1.475459,0.468750,0.605447
4532,-0.476562,-2.937123,-1.979998,-1.476336,0.483398,0.604394
4533,-0.476562,-2.938570,-1.979998,-1.477204,0.466797,0.603352
4534,-0.476562,-2.940000,-1.979998,-1.478062,0.386719,0.602322
4535,-0.476562,-2.941412,-1.979998,-1.478910,0.465820,0.601305
4536,-0.476562,-2.942809,-1.979998,-1.479748,0.403320,0.600300
4537,-0.476562,-2.944188,-1.979998,-1.480575,0.416992,0.599307
4538,-0.476562,-2.945551,-1.979998,-1.481393,0.435547,0.598325
4539,-0.476562,-2.946898,-1.979998,-1.482201,0.429688,0.597356
4540,-0.476562,-2.948227,-1.979998,-1.482999,0.468750,0.596398
4541,-0.476562,-2.949541,-1.979998,-1.483787,0.486328,0.595453
4542,-0.476562,-2.950836,-1.979998,-1.484564,0.445312,0.594520
4543,-0.476562,-2.952116,-1.979998,-1.485332,0.359375,0.593599
4544,-0.476562,-2.953379,-1.979998,-1.486090,0.391602,0.592689
4545,-0.476562,-2.954625,-1.979998,-1.486837,0.496094,0.591792
4546,-0.476562,-2.955854,-1.979998,-1.487575,0.458008,0.590907
4547,-0.476562,-2.957067,-1.979998,-1.488303,0.490234,0.590034
4548,-0.476562,-2.958262,-1.979998,-1.489020,0.474609,0.589173
4549,-0.476562,-2.959441,-1.979998,-1.489727,0.441406,0.588324
4550,-0.476562,-2.960603,-1.979998,-1.490425,0.342773,0.587488
4551,-0.476562,-2.961749,-1.979998,-1.491112,0.486328,0.586663
4552,-0.476562,-2.962878,-1.979998,-1.491789,0.411133,0.585850
4553,-0.476562,-2.963989,-1.979998,-1.492456,0.442383,0.585050
4554,-0.476562,-2.965084,-1.979998,-1.493113,0.471680,0.584261
4555,-0.667969,-2.966162,-1.959997,-1.378916,0.405273,0.697297
4556,-0.667969,-2.967224,-1.959997,-1.379553,0.407227,0.696533
4557,-0.667969,-2.968268,-1.959997,-1.380180,0.513672,0.695781
4558,-0.667969,-2.969296,-1.959997,-1.380796,0.402344,0.695041
4559,-0.667969,-2.970307,-1.959997,-1.381403,0.462891,0.694313
4560,-0.667969,-2.971301,-1.959997,-1.381999,0.380859,0.693598
4561,-0.667969,-2.972278,-1.959997,-1.382586,0.443359,0.692894
4562,-0.667969,-2.973239,-1.959997,-1.383162,0.451172,0.692202
4563,-0.667969,-2.974182,-1.959997,-1.383728,0.517578,0.691523
4564,-0.667969,-2.975109,-1.959997,-1.384284,0.501953,0.690856
4565,-0.667969,-2.976018,-1.959997,-1.384830,0.457031,0.690201
4566,-0.667969,-2.976911,-1.959997,-1.385366,0.484375,0.689558
4567,-0.667969,-2.977787,-1.959997,-1.385891,0.454102,0.688927
4568,-0.667969,-2.978647,-1.959997,-1.386407,0.457031,0.688309
4569,-0.667969,-2.979489,-1.959997,-1.386912,0.437500,0.687702
4570,-0.667969,-2.980314,-1.959997,-1.387407,0.553711,0.687108
4571,-0.667969,-2.981123,-1.959997,-1.387892,0.474609,0.686526
4572,-0.667969,-2.981915,-1.959997,-1.388368,0.502930,0.685956
4573,-0.667969,-2.982689,-1.959997,-1.388832,0.579102,0.685398
4574,-0.667969,-2.983447,-1.959997,-1.389287,0.556641,0.684852
4575,-0.667969,-2.984188,-1.959997,-1.389732,0.558594,0.684319
4576,-0.667969,-2.984911,-1.959997,-1.390166,0.500000,0.683798
4577,-0.667969,-2.985619,-1.959997,-1.390590,0.512695,0.683289
4578,-0.667969,-2.986309,-1.959997,-1.391004,0.541016,0.682792
4579,-0.667969,-2.986982,-1.959997,-1.391408,0.465820,0.682307
4580,-0.667969,-2.987638,-1.959997,-1.391802,0.639648,0.681835
4581,-0.867188,-2.988277,-1.929996,-1.272654,0.593750,0.788811
4582,-0.867188,-2.988900,-1.929996,-1.273028,0.687500,0.788363
4583,-0.867188,-2.989505,-1.929996,-1.273391,0.489258,0.787927
4584,-0.867188,-2.990094,-1.929996,-1.273744,0.545898,0.787503
4585,-0.867188,-2.990665,-1.929996,-1.274087,0.478516,0.787092
4586,-0.867188,-2.991220,-1.929996,-1.274419,0.593750,0.786693
4587,-0.867188,-2.991757,-1.929996,-1.274742,0.532227,0.786305
4588,-0.867188,-2.992278,-1.929996,-1.275054,0.505859,0.785931
4589,-0.867188,-2.992782,-1.929996,-1.275357,0.548828,0.785568
4590,-0.867188,-2.993268,-1.929996,-1.275649,0.561523,0.785218
4591,-0.867188,-2.993738,-1.929996,-1.275930,0.511719,0.784879
4592,-0.867188,-2.994191,-1.929996,-1.276202,0.567383,0.784553
4593,-0.867188,-2.994627,-1.929996,-1.276464,0.517578,0.784239
4594,-0.867188,-2.995046,-1.929996,-1.276715,0.541992,0.783938
4595,-0.867188,-2.995448,-1.929996,-1.276956,0.625000,0.783649
4596,-0.867188,-2.995832,-1.929996,-1.277187,0.485352,0.783372
4597,-0.867188,-2.996200,-1.929996,-1.277408,0.508789,0.783107
4598,-0.867188,-2.996551,-1.929996,-1.277618,0.626953,0.782854
4599,-0.867188,-2.996885,-1.929996,-1.277819,0.482422,0.782614
4600,-0.867188,-2.997202,-1.929996,-1.278009,0.524414,0.782385
4601,-0.867188,-2.997502,-1.929996,-1.278189,0.499023,0.782169
4602,-0.867188,-2.997785,-1.929996,-1.278358,0.507812,0.781966
4603,-0.867188,-2.998051,-1.929996,-1.278518,0.585938,0.781774
4604,-0.867188,-2.998300,-1.929996,-1.278667,0.590820,0.781595
4605,-0.867188,-2.998532,-1.929996,-1.278807,0.559570,0.781428
4606,-0.867188,-2.998746,-1.929996,-1.278935,0.539062,0.781273
4607,-1.058594,-2.998945,-1.889997,-1.164211,0.530273,0.870944
4608,-1.058594,-2.999125,-1.889997,-1.164319,0.512695,0.870814
4609,-1.058594,-2.999290,-1.889997,-1.164418,0.665039,0.870696
4610,-1.058594,-2.999436,-1.889997,-1.164506,0.601562,0.870590
4611,-1.058594,-2.999566,-1.889997,-1.164584,0.689453,0.870497
4612,-1.058594,-2.999679,-1.889997,-1.164651,0.666992,0.870415
4613,-1.058594,-2.999775,-1.889997,-1.164709,0.629883,0.870346
4614,-1.058594,-2.999854,-1.889997,-1.164756,0.570312,0.870289
4615,-1.058594,-2.999916,-1.889997,-1.164793,0.682617,0.870245
4616,-1.058594,-2.999961,-1.889997,-1.164820,0.724609,0.870213
4617,-1.058594,-2.999989,-1.889997,-1.164837,0.787109,0.870192
4618,-1.058594,-3.000000,-1.889997,-1.164844,0.586914,0.870185
4619,-1.058594,-2.999994,-1.889997,-1.164840,0.729492,0.870189
4620,-1.058594,-2.999971,-1.889997,-1.164826,0.607422,0.870206
4621,-1.058594,-2.999930,-1.889997,-1.164802,0.601562,0.870235
4622,-1.058594,-2.999873,-1.889997,-1.164768,0.707031,0.870276
4623,-1.058594,-2.999799,-1.889997,-1.164723,0.684570,0.870329
4624,-1.058594,-2.999708,-1.889997,-1.164669,0.630859,0.870395
4625,-1.058594,-2.999600,-1.889997,-1.164604,0.550781,0.870473
4626,-1.058594,-2.999475,-1.889997,-1.164529,0.619141,0.870563
4627,-1.058594,-2.999333,-1.889997,-1.164443,0.693359,0.870665
4628,-1.058594,-2.999174,-1.889997,-1.164348,0.645508,0.870779
4629,-1.058594,-2.998997,-1.889997,-1.164242,0.696289,0.870906
4630,-1.058594,-2.998804,-1.889997,-1.164126,0.605469,0.871045
4631,-1.058594,-2.998594,-1.889997,-1.164000,0.656250,0.871197
4632,-1.238281,-2.998367,-1.839998,-1.056051,0.609375,0.940736
4633,-1.238281,-2.998123,-1.839998,-1.055905,0.665039,0.940912
4634,-1.238281,-2.997862,-1.839998,-1.055748,0.565430,0.941100
4635,-1.238281,-2.997583,-1.839998,-1.055581,0.602539,0.941300
4636,-1.238281,-2.997288,-1.839998,-1.055404,0.571289,0.941513
4637,-1.238281,-2.996976,-1.839998,-1.055217,0.730469,0.941737
4638,-1.238281,-2.996647,-1.839998,-1.055020,0.706055,0.941974
4639,-1.238281,-2.996301,-1.839998,-1.054812,0.667969,0.942224
4640,-1.238281,-2.995938,-1.839998,-1.054594,0.603516,0.942485
4641,-1.238281,-2.995558,-1.839998,-1.054366,0.715820,0.942759
4642,-1.238281,-2.995161,-1.839998,-1.054128,0.655273,0.943044
4643,-1.238281,-2.994747,-1.839998,-1.053879,0.590820,0.943343
4644,-1.238281,-2.994316,-1.839998,-1.053621,0.666016,0.943653
4645,-1.238281,-2.993868,-1.839998,-1.053352,0.626953,0.943976
4646,-1.238281,-2.993403,-1.839998,-1.053073,0.676758,0.944310
4647,-1.238281,-2.992921,-1.839998,-1.052784,0.622070,0.944657
4648,-1.238281,-2.992422,-1.839998,-1.052485,0.759766,0.945017
4649,-1.238281,-2.991906,-1.839998,-1.052175,0.733398,0.945388
4650,-1.238281,-2.991374,-1.839998,-1.051855,0.655273,0.945771
4651,-1.238281,-2.990824,-1.839998,-1.051525,0.583984,0.946168
4652,-1.238281,-2.990257,-1.839998,-1.051185,0.741211,0.946575
4653,-1.238281,-2.989673,-1.839998,-1.050835,0.670898,0.946996
4654,-1.238281,-2.989073,-1.839998,-1.050475,0.707031,0.947428
4655,-1.238281,-2.988455,-1.839998,-1.050104,0.634766,0.947873
4656,-1.238281,-2.987820,-1.839998,-1.049724,0.748047,0.948330
4657,-1.238281,-2.987169,-1.839998,-1.049333,0.742188,0.948799
4658,-1.429688,-2.986501,-1.789997,-0.934088,0.747070,1.027091
4659,-1.429688,-2.985815,-1.789997,-0.933677,0.572266,1.027585
4660,-1.429688,-2.985113,-1.789997,-0.933255,0.716797,1.028090
4661,-1.429688,-2.984394,-1.789997,-0.932824,0.790039,1.028608
4662,-1.429688,-2.983658,-1.789997,-0.932382,0.701172,1.029138
4663,-1.429688,-2.982905,-1.789997,-0.931930,0.802734,1.029680
4664,-1.429688,-2.982135,-1.789997,-0.931468,0.669922,1.030234
4665,-1.429688,-2.981348,-1.789997,-0.930996,0.768555,1.030801
4666,-1.429688,-2.980544,-1.789997,-0.930514,0.821289,1.031380
4667,-1.429688,-2.979723,-1.789997,-0.930022,0.746094,1.031971
4668,-1.429688,-2.978886,-1.789997,-0.929519,0.767578,1.032573
4669,-1.429688,-2.978032,-1.789997,-0.929007,0.740234,1.033189
4670,-1.429688,-2.977161,-1.789997,-0.928484,0.793945,1.033816
4671,-1.429688,-2.976273,-1.789997,-0.927951,0.746094,1.034455
4672,-1.429688,-2.975367,-1.789997,-0.927408,0.719727,1.035107
4673,-1.429688,-2.974446,-1.789997,-0.926855,0.757812,1.035771
4674,-1.429688,-2.973507,-1.789997,-0.926292,0.817383,1.036447
4675,-1.429688,-2.972551,-1.789997,-0.925718,0.795898,1.037135
4676,-1.429688,-2.971579,-1.789997,-0.925135,0.723633,1.037835
4677,-1.429688,-2.970589,-1.789997,-0.924541,0.724609,1.038547
4678,-1.429688,-2.969584,-1.789997,-0.923938,0.758789,1.039271
4679,-1.429688,-2.968560,-1.789997,-0.923324,0.800781,1.040008
4680,-1.429688,-2.967520,-1.789997,-0.922700,0.880859,1.040757
4681,-1.429688,-2.966464,-1.789997,-0.922066,0.724609,1.041518
4682,-1.429688,-2.965390,-1.789997,-0.921422,0.765625,1.042291
4683,-1.609375,-2.964300,-1.729998,-0.812955,0.746094,1.100451
4684,-1.609375,-2.963193,-1.729998,-0.812291,0.791992,1.101248
4685,-1.609375,-2.962069,-1.729998,-0.811616,0.837891,1.102057
4686,-1.609375,-2.960929,-1.729998,-0.810932,0.699219,1.102879
4687,-1.609375,-2.959771,-1.729998,-0.810238,0.791992,1.103712
4688,-1.609375,-2.958597,-1.729998,-0.809533,0.697266,1.104557
4689,-1.609375,-2.957406,-1.729998,-0.808819,0.692383,1.105415
4690,-1.609375,-2.956198,-1.729998,-0.808094,0.665039,1.106285
4691,-1.609375,-2.954974,-1.729998,-0.807359,0.767578,1.107166
4692,-1.609375,-2.953732,-1.729998,-0.806614,0.764648,1.108060
4693,-1.609375,-2.952475,-1.729998,-0.805860,0.765625,1.108965
4694,-1.609375,-2.951200,-1.729998,-0.805095,0.820312,1.109883
4695,-1.609375,-2.949908,-1.729998,-0.804320,0.774414,1.110813
4696,-1.609375,-2.948600,-1.729998,-0.803535,0.685547,1.111755
4697,-1.609375,-2.947275,-1.729998,-0.802740,0.743164,1.112709
4698,-1.609375,-2.945933,-1.729998,-0.801935,0.794922,1.113675
4699,-1.609375,-2.944575,-1.729998,-0.801120,0.831055,1.114653
4700,-1.609375,-2.943200,-1.729998,-0.800295,0.831055,1.115643
4701,-1.609375,-2.941809,-1.729998,-0.799460,0.859375,1.116645
4702,-1.609375,-2.940400,-1.729998,-0.798615,0.832031,1.117659
4703,-1.609375,-2.938975,-1.729998,-0.797760,0.895508,1.118685
4704,-1.609375,-2.937533,-1.729998,-0.796895,0.792969,1.119723
4705,-1.609375,-2.936075,-1.729998,-0.796020,0.811523,1.120773
4706,-1.609375,-2.934600,-1.729998,-0.795135,0.854492,1.121835
4707,-1.609375,-2.933108,-1.729998,-0.794240,0.843750,1.122909
4708,-1.609375,-2.931600,-1.729998,-0.793335,0.879883,1.123995
4709,-1.777344,-2.930075,-1.659998,-0.691639,0.877930,1.162031
4710,-1.777344,-2.928534,-1.659998,-0.690714,0.883789,1.163141
4711,-1.777344,-2.926976,-1.659998,-0.689779,0.880859,1.164263
4712,-1.777344,-2.925401,-1.659998,-0.688834,0.848633,1.165397
4713,-1.777344,-2.923809,-1.659998,-0.687879,0.855469,1.166542
4714,-1.777344,-2.922202,-1.659998,-0.686915,0.809570,1.167700
4715,-1.777344,-2.920577,-1.659998,-0.685940,0.795898,1.168869
4716,-1.777344,-2.918936,-1.659998,-0.684955,0.828125,1.170051
4717,-1.777344,-2.917279,-1.659998,-0.683961,0.848633,1.171244
4718,-1.777344,-2.915605,-1.659998,-0.682957,0.915039,1.172450
4719,-1.777344,-2.913914,-1.659998,-0.681942,0.934570,1.173667
4720,-1.777344,-2.912207,-1.659998,-0.680918,0.817383,1.174896
4721,-1.777344,-2.910483,-1.659998,-0.679884,0.835938,1.176137
4722,-1.777344,-2.908743,-1.659998,-0.678840,0.843750,1.177390
4723,-1.777344,-2.906986,-1.659998,-0.677786,0.902344,1.178655
4724,-1.777344,-2.905214,-1.659998,-0.676722,0.832031,1.179931
4725,-1.777344,-2.903424,-1.659998,-0.675648,0.787109,1.181220
4726,-1.777344,-2.901618,-1.659998,-0.674564,0.840820,1.182520
4727,-1.777344,-2.899796,-1.659998,-0.673471,0.791992,1.183832
4728,-1.777344,-2.897956,-1.659998,-0.672368,0.772461,1.185156
4729,-1.777344,-2.896101,-1.659998,-0.671255,0.803711,1.186492
4730,-1.777344,-2.894230,-1.659998,-0.670132,0.872070,1.187840
4731,-1.777344,-2.892341,-1.659998,-0.668998,0.806641,1.189199
4732,-1.777344,-2.890437,-1.659998,-0.667856,0.963867,1.190570
4733,-1.777344,-2.888516,-1.659998,-0.666703,0.795898,1.191954
4734,-1.777344,-2.886579,-1.659998,-0.665541,0.876953,1.193348
4735,-1.937500,-2.884625,-1.589998,-0.568275,0.831055,1.226068
4736,-1.937500,-2.882655,-1.589998,-0.567093,0.867188,1.227486
4737,-1.937500,-2.880669,-1.589998,-0.565901,0.841797,1.228916
4738,-1.937500,-2.878666,-1.589998,-0.564700,0.919922,1.230358
4739,-1.937500,-2.876647,-1.589998,-0.563488,0.868164,1.231812
4740,-1.937500,-2.874612,-1.589998,-0.562267,0.860352,1.233277
4741,-1.937500,-2.872560,-1.589998,-0.561036,0.813477,1.234755
4742,-1.937500,-2.870492,-1.589998,-0.559795,0.874023,1.236243
4743,-1.937500,-2.868408,-1.589998,-0.558545,0.900391,1.237744
4744,-1.937500,-2.866307,-1.589998,-0.557284,0.833984,1.239257
4745,-1.937500,-2.864191,-1.589998,-0.556015,0.818359,1.240780
4746,-1.937500,-2.862058,-1.589998,-0.554735,0.964844,1.242316
4747,-1.937500,-2.859909,-1.589998,-0.553445,0.987305,1.243863
4748,-1.937500,-2.857743,-1.589998,-0.552146,0.970703,1.245423
4749,-1.937500,-2.855561,-1.589998,-0.550837,0.920898,1.246994
4750,-1.937500,-2.853364,-1.589998,-0.549519,0.956055,1.248576
4751,-1.937500,-2.851150,-1.589998,-0.548190,0.860352,1.250170
4752,-1.937500,-2.848920,-1.589998,-0.546852,0.868164,1.251775
4753,-1.937500,-2.846674,-1.589998,-0.545504,0.944336,1.253393
4754,-1.937500,-2.844411,-1.589998,-0.544147,0.911133,1.255022
4755,-1.937500,-2.842133,-1.589998,-0.542780,0.968750,1.256662
4756,-1.937500,-2.839838,-1.589998,-0.541403,1.055664,1.258315
4757,-1.937500,-2.837527,-1.589998,-0.540016,1.008789,1.259979
4758,-1.937500,-2.835201,-1.589998,-0.538620,1.035156,1.261653
4759,-1.937500,-2.832858,-1.589998,-0.537215,0.913086,1.263340
4760,-2.089844,-2.830499,-1.519999,-0.444393,1.014648,1.290726
4761,-2.089844,-2.828124,-1.519999,-0.442968,0.923828,1.292437
4762,-2.089844,-2.825732,-1.519999,-0.441533,0.983398,1.294158
4763,-2.089844,-2.823326,-1.519999,-0.440089,0.880859,1.295891
4764,-2.089844,-2.820903,-1.519999,-0.438635,0.955078,1.297636
4765,-2.089844,-2.818464,-1.519999,-0.437172,0.943359,1.299392
4766,-2.089844,-2.816009,-1.519999,-0.435699,0.946289,1.301160
4767,-2.089844,-2.813538,-1.519999,-0.434216,0.857422,1.302939
4768,-2.089844,-2.811051,-1.519999,-0.432724,0.922852,1.304729
4769,-2.089844,-2.808548,-1.519999,-0.431223,0.866211,1.306531
4770,-2.089844,-2.806030,-1.519999,-0.429712,1.008789,1.308344
4771,-2.089844,-2.803495,-1.519999,-0.428191,0.937500,1.310170
4772,-2.089844,-2.800944,-1.519999,-0.426660,0.872070,1.312006
4773,-2.089844,-2.798378,-1.519999,-0.425120,0.841797,1.313854
4774,-2.089844,-2.795795,-1.519999,-0.423571,0.906250,1.315713
4775,-2.089844,-2.793198,-1.519999,-0.422012,0.835938,1.317584
4776,-2.089844,-2.790583,-1.519999,-0.420444,0.890625,1.319466
4777,-2.089844,-2.787953,-1.519999,-0.418866,0.898438,1.321360
4778,-2.089844,-2.785308,-1.519999,-0.417278,0.825195,1.323264
4779,-2.089844,-2.782646,-1.519999,-0.415681,0.909180,1.325181
4780,-2.089844,-2.779969,-1.519999,-0.414075,0.854492,1.327108
4781,-2.089844,-2.777276,-1.519999,-0.412460,0.886719,1.329047
4782,-2.089844,-2.774567,-1.519999,-0.410834,0.894531,1.330997
4783,-2.089844,-2.771843,-1.519999,-0.409200,0.866211,1.332958
4784,-2.089844,-2.769103,-1.519999,-0.407556,0.989258,1.334932
4785,-2.089844,-2.766347,-1.519999,-0.405902,0.963867,1.336916
4786,-2.238281,-2.763576,-1.429998,-0.315177,0.950195,1.337786
4787,-2.238281,-2.760788,-1.429998,-0.313504,0.997070,1.339793
4788,-2.238281,-2.757986,-1.429998,-0.311823,1.000000,1.341811
4789,-2.238281,-2.755167,-1.429998,-0.310131,0.938477,1.343840
4790,-2.238281,-2.752332,-1.429998,-0.308431,0.945312,1.345881
4791,-2.238281,-2.749484,-1.429998,-0.306721,0.968750,1.347932
4792,-2.238281,-2.746618,-1.429998,-0.305002,1.029297,1.349996
4793,-2.238281,-2.743738,-1.429998,-0.303274,1.010742,1.352069
4794,-2.238281,-2.740841,-1.429998,-0.301536,0.997070,1.354155
4795,-2.238281,-2.737928,-1.429998,-0.299788,0.863281,1.356252
4796,-2.238281,-2.735002,-1.429998,-0.298032,0.972656,1.358360
4797,-2.238281,-2.732059,-1.429998,-0.296266,1.016602,1.360479
4798,-2.238281,-2.729101,-1.429998,-0.294492,1.083008,1.362608
4799,-2.238281,-2.726126,-1.429998,-0.292707,0.960938,1.364750
4800,-2.238281,-2.723136,-1.429998,-0.290913,1.060547,1.366902
4801,-2.238281,-2.720132,-1.429998,-0.289111,1.121094,1.369065
4802,-2.238281,-2.717112,-1.429998,-0.287298,0.957031,1.371240
4803,-2.238281,-2.714076,-1.429998,-0.285477,0.981445,1.373426
4804,-2.238281,-2.711025,-1.429998,-0.283646,1.013672,1.375623
4805,-2.238281,-2.707958,-1.429998,-0.281806,1.001953,1.377831
4806,-2.238281,-2.704877,-1.429998,-0.279958,0.939453,1.380049
4807,-2.238281,-2.701780,-1.429998,-0.278099,0.943359,1.382279
4808,-2.238281,-2.698667,-1.429998,-0.276231,1.020508,1.384521
4809,-2.238281,-2.695540,-1.429998,-0.274355,1.015625,1.386772
4810,-2.238281,-2.692397,-1.429998,-0.272469,0.903320,1.389035
4811,-2.378906,-2.689239,-1.339998,-0.186200,1.001953,1.384558
4812,-2.378906,-2.686065,-1.339998,-0.184295,1.031250,1.386843
4813,-2.378906,-2.682876,-1.339998,-0.182382,0.938477,1.389140
4814,-2.378906,-2.679673,-1.339998,-0.180460,1.060547,1.391446
4815,-2.378906,-2.676453,-1.339998,-0.178528,1.018555,1.393764
4816,-2.378906,-2.673220,-1.339998,-0.176588,0.994141,1.396092
4817,-2.378906,-2.669970,-1.339998,-0.174638,1.016602,1.398432
4818,-2.378906,-2.666705,-1.339998,-0.172679,0.996094,1.400783
4819,-2.378906,-2.663426,-1.339998,-0.170712,1.096680,1.403144
4820,-2.378906,-2.660131,-1.339998,-0.168735,0.985352,1.405517
4821,-2.378906,-2.656820,-1.339998,-0.166748,1.001953,1.407900
4822,-2.378906,-2.653496,-1.339998,-0.164754,0.928711,1.410293
4823,-2.378906,-2.650156,-1.339998,-0.162750,1.066406,1.412699
4824,-2.378906,-2.646801,-1.339998,-0.160737,0.991211,1.415113
4825,-2.378906,-2.643431,-1.339998,-0.158715,1.085938,1.417540
4826,-2.378906,-2.640045,-1.339998,-0.156684,0.937500,1.419978
4827,-2.378906,-2.636646,-1.339998,-0.154644,1.066406,1.422425
4828,-2.378906,-2.633231,-1.339998,-0.152595,1.038086,1.424884
4829,-2.378906,-2.629802,-1.339998,-0.150537,1.026367,1.427353
4830,-2.378906,-2.626357,-1.339998,-0.148470,1.087891,1.429834
4831,-2.378906,-2.622896,-1.339998,-0.146394,1.131836,1.432325
4832,-2.378906,-2.619423,-1.339998,-0.144310,0.969727,1.434826
4833,-2.378906,-2.615933,-1.339998,-0.142216,1.070312,1.437339
4834,-2.378906,-2.612430,-1.339998,-0.140114,1.047852,1.439861
4835,-2.378906,-2.608910,-1.339998,-0.138002,0.975586,1.442395
4836,-2.378906,-2.605376,-1.339998,-0.135882,1.052734,1.444940
4837,-2.507812,-2.601828,-1.249998,-0.056409,1.009766,1.432307
4838,-2.507812,-2.598264,-1.249998,-0.054271,1.018555,1.434873
4839,-2.507812,-2.594687,-1.249998,-0.052125,1.054688,1.437448
4840,-2.507812,-2.591094,-1.249998,-0.049969,1.083008,1.440035
4841,-2.507812,-2.587486,-1.249998,-0.047804,0.977539,1.442633
4842,-2.507812,-2.583865,-1.249998,-0.045631,1.081055,1.445240
4843,-2.507812,-2.580227,-1.249998,-0.043449,1.087891,1.447859
4844,-2.507812,-2.576575,-1.249998,-0.041258,0.973633,1.450489
4845,-2.507812,-2.572910,-1.249998,-0.039059,0.928711,1.453127
4846,-2.507812,-2.569229,-1.249998,-0.036850,1.061523,1.455778
4847,-2.507812,-2.565535,-1.249998,-0.034633,1.004883,1.458438
4848,-2.507812,-2.561825,-1.249998,-0.032407,1.002930,1.461109
4849,-2.507812,-2.558100,-1.249998,-0.030172,1.027344,1.463791
4850,-2.507812,-2.554362,-1.249998,-0.027930,1.086914,1.466482
4851,-2.507812,-2.550608,-1.249998,-0.025678,1.011719,1.469185
4852,-2.507812,-2.546842,-1.249998,-0.023417,1.089844,1.471897
4853,-2.507812,-2.543059,-1.249998,-0.021148,1.105469,1.474620
4854,-2.507812,-2.539262,-1.249998,-0.018870,1.025391,1.477354
4855,-2.507812,-2.535452,-1.249998,-0.016584,1.096680,1.480097
4856,-2.507812,-2.531626,-1.249998,-0.014288,1.152344,1.482852
4857,-2.507812,-2.527788,-1.249998,-0.011985,1.039062,1.485616
4858,-2.507812,-2.523933,-1.249998,-0.009672,1.028320,1.488391
4859,-2.507812,-2.520064,-1.249998,-0.007351,1.069336,1.491176
4860,-2.507812,-2.516183,-1.249998,-0.005022,1.039062,1.493971
4861,-2.507812,-2.512285,-1.249998,-0.002684,1.107422,1.496777
4862,-2.507812,-2.508374,-1.249998,-0.000337,0.962891,1.499594
4863,-2.628906,-2.504449,-1.149998,0.074674,1.118164,1.469606
4864,-2.628906,-2.500509,-1.149998,0.077038,1.064453,1.472443
4865,-2.628906,-2.496557,-1.149998,0.079410,1.108398,1.475289
4866,-2.628906,-2.492588,-1.149998,0.081791,1.037109,1.478146
4867,-2.628906,-2.488606,-1.149998,0.084180,1.009766,1.481014
4868,-2.628906,-2.484611,-1.149998,0.086577,1.105469,1.483890
4869,-2.628906,-2.480600,-1.149998,0.088984,1.112305,1.486778
4870,-2.628906,-2.476577,-1.149998,0.091398,1.088867,1.489674
4871,-2.628906,-2.472538,-1.149998,0.093821,1.089844,1.492582
4872,-2.628906,-2.468485,-1.149998,0.096253,1.142578,1.495501
4873,-2.628906,-2.464420,-1.149998,0.098692,1.083008,1.498428
4874,-2.628906,-2.460339,-1.149998,0.101140,1.115234,1.501366
4875,-2.628906,-2.456246,-1.149998,0.103596,1.094727,1.504313
4876,-2.628906,-2.452137,-1.149998,0.106061,1.148438,1.507271
4877,-2.628906,-2.448015,-1.149998,0.108535,1.080078,1.510239
4878,-2.628906,-2.443880,-1.149998,0.111016,1.129883,1.513216
4879,-2.628906,-2.439730,-1.149998,0.113506,0.963867,1.516204
4880,-2.628906,-2.435567,-1.149998,0.116004,1.128906,1.519202
4881,-2.628906,-2.431389,-1.149998,0.118510,1.005859,1.522210
4882,-2.628906,-2.427197,-1.149998,0.121025,1.060547,1.525228
4883,-2.628906,-2.422994,-1.149998,0.123548,1.126953,1.528254
4884,-2.628906,-2.418774,-1.149998,0.126079,1.064453,1.531293
4885,-2.628906,-2.414541,-1.149998,0.128619,1.180664,1.534340
4886,-2.628906,-2.410296,-1.149998,0.131166,1.066406,1.537396
4887,-2.628906,-2.406036,-1.149998,0.133722,1.150391,1.540464
4888,-2.738281,-2.401764,-1.049997,0.201911,1.054688,1.502289
4889,-2.738281,-2.397476,-1.049997,0.204483,1.105469,1.505376
4890,-2.738281,-2.393175,-1.049997,0.207064,1.056641,1.508473
4891,-2.738281,-2.388862,-1.049997,0.209652,1.168945,1.511579
4892,-2.738281,-2.384534,-1.049997,0.212249,1.104492,1.514695
4893,-2.738281,-2.380193,-1.049997,0.214853,1.139648,1.517820
4894,-2.738281,-2.375838,-1.049997,0.217466,1.087891,1.520956
4895,-2.738281,-2.371469,-1.049997,0.220087,1.107422,1.524101
4896,-2.738281,-2.367089,-1.049997,0.222715,1.153320,1.527255
4897,-2.738281,-2.362693,-1.049997,0.225353,1.064453,1.530420
4898,-2.738281,-2.358286,-1.049997,0.227997,1.099609,1.533593
4899,-2.738281,-2.353864,-1.049997,0.230651,1.067383,1.536777
4900,-2.738281,-2.349428,-1.049997,0.233312,1.134766,1.539971
4901,-2.738281,-2.344981,-1.049997,0.235980,1.167969,1.543173
4902,-2.738281,-2.340518,-1.049997,0.238658,1.056641,1.546386
4903,-2.738281,-2.336044,-1.049997,0.241342,1.159180,1.549608
4904,-2.738281,-2.331556,-1.049997,0.244035,1.164062,1.552839
4905,-2.738281,-2.327054,-1.049997,0.246737,1.158203,1.556081
4906,-2.738281,-2.322540,-1.049997,0.249445,1.185547,1.559331
4907,-2.738281,-2.318012,-1.049997,0.252162,1.164062,1.562591
4908,-2.738281,-2.313470,-1.049997,0.254887,1.144531,1.565861
4909,-2.738281,-2.308917,-1.049997,0.257619,1.062500,1.569139
4910,-2.738281,-2.304349,-1.049997,0.260359,1.151367,1.572428
4911,-2.738281,-2.299770,-1.049997,0.263107,1.126953,1.575725
4912,-2.738281,-2.295176,-1.049997,0.265863,1.084961,1.579033
4913,-2.738281,-2.290569,-1.049997,0.268627,1.138672,1.582350
4914,-2.839844,-2.285951,-0.949999,0.332336,1.148438,1.538801
4915,-2.839844,-2.281318,-0.949999,0.335115,1.027344,1.542137
4916,-2.839844,-2.276674,-0.949999,0.337902,1.169922,1.545481
4917,-2.839844,-2.272016,-0.949999,0.340697,1.163086,1.548835
4918,-2.839844,-2.267344,-0.949999,0.343500,1.063477,1.552199
4919,-2.839844,-2.262661,-0.949999,0.346310,1.145508,1.555570
4920,-2.839844,-2.257964,-0.949999,0.349128,1.154297,1.558952
4921,-2.839844,-2.253256,-0.949999,0.351953,1.181641,1.562342
4922,-2.839844,-2.248533,-0.949999,0.354786,1.199219,1.565742
4923,-2.839844,-2.243797,-0.949999,0.357628,1.064453,1.569152
4924,-2.839844,-2.239051,-0.949999,0.360476,1.104492,1.572570
4925,-2.839844,-2.234290,-0.949999,0.363332,1.096680,1.575998
4926,-2.839844,-2.229516,-0.949999,0.366197,1.161133,1.579435
4927,-2.839844,-2.224732,-0.949999,0.369067,1.077148,1.582879
4928,-2.839844,-2.219933,-0.949999,0.371947,1.051758,1.586335
4929,-2.839844,-2.215123,-0.949999,0.374832,1.096680,1.589798
4930,-2.839844,-2.210299,-0.949999,0.377727,1.131836,1.593271
4931,-2.839844,-2.205462,-0.949999,0.380629,1.108398,1.596753
4932,-2.839844,-2.200615,-0.949999,0.383537,1.195312,1.600243
4933,-2.839844,-2.195754,-0.949999,0.386454,1.038086,1.603744
4934,-2.839844,-2.190881,-0.949999,0.389377,1.105469,1.607252
4935,-2.839844,-2.185995,-0.949999,0.392309,1.121094,1.610770
4936,-2.839844,-2.181096,-0.949999,0.395249,1.170898,1.614297
4937,-2.839844,-2.176187,-0.949999,0.398194,1.149414,1.617832
4938,-2.839844,-2.171263,-0.949999,0.401148,1.117188,1.621377
4939,-2.929688,-2.166329,-0.839998,0.458015,1.053711,1.557616
4940,-2.929688,-2.161381,-0.839998,0.460984,1.192383,1.561179
4941,-2.929688,-2.156421,-0.839998,0.463960,1.133789,1.564750
4942,-2.929688,-2.151450,-0.839998,0.466943,1.185547,1.568329
4943,-2.929688,-2.146465,-0.839998,0.469933,1.173828,1.571918
4944,-2.929688,-2.141470,-0.839998,0.472931,1.184570,1.575515
4945,-2.929688,-2.136461,-0.839998,0.475936,1.147461,1.579121
4946,-2.929688,-2.131440,-0.839998,0.478949,1.155273,1.582736
4947,-2.929688,-2.126408,-0.839998,0.481968,1.193359,1.586359
4948,-2.929688,-2.121363,-0.839998,0.484995,1.131836,1.589992
4949,-2.929688,-2.116305,-0.839998,0.488029,1.086914,1.593633
4950,-2.929688,-2.111238,-0.839998,0.491070,1.136719,1.597282
4951,-2.929688,-2.106156,-0.839998,0.494119,1.136719,1.600940
4952,-2.929688,-2.101065,-0.839998,0.497173,1.195312,1.604606
4953,-2.929688,-2.095960,-0.839998,0.500237,1.202148,1.608282
4954,-2.929688,-2.090843,-0.839998,0.503307,1.196289,1.611966
4955,-2.929688,-2.085716,-0.839998,0.506383,1.260742,1.615658
4956,-2.929688,-2.080575,-0.839998,0.509468,1.093750,1.619359
4957,-2.929688,-2.075424,-0.839998,0.512558,1.208008,1.623067
4958,-2.929688,-2.070260,-0.839998,0.515657,1.230469,1.626786
4959,-2.929688,-2.065084,-0.839998,0.518762,1.092773,1.630513
4960,-2.929688,-2.059898,-0.839998,0.521874,1.183594,1.634246
4961,-2.929688,-2.054698,-0.839998,0.524993,1.155273,1.637990
4962,-2.929688,-2.049489,-0.839998,0.528119,1.169922,1.641741
4963,-2.929688,-2.044266,-0.839998,0.531253,1.163086,1.645501
4964,-2.929688,-2.039032,-0.839998,0.534393,1.059570,1.649270
4965,-3.000000,-2.033788,-0.719999,0.579727,1.151367,1.559672
4966,-3.000000,-2.028531,-0.719999,0.582882,1.180664,1.563457
4967,-3.000000,-2.023262,-0.719999,0.586043,1.248047,1.567251
4968,-3.000000,-2.017983,-0.719999,0.589210,1.146484,1.571051
4969,-3.000000,-2.012691,-0.719999,0.592385,1.140625,1.574861
4970,-3.000000,-2.007390,-0.719999,0.595566,1.216797,1.578678
4971,-3.000000,-2.002076,-0.719999,0.598755,1.128906,1.582505
4972,-3.000000,-1.996750,-0.719999,0.601950,1.174805,1.586339
4973,-3.000000,-1.991414,-0.719999,0.605151,1.130859,1.590181
4974,-3.000000,-1.986066,-0.719999,0.608361,1.202148,1.594032
4975,-3.000000,-1.980708,-0.719999,0.611575,1.135742,1.597890
4976,-3.000000,-1.975337,-0.719999,0.614798,1.077148,1.601757
4977,-3.000000,-1.969954,-0.719999,0.618027,1.199219,1.605632
4978,-3.000000,-1.964563,-0.719999,0.621262,1.220703,1.609514
4979,-3.000000,-1.959158,-0.719999,0.624505,1.183594,1.613405
4980,-3.000000,-1.953745,-0.719999,0.627753,1.099609,1.617303
4981,-3.000000,-1.948318,-0.719999,0.631009,1.144531,1.621210
4982,-3.000000,-1.942880,-0.719999,0.634272,1.185547,1.625126
4983,-3.000000,-1.937433,-0.719999,0.637540,1.193359,1.629047
4984,-3.000000,-1.931973,-0.719999,0.640816,1.201172,1.632978
4985,-3.000000,-1.926505,-0.719999,0.644097,1.213867,1.636916
4986,-3.000000,-1.921023,-0.719999,0.647386,1.089844,1.640863
4987,-3.000000,-1.915530,-0.719999,0.650682,1.188477,1.644817
4988,-3.000000,-1.910029,-0.719999,0.653983,1.168945,1.648778
4989,-3.000000,-1.904515,-0.719999,0.657291,1.186523,1.652749
4990,-3.000000,-1.898989,-0.719999,0.660606,1.177734,1.656727
4991,-3.066406,-1.893456,-0.609999,0.703770,1.171875,1.576523
4992,-3.066406,-1.887909,-0.609999,0.707098,1.152344,1.580516
4993,-3.066406,-1.882354,-0.609999,0.710431,1.171875,1.584516
4994,-3.066406,-1.876786,-0.609999,0.713772,1.249023,1.588525
4995,-3.066406,-1.871207,-0.609999,0.717119,1.165039,1.592542
4996,-3.066406,-1.865620,-0.609999,0.720472,1.207031,1.596564
4997,-3.066406,-1.860020,-0.609999,0.723832,1.198242,1.600596
4998,-3.066406,-1.854412,-0.609999,0.727196,1.168945,1.604634
4999,-3.066406,-1.848791,-0.609999,0.730569,1.237305,1.608681
5000,-3.066406,-1.843160,-0.609999,0.733948,1.176758,1.612736
5001,-3.066406,-1.837520,-0.609999,0.737332,1.191406,1.616796
5002,-3.066406,-1.831868,-0.609999,0.740723,1.162109,1.620866
5003,-3.066406,-1.826208,-0.609999,0.744119,1.113281,1.624941
5004,-3.066406,-1.820535,-0.609999,0.747523,1.068359,1.629026
5005,-3.066406,-1.814851,-0.609999,0.750933,1.134766,1.633118
5006,-3.066406,-1.809160,-0.609999,0.754348,1.194336,1.637216
5007,-3.066406,-1.803456,-0.609999,0.757770,1.126953,1.641323
5008,-3.066406,-1.797744,-0.609999,0.761197,1.122070,1.645435
5009,-3.066406,-1.792020,-0.609999,0.764632,1.162109,1.649557
5010,-3.066406,-1.786286,-0.609999,0.768072,1.183594,1.653685
5011,-3.066406,-1.780543,-0.609999,0.771518,1.149414,1.657820
5012,-3.066406,-1.774789,-0.609999,0.774971,1.136719,1.661963
5013,-3.066406,-1.769024,-0.609999,0.778430,1.163086,1.666114
5014,-3.066406,-1.763251,-0.609999,0.781893,1.108398,1.670270
5015,-3.066406,-1.757467,-0.609999,0.785364,1.168945,1.674435
5016,-3.128906,-1.751674,-0.499998,0.826339,1.142578,1.591605
5017,-3.128906,-1.745870,-0.499998,0.829822,1.163086,1.595784
5018,-3.128906,-1.740055,-0.499998,0.833311,1.177734,1.599971
5019,-3.128906,-1.734233,-0.499998,0.836804,1.229492,1.604163
5020,-3.128906,-1.728399,-0.499998,0.840305,1.209961,1.608363
5021,-3.128906,-1.722557,-0.499998,0.843810,1.170898,1.612569
5022,-3.128906,-1.716703,-0.499998,0.847322,1.141602,1.616784
5023,-3.128906,-1.710840,-0.499998,0.850840,1.176758,1.621006
5024,-3.128906,-1.704968,-0.499998,0.854363,1.220703,1.625233
5025,-3.128906,-1.699085,-0.499998,0.857893,1.155273,1.629469
5026,-3.128906,-1.693195,-0.499998,0.861427,1.252930,1.633710
5027,-3.128906,-1.687293,-0.499998,0.864968,1.199219,1.637959
5028,-3.128906,-1.681381,-0.499998,0.868515,1.196289,1.642216
5029,-3.128906,-1.675463,-0.499998,0.872066,1.201172,1.646477
5030,-3.128906,-1.669532,-0.499998,0.875625,1.129883,1.650747
5031,-3.128906,-1.663592,-0.499998,0.879189,1.289062,1.655024
5032,-3.128906,-1.657644,-0.499998,0.882757,1.166016,1.659306
5033,-3.128906,-1.651685,-0.499998,0.886333,1.263672,1.663597
5034,-3.128906,-1.645719,-0.499998,0.889912,1.160156,1.667892
5035,-3.128906,-1.639741,-0.499998,0.893499,1.131836,1.672197
5036,-3.128906,-1.633754,-0.499998,0.897091,1.161133,1.676507
5037,-3.128906,-1.627761,-0.499998,0.900687,1.273438,1.680823
5038,-3.128906,-1.621755,-0.499998,0.904291,1.234375,1.685147
5039,-3.128906,-1.615743,-0.499998,0.907898,1.275391,1.689476
5040,-3.128906,-1.609719,-0.499998,0.911512,1.212891,1.693813
5041,-3.128906,-1.603686,-0.499998,0.915132,1.245117,1.698156
5042,-3.167969,-1.597646,-0.369999,0.942194,1.295898,1.574631
5043,-3.167969,-1.591595,-0.369999,0.945824,1.132812,1.578988
5044,-3.167969,-1.585537,-0.369999,0.949459,1.193359,1.583350
5045,-3.167969,-1.579468,-0.369999,0.953101,1.293945,1.587719
5046,-3.167969,-1.573390,-0.369999,0.956747,1.176758,1.592096
5047,-3.167969,-1.567305,-0.369999,0.960398,1.126953,1.596477
5048,-3.167969,-1.561209,-0.369999,0.964056,1.159180,1.600866
5049,-3.167969,-1.555107,-0.369999,0.967717,1.153320,1.605260
5050,-3.167969,-1.548993,-0.369999,0.971385,1.157227,1.609661
5051,-3.167969,-1.542871,-0.369999,0.975059,1.154297,1.614069
5052,-3.167969,-1.536742,-0.369999,0.978736,1.186523,1.618482
5053,-3.167969,-1.530602,-0.369999,0.982420,1.072266,1.622903
5054,-3.167969,-1.524454,-0.369999,0.986109,1.174805,1.627330
5055,-3.167969,-1.518299,-0.369999,0.989802,1.135742,1.631761
5056,-3.167969,-1.512133,-0.369999,0.993501,1.222656,1.636201
5057,-3.167969,-1.505961,-0.369999,0.997205,1.191406,1.640644
5058,-3.167969,-1.499778,-0.369999,1.000914,1.183594,1.645096
5059,-3.167969,-1.493587,-0.369999,1.004629,1.164062,1.649554
5060,-3.167969,-1.487390,-0.369999,1.008348,1.129883,1.654016
5061,-3.167969,-1.481181,-0.369999,1.012073,1.180664,1.658486
5062,-3.167969,-1.474967,-0.369999,1.015801,1.132812,1.662960
5063,-3.167969,-1.468742,-0.369999,1.019536,1.109375,1.667442
5064,-3.167969,-1.462508,-0.369999,1.023276,1.146484,1.671930
5065,-3.167969,-1.456269,-0.369999,1.027020,1.198242,1.676422
5066,-3.167969,-1.450019,-0.369999,1.030770,1.165039,1.680922
5067,-3.199219,-1.443764,-0.249998,1.053273,1.149414,1.563926
5068,-3.199219,-1.437497,-0.249998,1.057033,1.140625,1.568437
5069,-3.199219,-1.431223,-0.249998,1.060798,1.189453,1.572955
5070,-3.199219,-1.424943,-0.249998,1.064566,1.168945,1.577477
5071,-3.199219,-1.418652,-0.249998,1.068340,1.238281,1.582006
5072,-3.199219,-1.412353,-0.249998,1.072119,1.087891,1.586541
5073,-3.199219,-1.406049,-0.249998,1.075902,1.186523,1.591080
5074,-3.199219,-1.399734,-0.249998,1.079691,1.221680,1.595627
5075,-3.199219,-1.393414,-0.249998,1.083483,1.151367,1.600177
5076,-3.199219,-1.387084,-0.249998,1.087281,1.213867,1.604735
5077,-3.199219,-1.380745,-0.249998,1.091084,1.166992,1.609299
5078,-3.199219,-1.374401,-0.249998,1.094890,1.193359,1.613866
5079,-3.199219,-1.368047,-0.249998,1.098703,1.166016,1.618441
5080,-3.199219,-1.361688,-0.249998,1.102518,1.138672,1.623020
5081,-3.199219,-1.355319,-0.249998,1.106340,1.267578,1.627606
5082,-3.199219,-1.348941,-0.249998,1.110167,1.246094,1.632198
5083,-3.199219,-1.342559,-0.249998,1.113996,1.293945,1.636793
5084,-3.199219,-1.336167,-0.249998,1.117831,1.156250,1.641395
5085,-3.199219,-1.329769,-0.249998,1.121670,1.218750,1.646001
5086,-3.199219,-1.323362,-0.249998,1.125514,1.160156,1.650615
5087,-3.199219,-1.316947,-0.249998,1.129363,1.137695,1.655234
5088,-3.199219,-1.310526,-0.249998,1.133215,1.169922,1.659856
5089,-3.199219,-1.304096,-0.249998,1.137073,1.147461,1.664486
5090,-3.199219,-1.297662,-0.249998,1.140934,1.158203,1.669119
5091,-3.199219,-1.291217,-0.249998,1.144801,1.083008,1.673759
5092,-3.199219,-1.284765,-0.249998,1.148672,1.178711,1.678405
5093,-3.218750,-1.278308,-0.129999,1.164265,1.206055,1.553117
5094,-3.218750,-1.271842,-0.129999,1.168145,1.204102,1.557773
5095,-3.218750,-1.265368,-0.129999,1.172029,1.098633,1.562434
5096,-3.218750,-1.258889,-0.129999,1.175916,1.175781,1.567099
5097,-3.218750,-1.252401,-0.129999,1.179809,1.281250,1.571770
5098,-3.218750,-1.245909,-0.129999,1.183705,1.165039,1.576445
5099,-3.218750,-1.239406,-0.129999,1.187606,1.166992,1.581127
5100,-3.218750,-1.232897,-0.129999,1.191512,1.138672,1.585813
5101,-3.218750,-1.226383,-0.129999,1.195420,1.066406,1.590503
5102,-3.218750,-1.219860,-0.129999,1.199334,1.101562,1.595200
5103,-3.218750,-1.213332,-0.129999,1.203251,1.164062,1.599900
5104,-3.218750,-1.206795,-0.129999,1.207173,1.238281,1.604606
5105,-3.218750,-1.200252,-0.129999,1.211099,1.269531,1.609318
5106,-3.218750,-1.193704,-0.129999,1.215028,1.143555,1.614032
5107,-3.218750,-1.187146,-0.129999,1.218962,1.196289,1.618754
5108,-3.218750,-1.180584,-0.129999,1.222899,1.151367,1.623478
5109,-3.218750,-1.174014,-0.129999,1.226842,1.214844,1.628209
5110,-3.218750,-1.167436,-0.129999,1.230788,1.148438,1.632945
5111,-3.218750,-1.160855,-0.129999,1.234737,1.201172,1.637684
5112,-3.218750,-1.154264,-0.129999,1.238692,1.251953,1.642429
5113,-3.218750,-1.147669,-0.129999,1.242649,1.208008,1.647177
5114,-3.218750,-1.141065,-0.129999,1.246611,1.192383,1.651932
5115,-3.218750,-1.134455,-0.129999,1.250577,1.143555,1.656691
5116,-3.218750,-1.127841,-0.129999,1.254545,1.184570,1.661454
5117,-3.218750,-1.121218,-0.129999,1.258519,1.141602,1.666222
5118,-3.218750,-1.114588,-0.129999,1.262497,1.097656,1.670995
5119,-3.226562,-1.107955,-0.009998,1.271164,1.122070,1.537395
5120,-3.226562,-1.101313,-0.009998,1.275150,1.097656,1.542178
5121,-3.226562,-1.094668,-0.009998,1.279137,1.216797,1.546962
5122,-3.226562,-1.088013,-0.009998,1.283130,1.092773,1.551754
5123,-3.226562,-1.081352,-0.009998,1.287126,1.186523,1.556549
5124,-3.226562,-1.074688,-0.009998,1.291124,1.218750,1.561347
5125,-3.226562,-1.068015,-0.009998,1.295128,1.190430,1.566152
5126,-3.226562,-1.061339,-0.009998,1.299134,1.132812,1.570959
5127,-3.226562,-1.054654,-0.009998,1.303145,1.171875,1.575772
5128,-3.226562,-1.047963,-0.009998,1.307160,1.191406,1.580590
5129,-3.226562,-1.041269,-0.009998,1.311176,1.151367,1.585409
5130,-3.226562,-1.034566,-0.009998,1.315198,1.116211,1.590235
5131,-3.226562,-1.027860,-0.009998,1.319221,1.094727,1.595064
5132,-3.226562,-1.021146,-0.009998,1.323250,1.161133,1.599898
5133,-3.226562,-1.014426,-0.009998,1.327282,1.118164,1.604737
5134,-3.226562,-1.007702,-0.009998,1.331316,1.194336,1.609577
5135,-3.226562,-1.000970,-0.009998,1.335355,1.176758,1.614424
5136,-3.226562,-0.994233,-0.009998,1.339398,1.170898,1.619275
5137,-3.226562,-0.987493,-0.009998,1.343442,1.241211,1.624128
5138,-3.226562,-0.980744,-0.009998,1.347491,1.150391,1.628987
5139,-3.226562,-0.973993,-0.009998,1.351542,1.179688,1.633848
5140,-3.226562,-0.967233,-0.009998,1.355598,1.203125,1.638716
5141,-3.226562,-0.960468,-0.009998,1.359657,1.165039,1.643587
5142,-3.226562,-0.953700,-0.009998,1.363718,1.142578,1.648459
5143,-3.226562,-0.946924,-0.009998,1.367783,1.125977,1.653338
5144,-3.226562,-0.940145,0.099998,1.371851,1.132812,1.526223
5145,-3.226562,-0.933358,0.099998,1.375923,1.166992,1.531109
5146,-3.226562,-0.926566,0.099998,1.379998,1.233398,1.535999
5147,-3.226562,-0.919771,0.099998,1.384075,1.160156,1.540892
5148,-3.226562,-0.912969,0.099998,1.388156,1.196289,1.545789
5149,-3.226562,-0.906164,0.099998,1.392239,1.101562,1.550689
5150,-3.226562,-0.899351,0.099998,1.396327,1.207031,1.555594
5151,-3.226562,-0.892533,0.099998,1.400418,1.137695,1.560503
5152,-3.226562,-0.885713,0.099998,1.404510,1.202148,1.565414
5153,-3.226562,-0.878885,0.099998,1.408607,1.100586,1.570330
5154,-3.226562,-0.872055,0.099998,1.412705,1.187500,1.575248
5155,-3.226562,-0.865216,0.099998,1.416808,1.112305,1.580171
5156,-3.226562,-0.858374,0.099998,1.420913,1.108398,1.585098
5157,-3.226562,-0.851529,0.099998,1.425020,1.177734,1.590026
5158,-3.226562,-0.844676,0.099998,1.429132,1.243164,1.594960
5159,-3.226562,-0.837819,0.099998,1.433246,1.097656,1.599897
5160,-3.226562,-0.830959,0.099998,1.437362,1.169922,1.604836
5161,-3.226562,-0.824093,0.099998,1.441482,1.112305,1.609780
5162,-3.226562,-0.817224,0.099998,1.445603,1.085938,1.614726
5163,-3.226562,-0.810348,0.099998,1.449729,1.149414,1.619676
5164,-3.226562,-0.803467,0.099998,1.453857,1.146484,1.624631
5165,-3.226562,-0.796585,0.099998,1.457987,1.132812,1.629586
5166,-3.226562,-0.789695,0.099998,1.462121,1.224609,1.634547
5167,-3.226562,-0.782803,0.099998,1.466256,1.060547,1.639509
5168,-3.226562,-0.775905,0.099998,1.470395,1.163086,1.644476
5169,-3.226562,-0.769002,0.099998,1.474537,1.148438,1.649446
5170,-3.207031,-0.762097,0.219999,1.466961,1.157227,1.496354
5171,-3.207031,-0.755185,0.219999,1.471108,1.189453,1.501330
5172,-3.207031,-0.748272,0.219999,1.475256,1.089844,1.506308
5173,-3.207031,-0.741351,0.219999,1.479408,1.124023,1.511290
5174,-3.207031,-0.734427,0.219999,1.483563,1.034180,1.516276
5175,-3.207031,-0.727501,0.219999,1.487718,1.167969,1.521263
5176,-3.207031,-0.720568,0.219999,1.491878,1.153320,1.526254
5177,-3.207031,-0.713631,0.219999,1.496040,1.156250,1.531249
5178,-3.207031,-0.706693,0.219999,1.500203,1.143555,1.536244
5179,-3.207031,-0.699748,0.219999,1.504370,1.084961,1.541245
5180,-3.207031,-0.692802,0.219999,1.508538,1.141602,1.546246
5181,-3.207031,-0.685849,0.219999,1.512709,1.183594,1.551252
5182,-3.207031,-0.678893,0.219999,1.516883,1.138672,1.556261
5183,-3.207031,-0.671935,0.219999,1.521058,1.120117,1.561270
5184,-3.207031,-0.664971,0.219999,1.525237,1.098633,1.566285
5185,-3.207031,-0.658005,0.219999,1.529416,1.240234,1.571300
5186,-3.207031,-0.651033,0.219999,1.533599,1.155273,1.576319
5187,-3.207031,-0.644058,0.219999,1.537784,1.119141,1.581342
5188,-3.207031,-0.637081,0.219999,1.541970,1.108398,1.586365
5189,-3.207031,-0.630099,0.219999,1.546160,1.093750,1.591392
5190,-3.207031,-0.623115,0.219999,1.550350,1.147461,1.596421
5191,-3.207031,-0.616125,0.219999,1.554544,1.147461,1.601453
5192,-3.207031,-0.609132,0.219999,1.558740,1.134766,1.606489
5193,-3.207031,-0.602137,0.219999,1.562936,1.143555,1.611524
5194,-3.207031,-0.595137,0.219999,1.567137,1.014648,1.616565
5195,-3.179688,-0.588136,0.349998,1.554931,1.071289,1.445919
5196,-3.179688,-0.581129,0.349998,1.559135,1.082031,1.450964
5197,-3.179688,-0.574119,0.349998,1.563341,1.169922,1.456011
5198,-3.179688,-0.567108,0.349998,1.567548,1.176758,1.461059
5199,-3.179688,-0.560091,0.349998,1.571758,1.128906,1.466111
5200,-3.179688,-0.553071,0.349998,1.575970,1.172852,1.471166
5201,-3.179688,-0.546051,0.349998,1.580182,1.146484,1.476220
5202,-3.179688,-0.539025,0.349998,1.584398,1.088867,1.481279
5203,-3.179688,-0.531999,0.349998,1.588613,1.135742,1.486338
5204,-3.179688,-0.524966,0.349998,1.592833,1.133789,1.491401
5205,-3.179688,-0.517931,0.349998,1.597054,1.123047,1.496467
5206,-3.179688,-0.510896,0.349998,1.601275,0.983398,1.501532
5207,-3.179688,-0.503855,0.349998,1.605500,1.044922,1.506602
5208,-3.179688,-0.496814,0.349998,1.609724,1.030273,1.511671
5209,-3.179688,-0.489767,0.349998,1.613952,1.065430,1.516745
5210,-3.179688,-0.482717,0.349998,1.618182,1.171875,1.521820
5211,-3.179688,-0.475668,0.349998,1.622412,1.153320,1.526896
5212,-3.179688,-0.468613,0.349998,1.626645,1.081055,1.531976
5213,-3.179688,-0.461558,0.349998,1.630878,1.121094,1.537055
5214,-3.179688,-0.454498,0.349998,1.635114,1.111328,1.542138
5215,-3.179688,-0.447435,0.349998,1.639351,1.040039,1.547224
5216,-3.179688,-0.440373,0.349998,1.643589,1.073242,1.552309
5217,-3.179688,-0.433305,0.349998,1.647830,1.114258,1.557397
5218,-3.179688,-0.426237,0.349998,1.652070,1.084961,1.562486
5219,-3.179688,-0.419165,0.349998,1.656314,1.161133,1.567578
5220,-3.179688,-0.412090,0.349998,1.660559,1.119141,1.572672
5221,-3.136719,-0.405015,0.469999,1.639022,1.225586,1.402828
5222,-3.136719,-0.397935,0.469999,1.643270,1.145508,1.407925
5223,-3.136719,-0.390853,0.469999,1.647519,1.111328,1.413024
5224,-3.136719,-0.383772,0.469999,1.651768,1.077148,1.418123
5225,-3.136719,-0.376686,0.469999,1.656020,1.014648,1.423225
5226,-3.136719,-0.369600,0.469999,1.660271,1.138672,1.428326
5227,-3.136719,-0.362509,0.469999,1.664526,1.092773,1.433432
5228,-3.136719,-0.355417,0.469999,1.668781,1.086914,1.438538
5229,-3.136719,-0.348325,0.469999,1.673036,1.128906,1.443645
5230,-3.136719,-0.341228,0.469999,1.677294,1.052734,1.448754
5231,-3.136719,-0.334133,0.469999,1.681552,1.044922,1.453863
5232,-3.136719,-0.327032,0.469999,1.685812,1.095703,1.458975
5233,-3.136719,-0.319930,0.469999,1.690073,1.049805,1.464089
5234,-3.136719,-0.312829,0.469999,1.694334,1.122070,1.469202
5235,-3.136719,-0.305723,0.469999,1.698598,1.103516,1.474318
5236,-3.136719,-0.298618,0.469999,1.702861,1.000977,1.479434
5237,-3.136719,-0.291508,0.469999,1.707126,1.083984,1.484552
5238,-3.136719,-0.284398,0.469999,1.711393,1.046875,1.489672
5239,-3.136719,-0.277288,0.469999,1.715659,1.031250,1.494791
5240,-3.136719,-0.270174,0.469999,1.719927,1.049805,1.499913
5241,-3.136719,-0.263058,0.469999,1.724197,1.146484,1.505037
5242,-3.136719,-0.255944,0.469999,1.728465,0.997070,1.510159
5243,-3.136719,-0.248825,0.469999,1.732736,1.028320,1.515285
5244,-3.136719,-0.241708,0.469999,1.737007,1.070312,1.520409
5245,-3.136719,-0.234586,0.469999,1.741280,1.108398,1.525536
5246,-3.136719,-0.227464,0.469999,1.745553,1.122070,1.530665
5247,-3.078125,-0.220342,0.589998,1.714670,1.079102,1.349606
5248,-3.078125,-0.213217,0.589998,1.718945,1.045898,1.354736
5249,-3.078125,-0.206093,0.589998,1.723219,1.070312,1.359865
5250,-3.078125,-0.198966,0.589998,1.727496,1.029297,1.364997
5251,-3.078125,-0.191837,0.589998,1.731773,1.030273,1.370130
5252,-3.078125,-0.184710,0.589998,1.736049,0.968750,1.375261
5253,-3.078125,-0.177579,0.589998,1.740328,0.965820,1.380395
5254,-3.078125,-0.170450,0.589998,1.744605,1.083984,1.385528
5255,-3.078125,-0.163317,0.589998,1.748885,1.078125,1.390664
5256,-3.078125,-0.156183,0.589998,1.753165,1.047852,1.395800
5257,-3.078125,-0.149051,0.589998,1.757444,1.051758,1.400935
5258,-3.078125,-0.141916,0.589998,1.761726,0.975586,1.406073
5259,-3.078125,-0.134782,0.589998,1.766006,1.073242,1.411209
5260,-3.078125,-0.127645,0.589998,1.770288,1.038086,1.416348
5261,-3.078125,-0.120507,0.589998,1.774571,1.080078,1.421487
5262,-3.078125,-0.113371,0.589998,1.778852,1.023438,1.426625
5263,-3.078125,-0.106232,0.589998,1.783136,1.051758,1.431765
5264,-3.078125,-0.099092,0.589998,1.787420,1.085938,1.436906
5265,-3.078125,-0.091955,0.589998,1.791702,0.981445,1.442045
5266,-3.078125,-0.084814,0.589998,1.795987,1.054688,1.447186
5267,-3.078125,-0.077676,0.589998,1.800270,0.985352,1.452326
5268,-3.078125,-0.070534,0.589998,1.804555,1.068359,1.457468
5269,-3.078125,-0.063392,0.589998,1.808840,0.932617,1.462610
5270,-3.078125,-0.056252,0.589998,1.813124,1.028320,1.467751
5271,-3.078125,-0.049109,0.589998,1.817410,0.981445,1.472894
5272,-3.007812,-0.041969,0.709999,1.779506,0.973633,1.283409
5273,-3.007812,-0.034825,0.709999,1.783792,1.042969,1.288552
5274,-3.007812,-0.027682,0.709999,1.788078,1.047852,1.293695
5275,-3.007812,-0.020541,0.709999,1.792363,1.094727,1.298837
5276,-3.007812,-0.013397,0.709999,1.796649,0.986328,1.303980
5277,-3.007812,-0.006256,0.709999,1.800934,0.997070,1.309122
5278,-3.007812,0.000888,0.709999,1.805220,0.893555,1.314265
5279,-3.007812,0.008032,0.709999,1.809507,0.919922,1.319409
5280,-3.007812,0.015173,0.709999,1.813791,1.093750,1.324551
5281,-3.007812,0.022317,0.709999,1.818078,1.018555,1.329694
5282,-3.007812,0.029461,0.709999,1.822364,1.021484,1.334838
5283,-3.007812,0.036601,0.709999,1.826648,0.976562,1.339979
5284,-3.007812,0.043745,0.709999,1.830934,1.016602,1.345122
5285,-3.007812,0.050885,0.709999,1.835218,0.918945,1.350263
5286,-3.007812,0.058028,0.709999,1.839504,0.991211,1.355406
5287,-3.007812,0.065170,0.709999,1.843790,0.972656,1.360549
5288,-3.007812,0.072309,0.709999,1.848073,1.033203,1.365689
5289,-3.007812,0.079451,0.709999,1.852358,0.995117,1.370831
5290,-3.007812,0.086589,0.709999,1.856641,0.880859,1.375971
5291,-3.007812,0.093730,0.709999,1.860926,0.935547,1.381112
5292,-3.007812,0.100870,0.709999,1.865210,0.952148,1.386253
5293,-3.007812,0.108007,0.709999,1.869492,0.963867,1.391391
5294,-3.007812,0.115146,0.709999,1.873775,0.960938,1.396531
5295,-3.007812,0.122282,0.709999,1.878057,0.901367,1.401669
5296,-3.007812,0.129419,0.709999,1.882339,1.022461,1.406808
5297,-3.007812,0.136556,0.709999,1.886621,0.973633,1.411947
5298,-2.937500,0.143690,0.829998,1.848714,0.996094,1.222459
5299,-2.937500,0.150825,0.829998,1.852995,0.970703,1.227597
5300,-2.937500,0.157957,0.829998,1.857274,0.977539,1.232731
5301,-2.937500,0.165090,0.829998,1.861554,0.959961,1.237867
5302,-2.937500,0.172223,0.829998,1.865834,0.966797,1.243003
5303,-2.937500,0.179352,0.829998,1.870111,0.899414,1.248136
5304,-2.937500,0.186482,0.829998,1.874390,0.958008,1.253270
5305,-2.937500,0.193612,0.829998,1.878667,1.025391,1.258403
5306,-2.937500,0.200738,0.829998,1.882943,0.923828,1.263534
5307,-2.937500,0.207865,0.829998,1.887219,1.031250,1.268665
5308,-2.937500,0.214988,0.829998,1.891493,0.935547,1.273794
5309,-2.937500,0.222113,0.829998,1.895768,0.979492,1.278924
5310,-2.937500,0.229237,0.829998,1.900042,0.909180,1.284053
5311,-2.937500,0.236357,0.829998,1.904314,1.043945,1.289179
5312,-2.937500,0.243478,0.829998,1.908587,0.963867,1.294307
5313,-2.937500,0.250595,0.829998,1.912857,1.058594,1.299431
5314,-2.937500,0.257713,0.829998,1.917128,0.949219,1.304556
5315,-2.937500,0.264830,0.829998,1.921398,0.908203,1.309680
5316,-2.937500,0.271942,0.829998,1.925665,0.996094,1.314801
5317,-2.937500,0.279056,0.829998,1.929934,0.915039,1.319923
5318,-2.937500,0.286165,0.829998,1.934199,0.921875,1.325042
5319,-2.937500,0.293276,0.829998,1.938466,0.929688,1.330161
5320,-2.937500,0.300385,0.829998,1.942731,0.913086,1.335280
5321,-2.937500,0.307489,0.829998,1.946994,0.949219,1.340395
5322,-2.937500,0.314595,0.829998,1.951257,0.934570,1.345511
5323,-2.839844,0.321696,0.939999,1.896924,0.907227,1.148310
5324,-2.839844,0.328797,0.939999,1.901185,0.880859,1.153423
5325,-2.839844,0.335897,0.939999,1.905445,0.912109,1.158535
5326,-2.839844,0.342993,0.939999,1.909702,0.937500,1.163644
5327,-2.839844,0.350089,0.939999,1.913960,0.981445,1.168753
5328,-2.839844,0.357183,0.939999,1.918216,0.976562,1.173861
5329,-2.839844,0.364272,0.939999,1.922470,0.948242,1.178965
5330,-2.839844,0.371362,0.939999,1.926724,0.865234,1.184070
5331,-2.839844,0.378448,0.939999,1.930975,0.894531,1.189172
5332,-2.839844,0.385533,0.939999,1.935226,0.865234,1.194273
5333,-2.839844,0.392617,0.939999,1.939476,0.894531,1.199373
5334,-2.839844,0.399696,0.939999,1.943724,0.822266,1.204470
5335,-2.839844,0.406775,0.939999,1.947971,0.841797,1.209567
5336,-2.839844,0.413849,0.939999,1.952216,0.871094,1.214660
5337,-2.839844,0.420923,0.939999,1.956460,0.882812,1.219754
5338,-2.839844,0.427995,0.939999,1.960703,0.954102,1.224846
5339,-2.839844,0.435062,0.939999,1.964944,0.902344,1.229934
5340,-2.839844,0.442129,0.939999,1.969184,0.920898,1.235022
5341,-2.839844,0.449191,0.939999,1.973421,0.885742,1.240107
5342,-2.839844,0.456253,0.939999,1.977658,0.812500,1.245192
5343,-2.839844,0.463313,0.939999,1.981894,0.899414,1.250275
5344,-2.839844,0.470367,0.939999,1.986127,0.865234,1.255354
5345,-2.839844,0.477421,0.939999,1.990359,0.860352,1.260433
5346,-2.839844,0.484473,0.939999,1.994590,0.883789,1.265510
5347,-2.839844,0.491519,0.939999,1.998818,0.883789,1.270583
5348,-2.839844,0.498565,0.939999,2.003045,0.875977,1.275656
5349,-2.738281,0.505605,1.039999,1.946332,0.811523,1.087600
5350,-2.738281,0.512646,1.039999,1.950556,0.934570,1.092669
5351,-2.738281,0.519683,1.039999,1.954779,0.853516,1.097736
5352,-2.738281,0.526715,1.039999,1.958998,0.848633,1.102798
5353,-2.738281,0.533746,1.039999,1.963217,0.840820,1.107861
5354,-2.738281,0.540772,1.039999,1.967432,0.817383,1.112920
5355,-2.738281,0.547797,1.039999,1.971647,0.987305,1.117978
5356,-2.738281,0.554820,1.039999,1.975861,0.822266,1.123034
5357,-2.738281,0.561836,1.039999,1.980070,0.864258,1.128086
5358,-2.738281,0.568852,1.039999,1.984280,0.850586,1.133137
5359,-2.738281,0.575862,1.039999,1.988486,0.860352,1.138184
5360,-2.738281,0.582871,1.039999,1.992692,0.848633,1.143231
5361,-2.738281,0.589878,1.039999,1.996895,0.851562,1.148276
5362,-2.738281,0.596878,1.039999,2.001095,0.864258,1.153316
5363,-2.738281,0.603877,1.039999,2.005295,0.883789,1.158355
5364,-2.738281,0.610870,1.039999,2.009491,0.772461,1.163390
5365,-2.738281,0.617863,1.039999,2.013687,0.866211,1.168425
5366,-2.738281,0.624852,1.039999,2.017880,0.802734,1.173457
5367,-2.738281,0.631835,1.039999,2.022070,0.755859,1.178485
5368,-2.738281,0.638817,1.039999,2.026259,0.880859,1.183512
5369,-2.738281,0.645795,1.039999,2.030446,0.708008,1.188536
5370,-2.738281,0.652767,1.039999,2.034629,0.807617,1.193556
5371,-2.738281,0.659738,1.039999,2.038811,0.862305,1.198575
5372,-2.738281,0.666702,1.039999,2.042990,0.852539,1.203589
5373,-2.738281,0.673666,1.039999,2.047168,0.740234,1.208603
5374,-2.738281,0.680625,1.039999,2.051344,0.841797,1.213614
5375,-2.628906,0.687578,1.149998,1.989891,0.839844,1.007872
5376,-2.628906,0.694530,1.149998,1.994062,0.788086,1.012877
5377,-2.628906,0.701475,1.149998,1.998229,0.866211,1.017877
5378,-2.628906,0.708419,1.149998,2.002395,0.814453,1.022877
5379,-2.628906,0.715359,1.149998,2.006559,0.833008,1.027874
5380,-2.628906,0.722292,1.149998,2.010719,0.838867,1.032866
5381,-2.628906,0.729224,1.149998,2.014878,0.858398,1.037856
5382,-2.628906,0.736149,1.149998,2.019033,0.764648,1.042843
5383,-2.628906,0.743072,1.149998,2.023187,0.793945,1.047827
5384,-2.628906,0.749991,1.149998,2.027339,0.669922,1.052809
5385,-2.628906,0.756904,1.149998,2.031486,0.831055,1.057786
5386,-2.628906,0.763814,1.149998,2.035633,0.863281,1.062762
5387,-2.628906,0.770721,1.149998,2.039776,0.860352,1.067734
5388,-2.628906,0.777620,1.149998,2.043916,0.846680,1.072702
5389,-2.628906,0.784518,1.149998,2.048054,0.848633,1.077668
5390,-2.628906,0.791408,1.149998,2.052189,0.781250,1.082629
5391,-2.628906,0.798297,1.149998,2.056322,0.791016,1.087589
5392,-2.628906,0.805181,1.149998,2.060452,0.829102,1.092546
5393,-2.628906,0.812058,1.149998,2.064578,0.836914,1.097497
5394,-2.628906,0.818933,1.149998,2.068703,0.704102,1.102447
5395,-2.628906,0.825800,1.149998,2.072824,0.683594,1.107392
5396,-2.628906,0.832666,1.149998,2.076943,0.810547,1.112335
5397,-2.628906,0.839527,1.149998,2.081060,0.750000,1.117275
5398,-2.628906,0.846380,1.149998,2.085172,0.808594,1.122209
5399,-2.628906,0.853231,1.149998,2.089283,0.752930,1.127142
5400,-2.507812,0.860075,1.239998,2.020733,0.633789,0.936882
5401,-2.507812,0.866917,1.239998,2.024838,0.792969,0.941808
5402,-2.507812,0.873754,1.239998,2.028940,0.703125,0.946730
5403,-2.507812,0.880583,1.239998,2.033037,0.804688,0.951647
5404,-2.507812,0.887409,1.239998,2.037133,0.786133,0.956562
5405,-2.507812,0.894228,1.239998,2.041225,0.662109,0.961472
5406,-2.507812,0.901045,1.239998,2.045315,0.772461,0.966380
5407,-2.507812,0.907857,1.239998,2.049402,0.643555,0.971284
5408,-2.507812,0.914660,1.239998,2.053484,0.732422,0.976183
5409,-2.507812,0.921462,1.239998,2.057564,0.802734,0.981080
5410,-2.507812,0.928258,1.239998,2.061642,0.760742,0.985973
5411,-2.507812,0.935046,1.239998,2.065715,0.746094,0.990861
5412,-2.507812,0.941831,1.239998,2.069786,0.749023,0.995746
5413,-2.507812,0.948609,1.239998,2.073853,0.765625,1.000626
5414,-2.507812,0.955383,1.239998,2.077918,0.746094,1.005504
5415,-2.507812,0.962153,1.239998,2.081979,0.645508,1.010377
5416,-2.507812,0.968914,1.239998,2.086036,0.663086,1.015246
5417,-2.507812,0.975672,1.239998,2.090091,0.689453,1.020112
5418,-2.507812,0.982422,1.239998,2.094141,0.744141,1.024972
5419,-2.507812,0.989170,1.239998,2.098189,0.775391,1.029830
5420,-2.507812,0.995911,1.239998,2.102234,0.757812,1.034684
5421,-2.507812,1.002645,1.239998,2.106274,0.735352,1.039532
5422,-2.507812,1.009375,1.239998,2.110312,0.658203,1.044378
5423,-2.507812,1.016097,1.239998,2.114346,0.677734,1.049217
5424,-2.507812,1.022815,1.239998,2.118377,0.758789,1.054055
5425,-2.507812,1.029529,1.239998,2.122405,0.705078,1.058888
5426,-2.378906,1.036233,1.339998,2.049084,0.813477,0.850903
5427,-2.378906,1.042934,1.339998,2.053104,0.639648,0.855727
5428,-2.378906,1.049627,1.339998,2.057120,0.665039,0.860547
5429,-2.378906,1.056317,1.339998,2.061134,0.681641,0.865363
5430,-2.378906,1.063000,1.339998,2.065144,0.700195,0.870175
5431,-2.378906,1.069675,1.339998,2.069149,0.642578,0.874981
5432,-2.378906,1.076346,1.339998,2.073152,0.715820,0.879784
5433,-2.378906,1.083012,1.339998,2.077151,0.676758,0.884583
5434,-2.378906,1.089668,1.339998,2.081145,0.754883,0.889376
5435,-2.378906,1.096321,1.339998,2.085136,0.717773,0.894166
5436,-2.378906,1.102965,1.339998,2.089123,0.554688,0.898949
5437,-2.378906,1.109606,1.339998,2.093107,0.649414,0.903731
5438,-2.378906,1.116240,1.339998,2.097088,0.718750,0.908507
5439,-2.378906,1.122865,1.339998,2.101063,0.742188,0.913277
5440,-2.378906,1.129486,1.339998,2.105036,0.661133,0.918045
5441,-2.378906,1.136099,1.339998,2.109003,0.595703,0.922806
5442,-2.378906,1.142708,1.339998,2.112968,0.730469,0.927564
5443,-2.378906,1.149310,1.339998,2.116930,0.650391,0.932318
5444,-2.378906,1.155903,1.339998,2.120886,0.714844,0.937065
5445,-2.378906,1.162492,1.339998,2.124839,0.645508,0.941809
5446,-2.378906,1.169072,1.339998,2.128787,0.593750,0.946546
5447,-2.378906,1.175648,1.339998,2.132732,0.679688,0.951281
5448,-2.378906,1.182217,1.339998,2.136674,0.623047,0.956011
5449,-2.378906,1.188777,1.339998,2.140610,0.680664,0.960734
5450,-2.378906,1.195333,1.339998,2.144543,0.704102,0.965454
5451,-2.238281,1.201882,1.419998,2.064098,0.596680,0.772920
5452,-2.238281,1.208421,1.419998,2.068022,0.673828,0.777628
5453,-2.238281,1.214957,1.419998,2.071943,0.609375,0.782334
5454,-2.238281,1.221482,1.419998,2.075858,0.653320,0.787032
5455,-2.238281,1.228004,1.419998,2.079771,0.726562,0.791728
5456,-2.238281,1.234518,1.419998,2.083680,0.611328,0.796418
5457,-2.238281,1.241023,1.419998,2.087583,0.607422,0.801102
5458,-2.238281,1.247524,1.419998,2.091483,0.571289,0.805782
5459,-2.238281,1.254015,1.419998,2.095378,0.619141,0.810455
5460,-2.238281,1.260501,1.419998,2.099270,0.620117,0.815126
5461,-2.238281,1.266980,1.419998,2.103157,0.577148,0.819791
5462,-2.238281,1.273450,1.419998,2.107039,0.546875,0.824449
5463,-2.238281,1.279915,1.419998,2.110918,0.589844,0.829103
5464,-2.238281,1.286369,1.419998,2.114790,0.653320,0.833751
5465,-2.238281,1.292820,1.419998,2.118661,0.650391,0.838395
5466,-2.238281,1.299263,1.419998,2.122526,0.550781,0.843034
5467,-2.238281,1.305696,1.419998,2.126386,0.518555,0.847666
5468,-2.238281,1.312124,1.419998,2.130243,0.664062,0.852294
5469,-2.238281,1.318542,1.419998,2.134094,0.654297,0.856915
5470,-2.238281,1.324955,1.419998,2.137942,0.600586,0.861532
5471,-2.238281,1.331361,1.419998,2.141785,0.597656,0.866145
5472,-2.238281,1.337756,1.419998,2.145623,0.583984,0.870750
5473,-2.238281,1.344147,1.419998,2.149457,0.614258,0.875351
5474,-2.238281,1.350530,1.419998,2.153287,0.696289,0.879946
5475,-2.238281,1.356903,1.419998,2.157110,0.648438,0.884535
5476,-2.238281,1.363270,1.419998,2.160931,0.561523,0.889120
5477,-2.097656,1.369628,1.509998,2.080370,0.541992,0.684447
5478,-2.097656,1.375980,1.509998,2.084182,0.583984,0.689020
5479,-2.097656,1.382324,1.509998,2.087988,0.566406,0.693588
5480,-2.097656,1.388658,1.509998,2.091789,0.579102,0.698149
5481,-2.097656,1.394987,1.509998,2.095586,0.541992,0.702705
5482,-2.097656,1.401305,1.509998,2.099377,0.549805,0.707254
5483,-2.097656,1.407618,1.509998,2.103164,0.548828,0.711799
5484,-2.097656,1.413922,1.509998,2.106947,0.595703,0.716339
5485,-2.097656,1.420217,1.509998,2.110724,0.486328,0.720870
5486,-2.097656,1.426505,1.509998,2.114497,0.557617,0.725398
5487,-2.097656,1.432783,1.509998,2.118264,0.552734,0.729919
5488,-2.097656,1.439056,1.509998,2.122027,0.606445,0.734435
5489,-2.097656,1.445320,1.509998,2.125786,0.580078,0.738945
5490,-2.097656,1.451574,1.509998,2.129538,0.448242,0.743448
5491,-2.097656,1.457822,1.509998,2.133287,0.575195,0.747946
5492,-2.097656,1.464061,1.509998,2.137031,0.442383,0.752439
5493,-2.097656,1.470290,1.509998,2.140768,0.541992,0.756924
5494,-2.097656,1.476513,1.509998,2.144502,0.569336,0.761404
5495,-2.097656,1.482725,1.509998,2.148229,0.491211,0.765877
5496,-2.097656,1.488932,1.509998,2.151953,0.547852,0.770345
5497,-2.097656,1.495129,1.509998,2.155671,0.514648,0.774808
5498,-2.097656,1.501316,1.509998,2.159384,0.531250,0.779262
5499,-2.097656,1.507497,1.509998,2.163092,0.426758,0.783712
5500,-2.097656,1.513667,1.509998,2.166794,0.534180,0.788155
5501,-2.097656,1.519830,1.509998,2.170492,0.481445,0.792592
5502,-2.097656,1.525985,1.509998,2.174185,0.508789,0.797024
5503,-1.937500,1.532129,1.589998,2.081778,0.457031,0.590135
5504,-1.937500,1.538267,1.589998,2.085460,0.542969,0.594555
5505,-1.937500,1.544394,1.589998,2.089136,0.513672,0.598965
5506,-1.937500,1.550514,1.589998,2.092808,0.564453,0.603372
5507,-1.937500,1.556625,1.589998,2.096475,0.534180,0.607772
5508,-1.937500,1.562725,1.589998,2.100135,0.479492,0.612164
5509,-1.937500,1.568819,1.589998,2.103791,0.558594,0.616552
5510,-1.937500,1.574902,1.589998,2.107441,0.464844,0.620931
5511,-1.937500,1.580977,1.589998,2.111087,0.522461,0.625306
5512,-1.937500,1.587044,1.589998,2.114727,0.498047,0.629674
5513,-1.937500,1.593100,1.589998,2.118360,0.479492,0.634034
5514,-1.937500,1.599149,1.589998,2.121989,0.554688,0.638390
5515,-1.937500,1.605189,1.589998,2.125613,0.545898,0.642738
5516,-1.937500,1.611217,1.589998,2.129230,0.533203,0.647078
5517,-1.937500,1.617239,1.589998,2.132843,0.487305,0.651414
5518,-1.937500,1.623249,1.589998,2.136449,0.429688,0.655741
5519,-1.937500,1.629252,1.589998,2.140051,0.490234,0.660064
5520,-1.937500,1.635246,1.589998,2.143648,0.490234,0.664379
5521,-1.937500,1.641228,1.589998,2.147237,0.539062,0.668687
5522,-1.937500,1.647204,1.589998,2.150822,0.492188,0.672989
5523,-1.937500,1.653167,1.589998,2.154401,0.444336,0.677283
5524,-1.937500,1.659124,1.589998,2.157974,0.550781,0.681571
5525,-1.937500,1.665071,1.589998,2.161543,0.474609,0.685854
5526,-1.937500,1.671007,1.589998,2.165104,0.477539,0.690127
5527,-1.937500,1.676935,1.589998,2.168661,0.401367,0.694396
5528,-1.777344,1.682852,1.659998,2.076118,0.428711,0.499344
5529,-1.777344,1.688761,1.659998,2.079663,0.440430,0.503598
5530,-1.777344,1.694661,1.659998,2.083203,0.540039,0.507846
5531,-1.777344,1.700549,1.659998,2.086736,0.431641,0.512085
5532,-1.777344,1.706429,1.659998,2.090264,0.451172,0.516319
5533,-1.777344,1.712298,1.659998,2.093785,0.527344,0.520545
5534,-1.777344,1.718159,1.659998,2.097302,0.424805,0.524765
5535,-1.777344,1.724011,1.659998,2.100813,0.426758,0.528978
5536,-1.777344,1.729850,1.659998,2.104316,0.396484,0.533182
5537,-1.777344,1.735682,1.659998,2.107815,0.480469,0.537381
5538,-1.777344,1.741504,1.659998,2.111309,0.463867,0.541573
5539,-1.777344,1.747313,1.659998,2.114794,0.381836,0.545756
5540,-1.777344,1.753116,1.659998,2.118276,0.347656,0.549933
5541,-1.777344,1.758906,1.659998,2.121750,0.451172,0.554102
5542,-1.777344,1.764688,1.659998,2.125219,0.456055,0.558265
5543,-1.777344,1.770460,1.659998,2.128682,0.371094,0.562421
5544,-1.777344,1.776220,1.659998,2.132138,0.345703,0.566569
5545,-1.777344,1.781972,1.659998,2.135590,0.388672,0.570710
5546,-1.777344,1.787712,1.659998,2.139034,0.376953,0.574843
5547,-1.777344,1.793444,1.659998,2.142473,0.263672,0.578970
5548,-1.777344,1.799166,1.659998,2.145906,0.336914,0.583089
5549,-1.777344,1.804875,1.659998,2.149331,0.293945,0.587200
5550,-1.777344,1.810576,1.659998,2.152752,0.377930,0.591305
5551,-1.777344,1.816265,1.659998,2.156165,0.370117,0.595401
5552,-1.777344,1.821946,1.659998,2.159574,0.357422,0.599491
5553,-1.777344,1.827616,1.659998,2.162976,0.343750,0.603574
5554,-1.609375,1.833274,1.719997,2.065590,0.341797,0.414711
5555,-1.609375,1.838924,1.719997,2.068979,0.308594,0.418778
5556,-1.609375,1.844563,1.719997,2.072363,0.320312,0.422839
5557,-1.609375,1.850190,1.719997,2.075739,0.364258,0.426890
5558,-1.609375,1.855808,1.719997,2.079110,0.226562,0.430935
5559,-1.609375,1.861413,1.719997,2.082473,0.315430,0.434971
5560,-1.609375,1.867011,1.719997,2.085832,0.357422,0.439001
5561,-1.609375,1.872597,1.719997,2.089183,0.354492,0.443023
5562,-1.609375,1.878171,1.719997,2.092528,0.374023,0.447036
5563,-1.609375,1.883736,1.719997,2.095867,0.344727,0.451044
5564,-1.609375,1.889289,1.719997,2.099198,0.420898,0.455041
5565,-1.609375,1.894833,1.719997,2.102525,0.384766,0.459033
5566,-1.609375,1.900366,1.719997,2.105845,0.361328,0.463017
5567,-1.609375,1.905887,1.719997,2.109157,0.362305,0.466992
5568,-1.609375,1.911398,1.719997,2.112464,0.304688,0.470960
5569,-1.609375,1.916897,1.719997,2.115763,0.371094,0.474919
5570,-1.609375,1.922387,1.719997,2.119057,0.395508,0.478872
5571,-1.609375,1.927866,1.719997,2.122344,0.279297,0.482817
5572,-1.609375,1.933332,1.719997,2.125624,0.389648,0.486752
5573,-1.609375,1.938789,1.719997,2.128898,0.470703,0.490681
5574,-1.609375,1.944233,1.719997,2.132165,0.419922,0.494601
5575,-1.609375,1.949668,1.719997,2.135426,0.379883,0.498514
5576,-1.609375,1.955092,1.719997,2.138680,0.294922,0.502419
5577,-1.609375,1.960503,1.719997,2.141927,0.423828,0.506315
5578,-1.609375,1.965905,1.719997,2.145168,0.264648,0.510205
5579,-1.437500,1.971296,1.779997,2.045277,0.344727,0.318337
5580,-1.437500,1.976673,1.779997,2.048504,0.285156,0.322208
5581,-1.437500,1.982041,1.779997,2.051725,0.411133,0.326074
5582,-1.437500,1.987396,1.779997,2.054938,0.339844,0.329929
5583,-1.437500,1.992742,1.779997,2.058145,0.349609,0.333778
5584,-1.437500,1.998077,1.779997,2.061346,0.296875,0.337619
5585,-1.437500,2.003398,1.779997,2.064539,0.252930,0.341451
5586,-1.437500,2.008710,1.779997,2.067726,0.426758,0.345275
5587,-1.437500,2.014008,1.779997,2.070905,0.290039,0.349090
5588,-1.437500,2.019297,1.779997,2.074078,0.287109,0.352898
5589,-1.437500,2.024575,1.779997,2.077245,0.208984,0.356698
5590,-1.437500,2.029839,1.779997,2.080403,0.190430,0.360488
5591,-1.437500,2.035093,1.779997,2.083556,0.276367,0.364271
5592,-1.437500,2.040334,1.779997,2.086701,0.267578,0.368045
5593,-1.437500,2.045566,1.779997,2.089840,0.318359,0.371811
5594,-1.437500,2.050786,1.779997,2.092972,0.302734,0.375570
5595,-1.437500,2.055992,1.779997,2.096095,0.278320,0.379318
5596,-1.437500,2.061189,1.779997,2.099213,0.281250,0.383060
5597,-1.437500,2.066374,1.779997,2.102324,0.307617,0.386793
5598,-1.437500,2.071545,1.779997,2.105427,0.236328,0.390516
5599,-1.437500,2.076706,1.779997,2.108524,0.245117,0.394232
5600,-1.437500,2.081854,1.779997,2.111612,0.207031,0.397939
5601,-1.437500,2.086992,1.779997,2.114695,0.176758,0.401638
5602,-1.437500,2.092118,1.779997,2.117771,0.134766,0.405329
5603,-1.437500,2.097230,1.779997,2.120838,0.168945,0.409010
5604,-1.437500,2.102332,1.779997,2.123899,0.158203,0.412683
5605,-1.250000,2.107421,1.829998,2.014452,0.103516,0.221345
5606,-1.250000,2.112499,1.829998,2.017500,0.110352,0.225002
5607,-1.250000,2.117566,1.829998,2.020540,0.251953,0.228650
5608,-1.250000,2.122618,1.829998,2.023571,0.186523,0.232288
5609,-1.250000,2.127661,1.829998,2.026596,0.164062,0.235918
5610,-1.250000,2.132689,1.829998,2.029613,0.081055,0.239539
5611,-1.250000,2.137707,1.829998,2.032624,0.062500,0.243152
5612,-1.250000,2.142714,1.829998,2.035628,0.287109,0.246756
5613,-1.250000,2.147705,1.829998,2.038623,0.224609,0.250350
5614,-1.250000,2.152687,1.829998,2.041612,0.213867,0.253937
5615,-1.250000,2.157655,1.829998,2.044593,0.206055,0.257514
5616,-1.250000,2.162612,1.829998,2.047567,0.159180,0.261083
5617,-1.250000,2.167557,1.829998,2.050534,0.331055,0.264644
5618,-1.250000,2.172488,1.829998,2.053493,0.194336,0.268194
5619,-1.250000,2.177409,1.829998,2.056445,0.217773,0.271737
5620,-1.250000,2.182317,1.829998,2.059390,0.266602,0.275271
5621,-1.250000,2.187211,1.829998,2.062327,0.208008,0.278794
5622,-1.250000,2.192094,1.829998,2.065257,0.177734,0.282310
5623,-1.250000,2.196963,1.829998,2.068178,0.182617,0.285816
5624,-1.250000,2.201822,1.829998,2.071093,0.247070,0.289314
5625,-1.250000,2.206668,1.829998,2.074001,0.135742,0.292803
5626,-1.250000,2.211499,1.829998,2.076900,0.174805,0.296282
5627,-1.250000,2.216321,1.829998,2.079792,0.191406,0.299753
5628,-1.250000,2.221127,1.829998,2.082676,0.151367,0.303214
5629,-1.250000,2.225923,1.829998,2.085554,0.241211,0.306667
5630,-1.250000,2.230706,1.829998,2.088424,0.114258,0.310111
5631,-1.066406,2.235475,1.879997,1.981129,0.224609,0.121358
5632,-1.066406,2.240232,1.879997,1.983983,0.215820,0.124783
5633,-1.066406,2.244976,1.879997,1.986829,0.225586,0.128198
5634,-1.066406,2.249708,1.879997,1.989669,0.244141,0.131606
5635,-1.066406,2.254428,1.879997,1.992501,0.166016,0.135004
5636,-1.066406,2.259133,1.879997,1.995324,0.216797,0.138392
5637,-1.066406,2.263827,1.879997,1.998140,0.136719,0.141771
5638,-1.066406,2.268507,1.879997,2.000948,0.036133,0.145141
5639,-1.066406,2.273175,1.879997,2.003749,0.132812,0.148502
5640,-1.066406,2.277830,1.879997,2.006542,0.122070,0.151854
5641,-1.066406,2.282471,1.879997,2.009326,0.027344,0.155195
5642,-1.066406,2.287101,1.879997,2.012104,0.221680,0.158528
5643,-1.066406,2.291718,1.879997,2.014874,0.068359,0.161853
5644,-1.066406,2.296319,1.879997,2.017636,0.101562,0.165166
5645,-1.066406,2.300910,1.879997,2.020390,0.011719,0.168471
5646,-1.066406,2.305486,1.879997,2.023135,0.024414,0.171766
5647,-1.066406,2.310050,1.879997,2.025874,0.148438,0.175052
5648,-1.066406,2.314602,1.879997,2.028605,0.125977,0.178329
5649,-1.066406,2.319139,1.879997,2.031327,0.146484,0.181596
5650,-1.066406,2.323664,1.879997,2.034042,0.075195,0.184854
5651,-1.066406,2.328174,1.879997,2.036748,0.159180,0.188101
5652,-1.066406,2.332673,1.879997,2.039447,0.147461,0.191340
5653,-1.066406,2.337158,1.879997,2.042139,0.137695,0.194570
5654,-1.066406,2.341629,1.879997,2.044821,0.087891,0.197789
5655,-1.066406,2.346088,1.879997,2.047497,0.032227,0.200999
5656,-0.878906,2.350532,1.919998,1.937663,0.105469,0.021198
5657,-0.878906,2.354964,1.919998,1.940322,0.000977,0.024389
5658,-0.878906,2.359383,1.919998,1.942974,0.058594,0.027571
5659,-0.878906,2.363787,1.919998,1.945616,0.083008,0.030742
5660,-0.878906,2.368180,1.919998,1.948252,0.057617,0.033904
5661,-0.878906,2.372559,1.919998,1.950879,0.156250,0.037057
5662,-0.878906,2.376922,1.919998,1.953497,0.137695,0.040199
5663,-0.878906,2.381274,1.919998,1.956108,0.041992,0.043332
5664,-0.878906,2.385611,1.919998,1.958710,0.053711,0.046455
5665,-0.878906,2.389936,1.919998,1.961305,0.080078,0.049569
5666,-0.878906,2.394247,1.919998,1.963892,0.007812,0.052673
5667,-0.878906,2.398543,1.919998,1.966470,0.081055,0.055766
5668,-0.878906,2.402828,1.919998,1.969040,0.054688,0.058851
5669,-0.878906,2.407096,1.919998,1.971602,0.020508,0.061924
5670,-0.878906,2.411353,1.919998,1.974156,0.064453,0.064989
5671,-0.878906,2.415596,1.919998,1.976702,0.074219,0.068044
5672,-0.878906,2.419824,1.919998,1.979238,0.080078,0.071088
5673,-0.878906,2.424040,1.919998,1.981768,0.064453,0.074124
5674,-0.878906,2.428241,1.919998,1.984288,0.090820,0.077148
5675,-0.878906,2.432429,1.919998,1.986801,0.050781,0.080164
5676,-0.878906,2.436604,1.919998,1.989306,0.029297,0.083169
5677,-0.878906,2.440763,1.919998,1.991801,-0.031250,0.086164
5678,-0.878906,2.444910,1.919998,1.994290,0.001953,0.089150
5679,-0.878906,2.449041,1.919998,1.996768,-0.065430,0.092124
5680,-0.878906,2.453160,1.919998,1.999240,0.022461,0.095090
5681,-0.878906,2.457265,1.919998,2.001703,0.014648,0.098046
5682,-0.679688,2.461355,1.949997,1.884625,-0.018555,-0.078446
5683,-0.679688,2.465432,1.949997,1.887072,-0.063477,-0.075510
5684,-0.679688,2.469496,1.949997,1.889510,0.060547,-0.072584
5685,-0.679688,2.473543,1.949997,1.891939,0.026367,-0.069670
5686,-0.679688,2.477579,1.949997,1.894360,-0.032227,-0.066765
5687,-0.679688,2.481598,1.949997,1.896772,-0.030273,-0.063870
5688,-0.679688,2.485606,1.949997,1.899176,-0.064453,-0.060985
5689,-0.679688,2.489599,1.949997,1.901572,0.019531,-0.058110
5690,-0.679688,2.493576,1.949997,1.903958,0.067383,-0.055246
5691,-0.679688,2.497541,1.949997,1.906337,-0.014648,-0.052392
5692,-0.679688,2.501490,1.949997,1.908707,-0.007812,-0.049548
5693,-0.679688,2.505427,1.949997,1.911069,0.057617,-0.046714
5694,-0.679688,2.509349,1.949997,1.913422,-0.040039,-0.043890
5695,-0.679688,2.513255,1.949997,1.915766,-0.043945,-0.041077
5696,-0.679688,2.517149,1.949997,1.918102,-0.009766,-0.038274
5697,-0.679688,2.521027,1.949997,1.920429,-0.033203,-0.035482
5698,-0.679688,2.524893,1.949997,1.922748,-0.055664,-0.032699
5699,-0.679688,2.528744,1.949997,1.925059,-0.001953,-0.029926
5700,-0.679688,2.532578,1.949997,1.927360,0.007812,-0.027165
5701,-0.679688,2.536401,1.949997,1.929653,-0.056641,-0.024413
5702,-0.679688,2.540209,1.949997,1.931938,-0.078125,-0.021671
5703,-0.679688,2.544001,1.949997,1.934213,-0.135742,-0.018941
5704,-0.679688,2.547780,1.949997,1.936481,-0.044922,-0.016220
5705,-0.679688,2.551543,1.949997,1.938738,0.004883,-0.013510
5706,-0.679688,2.555293,1.949997,1.940988,0.020508,-0.010810
5707,-0.488281,2.559029,1.979998,1.828386,-0.071289,-0.181934
5708,-0.488281,2.562748,1.979998,1.830618,-0.090820,-0.179256
5709,-0.488281,2.566455,1.979998,1.832842,-0.085938,-0.176587
5710,-0.488281,2.570146,1.979998,1.835056,-0.041992,-0.173930
5711,-0.488281,2.573823,1.979998,1.837263,-0.113281,-0.171282
5712,-0.488281,2.577486,1.979998,1.839460,-0.094727,-0.168645
5713,-0.488281,2.581133,1.979998,1.841649,-0.108398,-0.166019
5714,-0.488281,2.584766,1.979998,1.843829,-0.069336,-0.163403
5715,-0.488281,2.588384,1.979998,1.845999,-0.099609,-0.160798
5716,-0.488281,2.591989,1.979998,1.848162,-0.045898,-0.158203
5717,-0.488281,2.595578,1.979998,1.850316,-0.158203,-0.155618
5718,-0.488281,2.599152,1.979998,1.852460,-0.071289,-0.153045
5719,-0.488281,2.602712,1.979998,1.854596,-0.107422,-0.150482
5720,-0.488281,2.606256,1.979998,1.856722,-0.064453,-0.147931
5721,-0.488281,2.609786,1.979998,1.858841,-0.168945,-0.145388
5722,-0.488281,2.613302,1.979998,1.860950,-0.050781,-0.142857
5723,-0.488281,2.616802,1.979998,1.863050,-0.100586,-0.140337
5724,-0.488281,2.620288,1.979998,1.865142,-0.165039,-0.137827
5725,-0.488281,2.623759,1.979998,1.867224,-0.043945,-0.135328
5726,-0.488281,2.627214,1.979998,1.869298,-0.111328,-0.132840
5727,-0.488281,2.630656,1.979998,1.871362,-0.119141,-0.130362
5728,-0.488281,2.634081,1.979998,1.873418,-0.107422,-0.127896
5729,-0.488281,2.637493,1.979998,1.875465,-0.150391,-0.125440
5730,-0.488281,2.640890,1.979998,1.877503,-0.124023,-0.122994
5731,-0.488281,2.644270,1.979998,1.879531,-0.099609,-0.120560
5732,-0.488281,2.647637,1.979998,1.881551,-0.155273,-0.118136
5733,-0.289062,2.650987,1.989998,1.764030,-0.155273,-0.271161
5734,-0.289062,2.654324,1.989998,1.766032,-0.125000,-0.268759
5735,-0.289062,2.657646,1.989998,1.768025,-0.120117,-0.266367
5736,-0.289062,2.660951,1.989998,1.770008,-0.146484,-0.263988
5737,-0.289062,2.664243,1.989998,1.771983,-0.102539,-0.261618
5738,-0.289062,2.667518,1.989998,1.773948,-0.083008,-0.259259
5739,-0.289062,2.670779,1.989998,1.775905,-0.094727,-0.256911
5740,-0.289062,2.674025,1.989998,1.777853,-0.202148,-0.254574
5741,-0.289062,2.677255,1.989998,1.779791,-0.123047,-0.252249
5742,-0.289062,2.680471,1.989998,1.781720,-0.233398,-0.249933
5743,-0.289062,2.683670,1.989998,1.783640,-0.183594,-0.247630
5744,-0.289062,2.686856,1.989998,1.785551,-0.155273,-0.245336
5745,-0.289062,2.690026,1.989998,1.787453,-0.206055,-0.243054
5746,-0.289062,2.693179,1.989998,1.789345,-0.137695,-0.240783
5747,-0.289062,2.696319,1.989998,1.791229,-0.289062,-0.238523
5748,-0.289062,2.699443,1.989998,1.793104,-0.198242,-0.236273
5749,-0.289062,2.702551,1.989998,1.794968,-0.270508,-0.234035
5750,-0.289062,2.705645,1.989998,1.796825,-0.228516,-0.231808
5751,-0.289062,2.708722,1.989998,1.798671,-0.243164,-0.229592
5752,-0.289062,2.711785,1.989998,1.800509,-0.250000,-0.227387
5753,-0.289062,2.714833,1.989998,1.802337,-0.139648,-0.225193
5754,-0.289062,2.717864,1.989998,1.804156,-0.196289,-0.223010
5755,-0.289062,2.720881,1.989998,1.805966,-0.193359,-0.220838
5756,-0.289062,2.723881,1.989998,1.807766,-0.205078,-0.218678
5757,-0.289062,2.726867,1.989998,1.809558,-0.208008,-0.216528
5758,-0.289062,2.729838,1.989998,1.811340,-0.219727,-0.214389
5759,-0.078125,2.732791,1.999998,1.686550,-0.243164,-0.376138
5760,-0.078125,2.735731,1.999998,1.688314,-0.205078,-0.374021
5761,-0.078125,2.738654,1.999998,1.690067,-0.193359,-0.371917
5762,-0.078125,2.741563,1.999998,1.691813,-0.125000,-0.369823
5763,-0.078125,2.744455,1.999998,1.693548,-0.220703,-0.367740
5764,-0.078125,2.747332,1.999998,1.695274,-0.218750,-0.365669
5765,-0.078125,2.750194,1.999998,1.696991,-0.212891,-0.363608
5766,-0.078125,2.753040,1.999998,1.698699,-0.167969,-0.361559
5767,-0.078125,2.755869,1.999998,1.700397,-0.286133,-0.359522
5768,-0.078125,2.758684,1.999998,1.702086,-0.253906,-0.357495
5769,-0.078125,2.761483,1.999998,1.703765,-0.167969,-0.355480
5770,-0.078125,2.764266,1.999998,1.705435,-0.285156,-0.353476
5771,-0.078125,2.767035,1.999998,1.707096,-0.189453,-0.351483
5772,-0.078125,2.769786,1.999998,1.708746,-0.299805,-0.349502
5773,-0.078125,2.772522,1.999998,1.710388,-0.189453,-0.347532
5774,-0.078125,2.775242,1.999998,1.712020,-0.307617,-0.345573
5775,-0.078125,2.777947,1.999998,1.713643,-0.280273,-0.343626
5776,-0.078125,2.780637,1.999998,1.715257,-0.226562,-0.341689
5777,-0.078125,2.783309,1.999998,1.716861,-0.305664,-0.339765
5778,-0.078125,2.785967,1.999998,1.718455,-0.270508,-0.337851
5779,-0.078125,2.788608,1.999998,1.720040,-0.328125,-0.335950
5780,-0.078125,2.791234,1.999998,1.721616,-0.228516,-0.334059
5781,-0.078125,2.793845,1.999998,1.723182,-0.251953,-0.332179
5782,-0.078125,2.796439,1.999998,1.724738,-0.259766,-0.330312
5783,-0.078125,2.799017,1.999998,1.726286,-0.288086,-0.328455
5784,0.117188,2.801579,2.009996,1.610635,-0.334961,-0.479234
5785,0.117188,2.804126,2.009996,1.612163,-0.329102,-0.477400
5786,0.117188,2.806657,2.009996,1.613682,-0.330078,-0.475577
5787,0.117188,2.809172,2.009996,1.615191,-0.339844,-0.473767
5788,0.117188,2.811671,2.009996,1.616690,-0.307617,-0.471968
5789,0.117188,2.814154,2.009996,1.618180,-0.213867,-0.470180
5790,0.117188,2.816621,2.009996,1.619660,-0.195312,-0.468404
5791,0.117188,2.819072,2.009996,1.621131,-0.353516,-0.466639
5792,0.117188,2.821507,2.009996,1.622591,-0.271484,-0.464886
5793,0.117188,2.823926,2.009996,1.624043,-0.434570,-0.463144
5794,0.117188,2.826329,2.009996,1.625485,-0.356445,-0.461413
5795,0.117188,2.828716,2.009996,1.626917,-0.432617,-0.459695
5796,0.117188,2.831087,2.009996,1.628340,-0.325195,-0.457988
5797,0.117188,2.833442,2.009996,1.629753,-0.349609,-0.456293
5798,0.117188,2.835781,2.009996,1.631156,-0.350586,-0.454608
5799,0.117188,2.838104,2.009996,1.632550,-0.337891,-0.452936
5800,0.117188,2.840410,2.009996,1.633934,-0.290039,-0.451275
5801,0.117188,2.842701,2.009996,1.635308,-0.316406,-0.449626
5802,0.117188,2.844975,2.009996,1.636673,-0.377930,-0.447989
5803,0.117188,2.847234,2.009996,1.638028,-0.369141,-0.446362
5804,0.117188,2.849476,2.009996,1.639373,-0.365234,-0.444748
5805,0.117188,2.851702,2.009996,1.640709,-0.298828,-0.443145
5806,0.117188,2.853912,2.009996,1.642035,-0.371094,-0.441554
5807,0.117188,2.856106,2.009996,1.643351,-0.233398,-0.439974
5808,0.117188,2.858283,2.009996,1.644657,-0.333008,-0.438407
5809,0.117188,2.860445,2.009996,1.645954,-0.332031,-0.436850
5810,0.328125,2.862589,1.999998,1.520679,-0.359375,-0.575183
5811,0.328125,2.864719,1.999998,1.521956,-0.382812,-0.573650
5812,0.328125,2.866832,1.999998,1.523224,-0.445312,-0.572129
5813,0.328125,2.868927,1.999998,1.524482,-0.409180,-0.570620
5814,0.328125,2.871008,1.999998,1.525730,-0.409180,-0.569122
5815,0.328125,2.873071,1.999998,1.526968,-0.431641,-0.567636
5816,0.328125,2.875119,1.999998,1.528197,-0.375000,-0.566162
5817,0.328125,2.877151,1.999998,1.529415,-0.339844,-0.564699
5818,0.328125,2.879165,1.999998,1.530624,-0.378906,-0.563249
5819,0.328125,2.881164,1.999998,1.531824,-0.430664,-0.561810
5820,0.328125,2.883146,1.999998,1.533013,-0.389648,-0.560382
5821,0.328125,2.885112,1.999998,1.534192,-0.313477,-0.558967
5822,0.328125,2.887062,1.999998,1.535362,-0.381836,-0.557563
5823,0.328125,2.888995,1.999998,1.536522,-0.454102,-0.556171
5824,0.328125,2.890912,1.999998,1.537672,-0.453125,-0.554791
5825,0.328125,2.892812,1.999998,1.538812,-0.414062,-0.553423
5826,0.328125,2.894696,1.999998,1.539943,-0.462891,-0.552066
5827,0.328125,2.896564,1.999998,1.541064,-0.409180,-0.550721
5828,0.328125,2.898415,1.999998,1.542174,-0.445312,-0.549389
5829,0.328125,2.900250,1.999998,1.543275,-0.394531,-0.548067
5830,0.328125,2.902069,1.999998,1.544366,-0.332031,-0.546758
5831,0.328125,2.903871,1.999998,1.545447,-0.399414,-0.545461
5832,0.328125,2.905656,1.999998,1.546519,-0.360352,-0.544175
5833,0.328125,2.907425,1.999998,1.547580,-0.426758,-0.542902
5834,0.328125,2.909178,1.999998,1.548632,-0.440430,-0.541640
5835,0.527344,2.910914,1.989998,1.430142,-0.481445,-0.671827
5836,0.527344,2.912633,1.989998,1.431174,-0.467773,-0.670589
5837,0.527344,2.914336,1.989998,1.432196,-0.387695,-0.669363
5838,0.527344,2.916022,1.989998,1.433207,-0.428711,-0.668149
5839,0.527344,2.917692,1.989998,1.434209,-0.448242,-0.666946
5840,0.527344,2.919346,1.989998,1.435201,-0.454102,-0.665756
5841,0.527344,2.920982,1.989998,1.436183,-0.388672,-0.664578
5842,0.527344,2.922603,1.989998,1.437156,-0.379883,-0.663411
5843,0.527344,2.924206,1.989998,1.438118,-0.446289,-0.662256
5844,0.527344,2.925794,1.989998,1.439070,-0.502930,-0.661113
5845,0.527344,2.927365,1.989998,1.440013,-0.454102,-0.659982
5846,0.527344,2.928918,1.989998,1.440945,-0.419922,-0.658864
5847,0.527344,2.930456,1.989998,1.441867,-0.443359,-0.657757
5848,0.527344,2.931976,1.989998,1.442780,-0.431641,-0.656662
5849,0.527344,2.933481,1.989998,1.443682,-0.421875,-0.655579
5850,0.527344,2.934968,1.989998,1.444575,-0.472656,-0.654508
5851,0.527344,2.936439,1.989998,1.445457,-0.465820,-0.653449
5852,0.527344,2.937893,1.989998,1.446330,-0.491211,-0.652402
5853,0.527344,2.939331,1.989998,1.447192,-0.581055,-0.651367
5854,0.527344,2.940752,1.989998,1.448045,-0.558594,-0.650344
5855,0.527344,2.942156,1.989998,1.448887,-0.497070,-0.649333
5856,0.527344,2.943543,1.989998,1.449720,-0.476562,-0.648334
5857,0.527344,2.944914,1.989998,1.450542,-0.515625,-0.647346
5858,0.527344,2.946269,1.989998,1.451355,-0.556641,-0.646371
5859,0.527344,2.947606,1.989998,1.452157,-0.484375,-0.645409
5860,0.527344,2.948927,1.989998,1.452950,-0.543945,-0.644457
5861,0.726562,2.950231,1.969997,1.334201,-0.484375,-0.762956
5862,0.726562,2.951518,1.969997,1.334973,-0.528320,-0.762029
5863,0.726562,2.952789,1.969997,1.335736,-0.449219,-0.761114
5864,0.726562,2.954042,1.969997,1.336488,-0.458984,-0.760211
5865,0.726562,2.955280,1.969997,1.337230,-0.523438,-0.759320
5866,0.726562,2.956500,1.969997,1.337962,-0.467773,-0.758442
5867,0.726562,2.957704,1.969997,1.338685,-0.461914,-0.757575
5868,0.726562,2.958890,1.969997,1.339397,-0.579102,-0.756721
5869,0.726562,2.960060,1.969997,1.340099,-0.563477,-0.755878
5870,0.726562,2.961214,1.969997,1.340791,-0.524414,-0.755048
5871,0.726562,2.962350,1.969997,1.341473,-0.530273,-0.754230
5872,0.726562,2.963470,1.969997,1.342144,-0.503906,-0.753424
5873,0.726562,2.964573,1.969997,1.342806,-0.508789,-0.752629
5874,0.726562,2.965659,1.969997,1.343458,-0.486328,-0.751848
5875,0.726562,2.966728,1.969997,1.344100,-0.528320,-0.751077
5876,0.726562,2.967781,1.969997,1.344731,-0.436523,-0.750320
5877,0.726562,2.968816,1.969997,1.345352,-0.593750,-0.749574
5878,0.726562,2.969835,1.969997,1.345964,-0.638672,-0.748840
5879,0.726562,2.970837,1.969997,1.346565,-0.587891,-0.748119
5880,0.726562,2.971822,1.969997,1.347156,-0.516602,-0.747410
5881,0.726562,2.972790,1.969997,1.347737,-0.591797,-0.746713
5882,0.726562,2.973742,1.969997,1.348308,-0.556641,-0.746028
5883,0.726562,2.974676,1.969997,1.348868,-0.554688,-0.745355
5884,0.726562,2.975594,1.969997,1.349419,-0.565430,-0.744694
5885,0.726562,2.976495,1.969997,1.349959,-0.578125,-0.744046
5886,0.726562,2.977379,1.969997,1.350490,-0.447266,-0.743409
5887,0.917969,2.978246,1.939997,1.236166,-0.599609,-0.844597
5888,0.917969,2.979096,1.939997,1.236676,-0.608398,-0.843984
5889,0.917969,2.979929,1.939997,1.237176,-0.614258,-0.843385
5890,0.917969,2.980746,1.939997,1.237666,-0.582031,-0.842797
5891,0.917969,2.981545,1.939997,1.238146,-0.583984,-0.842221
5892,0.917969,2.982328,1.939997,1.238616,-0.575195,-0.841657
5893,0.917969,2.983094,1.939997,1.239075,-0.599609,-0.841106
5894,0.917969,2.983843,1.939997,1.239524,-0.585938,-0.840567
5895,0.917969,2.984574,1.939997,1.239963,-0.596680,-0.840040
5896,0.917969,2.985289,1.939997,1.240392,-0.668945,-0.839525
5897,0.917969,2.985987,1.939997,1.240811,-0.593750,-0.839023
5898,0.917969,2.986668,1.939997,1.241220,-0.575195,-0.838532
5899,0.917969,2.987333,1.939997,1.241618,-0.610352,-0.838054
5900,0.917969,2.987980,1.939997,1.242007,-0.636719,-0.837588
5901,0.917969,2.988610,1.939997,1.242385,-0.573242,-0.837134
5902,0.917969,2.989223,1.939997,1.242753,-0.664062,-0.836693
5903,0.917969,2.989820,1.939997,1.243111,-0.718750,-0.836263
5904,0.917969,2.990399,1.939997,1.243458,-0.656250,-0.835846
5905,0.917969,2.990962,1.939997,1.243796,-0.636719,-0.835441
5906,0.917969,2.991508,1.939997,1.244123,-0.575195,-0.835048
5907,0.917969,2.992036,1.939997,1.244440,-0.518555,-0.834668
5908,0.917969,2.992548,1.939997,1.244747,-0.625000,-0.834299
5909,0.917969,2.993042,1.939997,1.245044,-0.620117,-0.833943
5910,0.917969,2.993520,1.939997,1.245331,-0.697266,-0.833599
5911,0.917969,2.993981,1.939997,1.245607,-0.657227,-0.833267
5912,1.109375,2.994425,1.899998,1.131030,-0.679688,-0.922761
5913,1.109375,2.994851,1.899998,1.131286,-0.612305,-0.922454
5914,1.109375,2.995261,1.899998,1.131532,-0.617188,-0.922159
5915,1.109375,2.995654,1.899998,1.131767,-0.639648,-0.921876
5916,1.109375,2.996030,1.899998,1.131993,-0.617188,-0.921606
5917,1.109375,2.996389,1.899998,1.132208,-0.705078,-0.921347
5918,1.109375,2.996731,1.899998,1.132413,-0.634766,-0.921101
5919,1.109375,2.997056,1.899998,1.132608,-0.582031,-0.920867
5920,1.109375,2.997363,1.899998,1.132793,-0.658203,-0.920646
5921,1.109375,2.997654,1.899998,1.132968,-0.573242,-0.920436
5922,1.109375,2.997928,1.899998,1.133132,-0.685547,-0.920239
5923,1.109375,2.998185,1.899998,1.133286,-0.643555,-0.920054
5924,1.109375,2.998425,1.899998,1.133430,-0.672852,-0.919881
5925,1.109375,2.998648,1.899998,1.133564,-0.622070,-0.919721
5926,1.109375,2.998854,1.899998,1.133687,-0.657227,-0.919573
5927,1.109375,2.999043,1.899998,1.133801,-0.738281,-0.919436
5928,1.109375,2.999215,1.899998,1.133904,-0.624023,-0.919313
5929,1.109375,2.999370,1.899998,1.133997,-0.685547,-0.919201
5930,1.109375,2.999507,1.899998,1.134079,-0.715820,-0.919102
5931,1.109375,2.999629,1.899998,1.134152,-0.689453,-0.919015
5932,1.109375,2.999732,1.899998,1.134214,-0.718750,-0.918940
5933,1.109375,2.999819,1.899998,1.134267,-0.599609,-0.918877
5934,1.109375,2.999889,1.899998,1.134309,-0.647461,-0.918827
5935,1.109375,2.999942,1.899998,1.134340,-0.705078,-0.918789
5936,1.109375,2.999978,1.899998,1.134362,-0.756836,-0.918763
5937,1.109375,2.999997,1.899998,1.134373,-0.688477,-0.918750
5938,1.296875,2.999999,1.859997,1.021874,-0.586914,-1.005747
5939,1.296875,2.999984,1.859997,1.021865,-0.711914,-1.005758
5940,1.296875,2.999951,1.859997,1.021846,-0.697266,-1.005781
5941,1.296875,2.999902,1.859997,1.021816,-0.688477,-1.005817
5942,1.296875,2.999836,1.859997,1.021777,-0.679688,-1.005864
5943,1.296875,2.999753,1.859997,1.021727,-0.686523,-1.005924
5944,1.296875,2.999653,1.859997,1.021667,-0.694336,-1.005996
5945,1.296875,2.999536,1.859997,1.021596,-0.667969,-1.006081
5946,1.296875,2.999402,1.859997,1.021516,-0.773438,-1.006177
5947,1.296875,2.999250,1.859997,1.021425,-0.683594,-1.006286
5948,1.296875,2.999082,1.859997,1.021324,-0.680664,-1.006407
5949,1.296875,2.998897,1.859997,1.021213,-0.750977,-1.006540
5950,1.296875,2.998695,1.859997,1.021092,-0.669922,-1.006686
5951,1.296875,2.998476,1.859997,1.020960,-0.647461,-1.006844
5952,1.296875,2.998240,1.859997,1.020819,-0.647461,-1.007014
5953,1.296875,2.997986,1.859997,1.020667,-0.786133,-1.007196
5954,1.296875,2.997716,1.859997,1.020505,-0.746094,-1.007391
5955,1.296875,2.997429,1.859997,1.020332,-0.721680,-1.007597
5956,1.296875,2.997125,1.859997,1.020150,-0.626953,-1.007816
5957,1.296875,2.996804,1.859997,1.019957,-0.808594,-1.008048
5958,1.296875,2.996465,1.859997,1.019754,-0.761719,-1.008291
5959,1.296875,2.996110,1.859997,1.019541,-0.751953,-1.008547
5960,1.296875,2.995738,1.859997,1.019318,-0.816406,-1.008815
5961,1.296875,2.995349,1.859997,1.019085,-0.762695,-1.009095
5962,1.296875,2.994943,1.859997,1.018841,-0.732422,-1.009387
5963,1.488281,2.994520,1.809998,0.903743,-0.722656,-1.087505
5964,1.488281,2.994080,1.809998,0.903479,-0.756836,-1.087822
5965,1.488281,2.993623,1.809998,0.903205,-0.772461,-1.088151
5966,1.488281,2.993149,1.809998,0.902921,-0.804688,-1.088492
5967,1.488281,2.992658,1.809998,0.902626,-0.790039,-1.088846
5968,1.488281,2.992150,1.809998,0.902321,-0.662109,-1.089211
5969,1.488281,2.991625,1.809998,0.902006,-0.731445,-1.089589
5970,1.488281,2.991083,1.809998,0.901681,-0.738281,-1.089980
5971,1.488281,2.990525,1.809998,0.901346,-0.793945,-1.090382
5972,1.488281,2.989949,1.809998,0.901001,-0.707031,-1.090796
5973,1.488281,2.989356,1.809998,0.900645,-0.851562,-1.091223
5974,1.488281,2.988747,1.809998,0.900279,-0.746094,-1.091662
5975,1.488281,2.988120,1.809998,0.899903,-0.814453,-1.092113
5976,1.488281,2.987476,1.809998,0.899517,-0.794922,-1.092577
5977,1.488281,2.986816,1.809998,0.899121,-0.776367,-1.093052
5978,1.488281,2.986139,1.809998,0.898715,-0.777344,-1.093540
5979,1.488281,2.985445,1.809998,0.898298,-0.813477,-1.094039
5980,1.488281,2.984733,1.809998,0.897871,-0.832031,-1.094552
5981,1.488281,2.984005,1.809998,0.897434,-0.796875,-1.095076
5982,1.488281,2.983260,1.809998,0.896987,-0.854492,-1.095612
5983,1.488281,2.982498,1.809998,0.896530,-0.866211,-1.096161
5984,1.488281,2.981719,1.809998,0.896063,-0.785156,-1.096722
5985,1.488281,2.980923,1.809998,0.895585,-0.783203,-1.097295
5986,1.488281,2.980111,1.809998,0.895098,-0.824219,-1.097880
5987,1.488281,2.979281,1.809998,0.894600,-0.906250,-1.098477
5988,1.488281,2.978435,1.809998,0.894092,-0.811523,-1.099087
5989,1.667969,2.977571,1.759998,0.785762,-0.842773,-1.169084
5990,1.667969,2.976691,1.759998,0.785233,-0.873047,-1.169718
5991,1.667969,2.975794,1.759998,0.784695,-0.830078,-1.170364
5992,1.667969,2.974880,1.759998,0.784147,-0.737305,-1.171022
5993,1.667969,2.973949,1.759998,0.783588,-0.917969,-1.171692
5994,1.667969,2.973001,1.759998,0.783020,-0.802734,-1.172374
5995,1.667969,2.972037,1.759998,0.782441,-0.793945,-1.173069
5996,1.667969,2.971055,1.759998,0.781852,-0.843750,-1.173776
5997,1.667969,2.970057,1.759998,0.781253,-0.765625,-1.174494
5998,1.667969,2.969042,1.759998,0.780644,-0.799805,-1.175225
5999,1.667969,2.968010,1.759998,0.780025,-0.785156,-1.175968
6000,1.667969,2.966961,1.759998,0.779396,-0.901367,-1.176723
6001,1.667969,2.965896,1.759998,0.778756,-0.807617,-1.177491
6002,1.667969,2.964813,1.759998,0.778107,-0.832031,-1.178270
6003,1.667969,2.963714,1.759998,0.777447,-0.822266,-1.179061
6004,1.667969,2.962598,1.759998,0.776778,-0.781250,-1.179865
6005,1.667969,2.961466,1.759998,0.776098,-0.849609,-1.180680
6006,1.667969,2.960316,1.759998,0.775408,-0.882812,-1.181508
6007,1.667969,2.959150,1.759998,0.774709,-0.868164,-1.182348
6008,1.667969,2.957966,1.759998,0.773999,-0.852539,-1.183200
6009,1.667969,2.956766,1.759998,0.773279,-0.916016,-1.184064
6010,1.667969,2.955550,1.759998,0.772549,-0.835938,-1.184940
6011,1.667969,2.954316,1.759998,0.771809,-0.811523,-1.185828
6012,1.667969,2.953067,1.759998,0.771059,-0.786133,-1.186728
6013,1.667969,2.951799,1.759998,0.770298,-0.841797,-1.187640
6014,1.667969,2.950516,1.759998,0.769528,-0.840820,-1.188564
6015,1.839844,2.949216,1.699997,0.665623,-0.984375,-1.241249
6016,1.839844,2.947898,1.699997,0.664833,-0.838867,-1.242197
6017,1.839844,2.946564,1.699997,0.664032,-0.821289,-1.243158
6018,1.839844,2.945214,1.699997,0.663222,-0.993164,-1.244130
6019,1.839844,2.943847,1.699997,0.662402,-0.826172,-1.245114
6020,1.839844,2.942463,1.699997,0.661572,-0.879883,-1.246110
6021,1.839844,2.941062,1.699997,0.660731,-0.930664,-1.247119
6022,1.839844,2.939645,1.699997,0.659881,-0.984375,-1.248140
6023,1.839844,2.938211,1.699997,0.659021,-0.963867,-1.249172
6024,1.839844,2.936761,1.699997,0.658150,-0.894531,-1.250216
6025,1.839844,2.935294,1.699997,0.657270,-0.929688,-1.251272
6026,1.839844,2.933810,1.699997,0.656380,-0.827148,-1.252341
6027,1.839844,2.932309,1.699997,0.655479,-0.861328,-1.253421
6028,1.839844,2.930792,1.699997,0.654569,-0.992188,-1.254513
6029,1.839844,2.929258,1.699997,0.653649,-0.863281,-1.255618
6030,1.839844,2.927708,1.699997,0.652719,-0.916992,-1.256734
6031,1.839844,2.926141,1.699997,0.651779,-0.942383,-1.257862
6032,1.839844,2.924557,1.699997,0.650828,-0.955078,-1.259002
6033,1.839844,2.922958,1.699997,0.649868,-0.908203,-1.260154
6034,1.839844,2.921341,1.699997,0.648898,-0.928711,-1.261318
6035,1.839844,2.919708,1.699997,0.647919,-0.932617,-1.262494
6036,1.839844,2.918058,1.699997,0.646929,-0.984375,-1.263682
6037,1.839844,2.916391,1.699997,0.645929,-0.947266,-1.264882
6038,1.839844,2.914709,1.699997,0.644919,-0.922852,-1.266093
6039,1.839844,2.913010,1.699997,0.643900,-0.916992,-1.267317
6040,2.007812,2.911293,1.629997,0.542089,-1.042969,-1.305490
6041,2.007812,2.909561,1.629997,0.541049,-0.937500,-1.306738
6042,2.007812,2.907812,1.629997,0.540000,-1.019531,-1.307997
6043,2.007812,2.906047,1.629997,0.538941,-0.991211,-1.309268
6044,2.007812,2.904265,1.629997,0.537872,-0.894531,-1.310551
6045,2.007812,2.902467,1.629997,0.536793,-0.947266,-1.311846
6046,2.007812,2.900652,1.629997,0.535704,-0.925781,-1.313152
6047,2.007812,2.898821,1.629997,0.534605,-0.911133,-1.314471
6048,2.007812,2.896974,1.629997,0.533497,-0.942383,-1.315801
6049,2.007812,2.895109,1.629997,0.532378,-0.969727,-1.317143
6050,2.007812,2.893229,1.629997,0.531250,-0.924805,-1.318497
6051,2.007812,2.891332,1.629997,0.530112,-0.894531,-1.319863
6052,2.007812,2.889419,1.629997,0.528964,-0.842773,-1.321240
6053,2.007812,2.887489,1.629997,0.527806,-0.904297,-1.322629
6054,2.007812,2.885543,1.629997,0.526638,-0.853516,-1.324031
6055,2.007812,2.883580,1.629997,0.525461,-0.974609,-1.325444
6056,2.007812,2.881602,1.629997,0.524274,-0.942383,-1.326868
6057,2.007812,2.879607,1.629997,0.523077,-1.001953,-1.328305
6058,2.007812,2.877596,1.629997,0.521870,-0.843750,-1.329753
6059,2.007812,2.875568,1.629997,0.520653,-1.015625,-1.331213
6060,2.007812,2.873524,1.629997,0.519427,-1.000977,-1.332685
6061,2.007812,2.871464,1.629997,0.518191,-0.975586,-1.334168
6062,2.007812,2.869387,1.629997,0.516945,-0.951172,-1.335663
6063,2.007812,2.867294,1.629997,0.515689,-0.944336,-1.337170
6064,2.007812,2.865185,1.629997,0.514424,-1.079102,-1.338688
6065,2.007812,2.863060,1.629997,0.513148,-1.020508,-1.340219
6066,2.167969,2.860919,1.559998,0.415770,-1.019531,-1.373073
6067,2.167969,2.858761,1.559998,0.414475,-0.906250,-1.374627
6068,2.167969,2.856586,1.559998,0.413170,-0.888672,-1.376193
6069,2.167969,2.854397,1.559998,0.411857,-1.005859,-1.377769
6070,2.167969,2.852190,1.559998,0.410533,-0.959961,-1.379358
6071,2.167969,2.849968,1.559998,0.409200,-0.974609,-1.380958
6072,2.167969,2.847729,1.559998,0.407856,-0.987305,-1.382570
6073,2.167969,2.845474,1.559998,0.406503,-0.970703,-1.384194
6074,2.167969,2.843204,1.559998,0.405141,-1.005859,-1.385828
6075,2.167969,2.840916,1.559998,0.403768,-1.085938,-1.387475
6076,2.167969,2.838614,1.559998,0.402387,-1.080078,-1.389133
6077,2.167969,2.836294,1.559998,0.400995,-1.033203,-1.390803
6078,2.167969,2.833958,1.559998,0.399594,-1.016602,-1.392485
6079,2.167969,2.831607,1.559998,0.398183,-0.989258,-1.394177
6080,2.167969,2.829239,1.559998,0.396762,-1.044922,-1.395882
6081,2.167969,2.826856,1.559998,0.395332,-1.037109,-1.397599
6082,2.167969,2.824457,1.559998,0.393893,-0.973633,-1.399326
6083,2.167969,2.822041,1.559998,0.392443,-1.015625,-1.401065
6084,2.167969,2.819610,1.559998,0.390985,-0.957031,-1.402816
6085,2.167969,2.817162,1.559998,0.389516,-0.953125,-1.404578
6086,2.167969,2.814698,1.559998,0.388038,-1.041992,-1.406352
6087,2.167969,2.812219,1.559998,0.386550,-1.052734,-1.408137
6088,2.167969,2.809724,1.559998,0.385053,-1.063477,-1.409934
6089,2.167969,2.807213,1.559998,0.383546,-1.100586,-1.411741
6090,2.167969,2.804685,1.559998,0.382030,-0.961914,-1.413561
6091,2.316406,2.802142,1.479998,0.291441,-1.055664,-1.426268
6092,2.316406,2.799583,1.479998,0.289906,-1.056641,-1.428110
6093,2.316406,2.797008,1.479998,0.288361,-1.022461,-1.429964
6094,2.316406,2.794418,1.479998,0.286807,-1.035156,-1.431829
6095,2.316406,2.791811,1.479998,0.285243,-1.049805,-1.433706
6096,2.316406,2.789188,1.479998,0.283669,-0.972656,-1.435594
6097,2.316406,2.786551,1.479998,0.282087,-0.992188,-1.437493
6098,2.316406,2.783896,1.479998,0.280494,-1.074219,-1.439405
6099,2.316406,2.781227,1.479998,0.278893,-1.076172,-1.441326
6100,2.316406,2.778541,1.479998,0.277281,-0.990234,-1.443260
6101,2.316406,2.775839,1.479998,0.275660,-1.056641,-1.445205
6102,2.316406,2.773123,1.479998,0.274030,-1.060547,-1.447161
6103,2.316406,2.770390,1.479998,0.272390,-0.933594,-1.449129
6104,2.316406,2.767641,1.479998,0.270741,-0.969727,-1.451108
6105,2.316406,2.764877,1.479998,0.269083,-0.992188,-1.453098
6106,2.316406,2.762097,1.479998,0.267414,-0.922852,-1.455100
6107,2.316406,2.759302,1.479998,0.265738,-1.103516,-1.457112
6108,2.316406,2.756491,1.479998,0.264051,-1.075195,-1.459136
6109,2.316406,2.753664,1.479998,0.262354,-1.049805,-1.461172
6110,2.316406,2.750822,1.479998,0.260649,-1.071289,-1.463218
6111,2.316406,2.747963,1.479998,0.258934,-1.055664,-1.465276
6112,2.316406,2.745090,1.479998,0.257211,-1.000977,-1.467345
6113,2.316406,2.742201,1.479998,0.255477,-1.008789,-1.469425
6114,2.316406,2.739296,1.479998,0.253734,-1.046875,-1.471517
6115,2.316406,2.736376,1.479998,0.251982,-1.042969,-1.473619
6116,2.316406,2.733440,1.479998,0.250221,-1.041992,-1.475733
6117,2.457031,2.730490,1.389997,0.164075,-1.118164,-1.471107
6118,2.457031,2.727523,1.389997,0.162295,-1.153320,-1.473243
6119,2.457031,2.724540,1.389997,0.160505,-1.000977,-1.475391
6120,2.457031,2.721543,1.389997,0.158707,-1.157227,-1.477548
6121,2.457031,2.718530,1.389997,0.156899,-1.061523,-1.479718
6122,2.457031,2.715501,1.389997,0.155082,-1.017578,-1.481899
6123,2.457031,2.712458,1.389997,0.153256,-1.057617,-1.484090
6124,2.457031,2.709398,1.389997,0.151420,-0.977539,-1.486293
6125,2.457031,2.706324,1.389997,0.149576,-1.064453,-1.488506
6126,2.457031,2.703234,1.389997,0.147722,-1.074219,-1.490731
6127,2.457031,2.700128,1.389997,0.145858,-1.044922,-1.492967
6128,2.457031,2.697009,1.389997,0.143986,-1.148438,-1.495213
6129,2.457031,2.693872,1.389997,0.142105,-1.129883,-1.497471
6130,2.457031,2.690722,1.389997,0.140214,-1.030273,-1.499740
6131,2.457031,2.687555,1.389997,0.138314,-1.036133,-1.502020
6132,2.457031,2.684373,1.389997,0.136405,-1.113281,-1.504311
6133,2.457031,2.681177,1.389997,0.134488,-1.082031,-1.506612
6134,2.457031,2.677964,1.389997,0.132560,-1.088867,-1.508925
6135,2.457031,2.674738,1.389997,0.130624,-1.163086,-1.511248
